Reading_ID,Timestamp,Timestamp_clean,Date,Time,Day,Sensor_ID,Field_Zone,Soil_Moisture,Soil_Temp,Air_Temp,Humidity,Light_Lux,Battery_Level,Battery_Level_Status,Rainfall_mm,Irrigation_On
1,2026-05-01T00:00:00,2026-05-01 00:00:00,2026-05-01,00:00:00,Friday,SN-A01,Zone A,69.0,24.8,,54.4,0.0,99.1,Numeric,0.0,False
2,2026-05-01T00:00:00,2026-05-01 00:00:00,2026-05-01,00:00:00,Friday,SN-A02,Zone A,67.8,23.2,28.6,54.4,0.0,99.2,Numeric,0.0,False
3,2026-05-01T00:00:00,2026-05-01 00:00:00,2026-05-01,00:00:00,Friday,SN-A03,Zone A,67.5,23.2,28.6,54.4,0.0,99.1,Numeric,0.0,False
4,2026-05-01T00:00:00,2026-05-01 00:00:00,2026-05-01,00:00:00,Friday,SN-B01,Zone B,62.1,23.7,27.3,50.9,94.0,99.0,Numeric,0.0,False
5,2026-05-01T00:00:00,2026-05-01 00:00:00,2026-05-01,00:00:00,Friday,SN-B02,Zone B,62.2,24.9,27.3,50.9,94.0,98.9,Numeric,0.0,False
6,2026-05-01T00:00:00,2026-05-01 00:00:00,2026-05-01,00:00:00,Friday,SN-B03,Zone B,,25.2,27.3,50.9,94.0,98.7,Numeric,0.0,False
7,2026-05-01T00:00:00,2026-05-01 00:00:00,2026-05-01,00:00:00,Friday,SN-C01,Zone C,38.2,22.9,27.2,62.4,0.0,98.7,Numeric,0.0,False
8,2026-05-01T00:00:00,2026-05-01 00:00:00,2026-05-01,00:00:00,Friday,SN-C02,Zone C,36.0,22.0,27.2,,0.0,98.9,Numeric,0.0,False
9,2026-05-01T00:00:00,2026-05-01 00:00:00,2026-05-01,00:00:00,Friday,SN-C03,Zone C,39.6,24.0,27.2,62.4,0.0,98.7,Numeric,0.0,False
10,2026-05-01T00:00:00,2026-05-01 00:00:00,2026-05-01,00:00:00,Friday,SN-D01,Zone D,71.8,22.83333333333333,27.61111111111111,49.1,0.0,99.0,Numeric,0.0,False
11,2026-05-01T00:00:00,2026-05-01 00:00:00,2026-05-01,00:00:00,Friday,SN-D02,Zone D,71.0,25.555555555555557,27.61111111111111,49.1,0.0,99.2,Numeric,0.0,False
12,2026-05-01T00:00:00,2026-05-01 00:00:00,2026-05-01,00:00:00,Friday,SN-D03,Zone D,73.4,25.5,27.6,49.1,0.0,98.8,Numeric,0.0,False
13,2026-05-01T04:00:00,2026-05-01 04:00:00,2026-05-01,04:00:00,Friday,SN-A01,Zone A,76.4,21.9,25.9,58.8,0.0,98.3,Numeric,0.0,True
14,2026-05-01T04:00:00,2026-05-01 04:00:00,2026-05-01,04:00:00,Friday,SN-A02,Zone A,76.4,22.3,25.9,58.8,0.0,98.2,Numeric,0.0,
15,2026-05-01T04:00:00,2026-05-01 04:00:00,2026-05-01,04:00:00,Friday,SN-A03,Zone A,,22.2,25.9,58.8,0.0,98.1,Numeric,,True
16,2026-05-01T04:00:00,2026-05-01 04:00:00,2026-05-01,04:00:00,Friday,SN-B01,Zone B,68.6,25.0,28.4,63.6,6.0,98.0,Numeric,0.0,True
17,2026-05-01T04:00:00,2026-05-01 04:00:00,2026-05-01,04:00:00,Friday,SN-B02,Zone B,70.7,25.5,28.4,63.6,6.0,97.6,Numeric,0.0,
18,2026-05-01T04:00:00,2026-05-01 04:00:00,2026-05-01,04:00:00,Friday,SN-B03,Zone B,70.4,26.1,28.4,63.6,,97.5,Numeric,0.0,True
19,2026-05-01T04:00:00,2026-05-01 04:00:00,2026-05-01,04:00:00,Friday,SN-C01,Zone C,45.6,21.3,26.5,54.1,0.0,97.8,Numeric,0.0,True
20,2026-05-01T04:00:00,2026-05-01 04:00:00,2026-05-01,04:00:00,Friday,SN-C02,Zone C,44.6,21.1,26.5,54.1,0.0,97.8,Numeric,0.0,True
21,2026-05-01T04:00:00,2026-05-01 04:00:00,2026-05-01,04:00:00,Friday,SN-C03,Zone C,42.1,21.6,26.5,54.1,0.0,97.8,Numeric,0.0,True
22,2026-05-01T04:00:00,2026-05-01 04:00:00,2026-05-01,04:00:00,Friday,SN-D01,Zone D,82.7,21.27777777777778,26.999999999999996,61.9,0.0,98.1,Numeric,0.0,True
23,2026-05-01T04:00:00,2026-05-01 04:00:00,2026-05-01,04:00:00,Friday,SN-D02,Zone D,80.7,24.0,26.999999999999996,61.9,0.0,98.2,Numeric,0.0,True
24,,,,,,SN-D03,Zone D,80.9,25.2,27.0,61.9,,97.9,Numeric,0.0,True
25,2026-05-01T08:00:00,2026-05-01 08:00:00,2026-05-01,08:00:00,Friday,SN-A01,Zone A,70.9,27.4,31.0,45.3,29380.0,97.3,Numeric,0.0,False
26,2026-05-01T08:00:00,2026-05-01 08:00:00,2026-05-01,08:00:00,Friday,SN-A02,Zone A,,28.5,31.0,45.3,29380.0,96.9,Numeric,0.0,False
27,2026-05-01T08:00:00,2026-05-01 08:00:00,2026-05-01,08:00:00,Friday,SN-A03,Zone A,73.3,28.0,31.0,45.3,29380.0,97.0,Numeric,0.0,False
28,2026-05-01T08:00:00,2026-05-01 08:00:00,2026-05-01,08:00:00,Friday,SN-B01,Zone B,66.6,32.2,34.0,40.1,29502.0,96.8,Numeric,0.0,False
29,2026-05-01T08:00:00,2026-05-01 08:00:00,2026-05-01,08:00:00,Friday,SN-B02,Zone B,67.7,,34.0,40.1,29502.0,,Non-Numeric,0.0,False
30,2026-05-01T08:00:00,2026-05-01 08:00:00,2026-05-01,08:00:00,Friday,SN-B03,Zone B,69.7,31.9,34.0,40.1,29502.0,96.6,Numeric,0.0,False
31,2026-05-01T08:00:00,2026-05-01 08:00:00,2026-05-01,08:00:00,Friday,SN-C01,Zone C,44.1,27.3,31.7,48.1,26764.0,96.6,Numeric,0.0,False
32,2026-05-01T08:00:00,2026-05-01 08:00:00,2026-05-01,08:00:00,Friday,SN-C02,Zone C,44.3,27.0,31.7,48.1,26764.0,96.8,Numeric,0.0,False
33,2026-05-01T08:00:00,2026-05-01 08:00:00,2026-05-01,08:00:00,Friday,SN-C03,Zone C,41.0,27.5,31.7,48.1,26764.0,96.7,Numeric,0.0,False
34,2026-05-01T08:00:00,2026-05-01 08:00:00,2026-05-01,08:00:00,Friday,SN-D01,Zone D,79.1,31.72222222222222,36.55555555555556,47.5,25901.0,97.3,Numeric,0.0,False
35,2026-05-01T08:00:00,2026-05-01 08:00:00,2026-05-01,08:00:00,Friday,SN-D02,Zone D,,,,,,,Numeric,,
36,2026-05-01T08:00:00,2026-05-01 08:00:00,2026-05-01,08:00:00,Friday,SN-D03,Zone D,78.1,32.0,36.5,47.5,25901.0,97.0,Numeric,0.0,False
37,2026-05-01T12:00:00,2026-05-01 12:00:00,2026-05-01,12:00:00,Friday,SN-A01,Zone A,69.4,35.1,40.9,25.6,98595.0,96.1,Numeric,0.0,False
38,,,,,,SN-A02,Zone A,69.1,35.8,40.9,25.6,98595.0,95.7,Numeric,0.0,False
39,2026-05-01T12:00:00,2026-05-01 12:00:00,2026-05-01,12:00:00,Friday,SN-A03,Zone A,70.9,37.2,40.9,25.6,98595.0,95.9,Numeric,0.0,False
40,2026-05-01T12:00:00,2026-05-01 12:00:00,2026-05-01,12:00:00,Friday,SN-B01,Zone B,63.5,38.3,42.8,23.7,91682.0,95.9,Numeric,0.0,False
41,2026-05-01T12:00:00,2026-05-01 12:00:00,2026-05-01,12:00:00,Friday,SN-B02,Zone B,64.4,40.8,42.8,23.7,91682.0,95.8,Numeric,0.0,False
42,2026-05-01T12:00:00,2026-05-01 12:00:00,2026-05-01,12:00:00,Friday,SN-B03,Zone B,66.4,39.1,42.8,23.7,91682.0,95.5,Numeric,0.0,False
43,2026-05-01T12:00:00,2026-05-01 12:00:00,2026-05-01,12:00:00,Friday,SN-C01,Zone C,41.3,38.1,42.1,22.4,96567.0,95.3,Numeric,0.0,False
44,2026-05-01T12:00:00,2026-05-01 12:00:00,2026-05-01,12:00:00,Friday,SN-C02,Zone C,44.8,38.9,42.1,22.4,,95.8,Numeric,0.0,False
45,2026-05-01T12:00:00,2026-05-01 12:00:00,2026-05-01,12:00:00,Friday,SN-C03,Zone C,41.7,40.2,42.1,22.4,96567.0,95.8,Numeric,0.0,False
46,2026-05-01T12:00:00,2026-05-01 12:00:00,2026-05-01,12:00:00,Friday,SN-D01,Zone D,75.3,40.77777777777778,42.5,20.0,108239.0,96.2,Numeric,0.0,False
47,2026-05-01T12:00:00,2026-05-01 12:00:00,2026-05-01,12:00:00,Friday,SN-D02,Zone D,73.8,39.22222222222222,42.5,,108239.0,96.0,Numeric,0.0,False
48,2026-05-01T12:00:00,2026-05-01 12:00:00,2026-05-01,12:00:00,Friday,SN-D03,Zone D,73.5,38.6,42.5,20.0,108239.0,96.1,Numeric,0.0,False
49,2026-05-01T16:00:00,2026-05-01 16:00:00,2026-05-01,16:00:00,Friday,SN-A01,Zone A,76.1,38.5,43.1,22.3,62393.0,95.0,Numeric,0.0,True
50,2026-05-01T16:00:00,2026-05-01 16:00:00,2026-05-01,16:00:00,Friday,SN-A02,Zone A,75.6,39.0,43.1,22.3,62393.0,94.6,Numeric,0.0,True
51,2026-05-01T16:00:00,2026-05-01 16:00:00,2026-05-01,16:00:00,Friday,SN-A03,Zone A,77.5,37.3,43.1,22.3,62393.0,94.9,Numeric,0.0,True
52,2026-05-01T16:00:00,2026-05-01 16:00:00,2026-05-01,16:00:00,Friday,SN-B01,Zone B,70.5,37.3,41.3,31.5,51280.0,94.7,Numeric,0.0,True
53,2026-05-01T16:00:00,2026-05-01 16:00:00,2026-05-01,16:00:00,Friday,SN-B02,Zone B,70.5,35.8,41.3,31.5,51280.0,94.6,Numeric,0.0,True
54,2026-05-01T16:00:00,2026-05-01 16:00:00,2026-05-01,16:00:00,Friday,SN-B03,Zone B,70.1,36.9,41.3,31.5,51280.0,94.2,Numeric,0.0,True
55,2026-05-01T16:00:00,2026-05-01 16:00:00,2026-05-01,16:00:00,Friday,SN-C01,Zone C,,,40.7,,64393.0,94.1,Numeric,0.0,True
56,2026-05-01T16:00:00,2026-05-01 16:00:00,2026-05-01,16:00:00,Friday,SN-C02,Zone C,47.1,38.8,40.7,32.4,64393.0,95.0,Numeric,0.0,True
57,2026-05-01T16:00:00,2026-05-01 16:00:00,2026-05-01,16:00:00,Friday,SN-C03,Zone C,,36.8,40.7,32.4,64393.0,94.8,Numeric,0.0,True
58,2026-05-01T16:00:00,2026-05-01 16:00:00,2026-05-01,16:00:00,Friday,SN-D01,Zone D,81.5,40.166666666666664,41.888888888888886,25.2,60889.0,95.1,Numeric,0.0,True
59,2026-05-01T16:00:00,2026-05-01 16:00:00,2026-05-01,16:00:00,Friday,SN-D02,Zone D,79.4,39.833333333333336,41.888888888888886,25.2,60889.0,95.1,Numeric,0.0,True
60,2026-05-01T16:00:00,2026-05-01 16:00:00,2026-05-01,16:00:00,Friday,SN-D03,Zone D,81.3,36.1,41.9,25.2,60889.0,95.3,Numeric,,True
61,2026-05-01T20:00:00,2026-05-01 20:00:00,2026-05-01,20:00:00,Friday,SN-A01,Zone A,77.0,30.1,34.1,39.1,0.0,93.8,Numeric,0.0,False
62,2026-05-01T20:00:00,2026-05-01 20:00:00,2026-05-01,20:00:00,Friday,SN-A02,Zone A,73.7,32.2,34.1,39.1,0.0,93.8,Numeric,0.0,False
63,2026-05-01T20:00:00,2026-05-01 20:00:00,2026-05-01,20:00:00,Friday,SN-A03,Zone A,72.7,31.0,34.1,39.1,0.0,93.8,Numeric,0.0,False
64,,,,,,SN-B01,Zone B,68.9,30.2,34.5,40.9,440.0,93.6,Numeric,0.0,False
65,2026-05-01T20:00:00,2026-05-01 20:00:00,2026-05-01,20:00:00,Friday,SN-B02,Zone B,68.4,32.0,34.5,40.9,440.0,93.6,Numeric,0.0,False
66,2026-05-01T20:00:00,2026-05-01 20:00:00,2026-05-01,20:00:00,Friday,SN-B03,Zone B,67.6,30.9,34.5,40.9,440.0,93.3,Numeric,0.0,False
67,2026-05-01T20:00:00,2026-05-01 20:00:00,2026-05-01,20:00:00,Friday,SN-C01,Zone C,,28.7,33.9,37.6,804.0,93.2,Numeric,0.0,False
68,2026-05-01T20:00:00,2026-05-01 20:00:00,2026-05-01,20:00:00,Friday,SN-C02,Zone C,,29.9,33.9,37.6,804.0,94.1,Numeric,0.0,False
69,2026-05-01T20:00:00,2026-05-01 20:00:00,2026-05-01,20:00:00,Friday,SN-C03,Zone C,,29.8,33.9,37.6,804.0,93.8,Numeric,0.0,False
70,2026-05-01T20:00:00,2026-05-01 20:00:00,2026-05-01,20:00:00,Friday,SN-D01,Zone D,74.9,30.333333333333332,34.388888888888886,33.1,977.0,93.9,Numeric,0.0,False
71,2026-05-01T20:00:00,2026-05-01 20:00:00,2026-05-01,20:00:00,Friday,SN-D02,Zone D,75.7,29.61111111111111,34.388888888888886,33.1,977.0,94.3,Numeric,0.0,False
72,2026-05-01T20:00:00,2026-05-01 20:00:00,2026-05-01,20:00:00,Friday,SN-D03,Zone D,76.6,30.2,34.4,33.1,977.0,94.0,Numeric,0.0,False
73,2026-05-02T00:00:00,2026-05-02 00:00:00,2026-05-02,00:00:00,Saturday,SN-A01,Zone A,75.5,24.9,28.2,57.1,318.0,92.8,Numeric,0.0,False
74,2026-05-02T00:00:00,2026-05-02 00:00:00,2026-05-02,00:00:00,Saturday,SN-A02,Zone A,71.2,24.8,28.2,57.1,318.0,92.7,Numeric,0.0,False
75,2026-05-02T00:00:00,2026-05-02 00:00:00,2026-05-02,00:00:00,Saturday,SN-A03,Zone A,70.4,26.1,28.2,57.1,318.0,92.8,Numeric,0.0,False
76,2026-05-02T00:00:00,2026-05-02 00:00:00,2026-05-02,00:00:00,Saturday,SN-B01,Zone B,62.2,27.1,29.8,51.1,206.0,92.8,Numeric,0.0,False
77,2026-05-02T00:00:00,2026-05-02 00:00:00,2026-05-02,00:00:00,Saturday,SN-B02,Zone B,67.2,26.1,29.8,51.1,206.0,92.4,Numeric,0.0,False
78,2026-05-02T00:00:00,2026-05-02 00:00:00,2026-05-02,00:00:00,Saturday,SN-B03,Zone B,64.8,27.1,29.8,51.1,206.0,92.2,Numeric,0.0,False
79,2026-05-02T00:00:00,2026-05-02 00:00:00,2026-05-02,00:00:00,Saturday,SN-C01,Zone C,40.5,25.9,28.5,54.9,337.0,92.3,Numeric,0.0,False
80,2026-05-02T00:00:00,2026-05-02 00:00:00,2026-05-02,00:00:00,Saturday,SN-C02,Zone C,40.2,25.0,28.5,54.9,337.0,93.2,Numeric,0.0,False
81,2026-05-02T00:00:00,2026-05-02 00:00:00,2026-05-02,00:00:00,Saturday,SN-C03,Zone C,40.4,25.5,28.5,,337.0,92.9,Numeric,0.0,False
82,2026-05-02T00:00:00,2026-05-02 00:00:00,2026-05-02,00:00:00,Saturday,SN-D01,Zone D,75.5,22.11111111111111,26.944444444444443,54.6,0.0,92.9,Numeric,,False
83,2026-05-02T00:00:00,2026-05-02 00:00:00,2026-05-02,00:00:00,Saturday,SN-D02,Zone D,74.1,21.888888888888893,26.944444444444443,54.6,0.0,93.2,Numeric,0.0,False
84,2026-05-02T00:00:00,2026-05-02 00:00:00,2026-05-02,00:00:00,Saturday,SN-D03,Zone D,74.7,22.0,27.0,54.6,0.0,92.9,Numeric,0.0,False
85,2026-05-02T04:00:00,2026-05-02 04:00:00,2026-05-02,04:00:00,Saturday,SN-A01,Zone A,76.0,23.4,25.0,65.5,255.0,91.5,Numeric,0.0,True
86,2026-05-02T04:00:00,2026-05-02 04:00:00,2026-05-02,04:00:00,Saturday,SN-A02,Zone A,73.3,21.6,25.0,65.5,255.0,91.8,Numeric,0.0,True
87,2026-05-02T04:00:00,2026-05-02 04:00:00,2026-05-02,04:00:00,Saturday,SN-A03,Zone A,76.8,21.6,25.0,65.5,255.0,91.8,Numeric,0.0,True
88,2026-05-02T04:00:00,2026-05-02 04:00:00,2026-05-02,04:00:00,Saturday,SN-B01,Zone B,69.6,23.7,27.8,56.5,0.0,91.7,Numeric,0.0,True
89,2026-05-02T04:00:00,2026-05-02 04:00:00,2026-05-02,04:00:00,Saturday,SN-B02,Zone B,70.6,24.7,27.8,56.5,0.0,91.2,Numeric,0.0,True
90,2026-05-02T04:00:00,2026-05-02 04:00:00,2026-05-02,04:00:00,Saturday,SN-B03,Zone B,70.0,24.2,27.8,56.5,0.0,91.3,Numeric,0.0,True
91,2026-05-02T04:00:00,2026-05-02 04:00:00,2026-05-02,04:00:00,Saturday,SN-C01,Zone C,45.7,24.5,27.1,56.7,117.0,91.1,Numeric,0.0,True
92,2026-05-02T04:00:00,2026-05-02 04:00:00,2026-05-02,04:00:00,Saturday,SN-C02,Zone C,46.0,21.8,27.1,56.7,117.0,92.1,Numeric,0.0,True
93,2026-05-02T04:00:00,2026-05-02 04:00:00,2026-05-02,04:00:00,Saturday,SN-C03,Zone C,44.3,23.0,27.1,56.7,117.0,91.9,Numeric,0.0,True
94,2026-05-02T04:00:00,2026-05-02 04:00:00,2026-05-02,04:00:00,Saturday,SN-D01,Zone D,80.5,24.111111111111114,28.055555555555557,55.4,80.0,91.9,Numeric,0.0,True
95,2026-05-02T04:00:00,2026-05-02 04:00:00,2026-05-02,04:00:00,Saturday,SN-D02,Zone D,78.3,21.944444444444443,28.055555555555557,,80.0,92.0,Numeric,0.0,True
96,2026-05-02T04:00:00,2026-05-02 04:00:00,2026-05-02,04:00:00,Saturday,SN-D03,Zone D,79.7,25.1,28.0,,80.0,91.6,Numeric,0.0,True
97,2026-05-02T08:00:00,2026-05-02 08:00:00,2026-05-02,08:00:00,Saturday,SN-A01,Zone A,75.6,30.4,33.1,44.4,28590.0,90.3,Numeric,0.0,False
98,2026-05-02T08:00:00,2026-05-02 08:00:00,2026-05-02,08:00:00,Saturday,SN-A02,Zone A,73.4,29.3,33.1,44.4,28590.0,90.7,Numeric,0.0,False
99,2026-05-02T08:00:00,2026-05-02 08:00:00,2026-05-02,08:00:00,Saturday,SN-A03,Zone A,76.5,28.0,33.1,44.4,28590.0,90.6,Numeric,0.0,False
100,2026-05-02T08:00:00,2026-05-02 08:00:00,2026-05-02,08:00:00,Saturday,SN-B01,Zone B,69.1,28.2,32.5,45.1,26254.0,90.5,Numeric,0.0,False
101,2026-05-02T08:00:00,2026-05-02 08:00:00,2026-05-02,08:00:00,Saturday,SN-B02,Zone B,65.7,30.5,32.5,45.1,26254.0,90.4,Numeric,0.0,False
102,2026-05-02T08:00:00,2026-05-02 08:00:00,2026-05-02,08:00:00,Saturday,SN-B03,Zone B,69.2,27.7,32.5,45.1,,90.1,Numeric,,False
103,2026-05-02T08:00:00,2026-05-02 08:00:00,2026-05-02,08:00:00,Saturday,SN-C01,Zone C,,27.2,32.4,41.6,26340.0,89.8,Numeric,0.0,False
104,2026-05-02T08:00:00,2026-05-02 08:00:00,2026-05-02,08:00:00,Saturday,SN-C02,Zone C,43.0,30.0,32.4,41.6,26340.0,90.9,Numeric,,False
105,2026-05-02T08:00:00,2026-05-02 08:00:00,2026-05-02,08:00:00,Saturday,SN-C03,Zone C,44.0,27.7,32.4,41.6,26340.0,90.7,Numeric,,False
106,2026-05-02T08:00:00,2026-05-02 08:00:00,2026-05-02,08:00:00,Saturday,SN-D01,Zone D,79.8,29.166666666666668,31.38888888888889,37.9,28130.0,90.6,Numeric,0.0,False
107,,,,,,SN-D02,Zone D,77.6,27.38888888888889,31.38888888888889,37.9,28130.0,91.2,Numeric,0.0,False
108,2026-05-02T08:00:00,2026-05-02 08:00:00,2026-05-02,08:00:00,Saturday,SN-D03,Zone D,77.2,26.2,31.4,37.9,28130.0,,Numeric,0.0,False
109,2026-05-02T12:00:00,2026-05-02 12:00:00,2026-05-02,12:00:00,Saturday,SN-A01,Zone A,73.2,39.1,44.1,23.0,107352.0,89.5,Numeric,0.0,False
110,2026-05-02T12:00:00,2026-05-02 12:00:00,2026-05-02,12:00:00,Saturday,SN-A02,Zone A,73.2,42.3,44.1,23.0,107352.0,89.6,Numeric,0.0,False
111,2026-05-02T12:00:00,2026-05-02 12:00:00,2026-05-02,12:00:00,Saturday,SN-A03,Zone A,72.8,41.0,44.1,23.0,107352.0,89.8,Numeric,0.0,False
112,2026-05-02T12:00:00,2026-05-02 12:00:00,2026-05-02,12:00:00,Saturday,SN-B01,Zone B,65.0,38.9,42.1,19.8,101380.0,89.5,Numeric,0.0,False
113,2026-05-02T12:00:00,2026-05-02 12:00:00,2026-05-02,12:00:00,Saturday,SN-B02,Zone B,65.1,,42.1,19.8,101380.0,89.3,Numeric,0.0,False
114,2026-05-02T12:00:00,2026-05-02 12:00:00,2026-05-02,12:00:00,Saturday,SN-B03,Zone B,65.5,37.1,42.1,19.8,101380.0,89.0,Numeric,0.0,False
115,2026-05-02T12:00:00,2026-05-02 12:00:00,2026-05-02,12:00:00,Saturday,SN-C01,Zone C,42.6,37.1,41.7,20.6,83183.0,,Non-Numeric,0.0,False
116,2026-05-02T12:00:00,2026-05-02 12:00:00,2026-05-02,12:00:00,Saturday,SN-C02,Zone C,42.3,41.1,41.7,20.6,83183.0,90.0,Numeric,0.0,False
117,2026-05-02T12:00:00,2026-05-02 12:00:00,2026-05-02,12:00:00,Saturday,SN-C03,Zone C,38.8,35.7,41.7,20.6,83183.0,89.9,Numeric,0.0,False
118,2026-05-02T12:00:00,2026-05-02 12:00:00,2026-05-02,12:00:00,Saturday,SN-D01,Zone D,76.5,40.55555555555556,43.44444444444444,30.0,,89.7,Numeric,0.0,False
119,2026-05-02T12:00:00,2026-05-02 12:00:00,2026-05-02,12:00:00,Saturday,SN-D02,Zone D,76.5,41.833333333333336,43.44444444444444,30.0,84552.0,90.1,Numeric,0.0,False
120,2026-05-02T12:00:00,2026-05-02 12:00:00,2026-05-02,12:00:00,Saturday,SN-D03,Zone D,75.2,40.3,43.4,30.0,84552.0,89.5,Numeric,0.0,False
121,2026-05-02T16:00:00,2026-05-02 16:00:00,2026-05-02,16:00:00,Saturday,SN-A01,Zone A,74.9,34.4,39.4,30.9,53034.0,88.3,Numeric,0.0,True
122,2026-05-02T16:00:00,2026-05-02 16:00:00,2026-05-02,16:00:00,Saturday,SN-A02,Zone A,75.0,35.0,39.4,30.9,53034.0,88.3,Numeric,0.0,True
123,2026-05-02T16:00:00,2026-05-02 16:00:00,2026-05-02,16:00:00,Saturday,SN-A03,Zone A,78.5,37.2,,,53034.0,88.5,Numeric,0.0,True
124,2026-05-02T16:00:00,2026-05-02 16:00:00,2026-05-02,16:00:00,Saturday,SN-B01,Zone B,72.1,33.8,-40.0,31.0,57946.0,,Numeric,0.0,True
125,2026-05-02T16:00:00,2026-05-02 16:00:00,2026-05-02,16:00:00,Saturday,SN-B02,Zone B,73.5,36.0,38.7,31.0,57946.0,88.3,Numeric,0.0,True
126,2026-05-02T16:00:00,2026-05-02 16:00:00,2026-05-02,16:00:00,Saturday,SN-B03,Zone B,70.4,35.5,38.7,31.0,57946.0,88.2,Numeric,0.0,True
127,2026-05-02T16:00:00,2026-05-02 16:00:00,2026-05-02,16:00:00,Saturday,SN-C01,Zone C,46.9,39.6,41.3,24.1,56535.0,87.5,Numeric,0.0,True
128,2026-05-02T16:00:00,2026-05-02 16:00:00,2026-05-02,16:00:00,Saturday,SN-C02,Zone C,49.9,37.8,41.3,24.1,56535.0,88.9,Numeric,0.0,True
129,2026-05-02T16:00:00,2026-05-02 16:00:00,2026-05-02,16:00:00,Saturday,SN-C03,Zone C,44.2,37.4,41.3,24.1,56535.0,89.1,Numeric,0.0,True
130,2026-05-02T16:00:00,2026-05-02 16:00:00,2026-05-02,16:00:00,Saturday,SN-D01,Zone D,84.3,36.22222222222222,41.77777777777778,21.9,57163.0,88.6,Numeric,0.0,True
131,2026-05-02T16:00:00,2026-05-02 16:00:00,2026-05-02,16:00:00,Saturday,SN-D02,Zone D,80.8,,41.77777777777778,21.9,57163.0,88.9,Numeric,0.0,True
132,2026-05-02T16:00:00,2026-05-02 16:00:00,2026-05-02,16:00:00,Saturday,SN-D03,Zone D,79.9,39.2,41.8,21.9,57163.0,88.4,Numeric,0.0,True
133,2026-05-02T20:00:00,2026-05-02 20:00:00,2026-05-02,20:00:00,Saturday,SN-A01,Zone A,72.7,30.9,35.0,47.1,,,Numeric,0.0,False
134,2026-05-02T20:00:00,2026-05-02 20:00:00,2026-05-02,20:00:00,Saturday,SN-A02,Zone A,72.8,28.6,35.0,47.1,61.0,87.3,Numeric,0.0,False
135,2026-05-02T20:00:00,2026-05-02 20:00:00,2026-05-02,20:00:00,Saturday,SN-A03,Zone A,73.2,30.7,35.0,47.1,61.0,87.5,Numeric,0.0,False
136,2026-05-02T20:00:00,2026-05-02 20:00:00,2026-05-02,20:00:00,Saturday,SN-B01,Zone B,70.2,33.9,36.4,43.3,600.0,87.3,Numeric,0.0,False
137,2026-05-02T20:00:00,2026-05-02 20:00:00,2026-05-02,20:00:00,Saturday,SN-B02,Zone B,69.0,31.9,36.4,43.3,600.0,87.2,Numeric,0.0,False
138,2026-05-02T20:00:00,2026-05-02 20:00:00,2026-05-02,20:00:00,Saturday,SN-B03,Zone B,68.4,33.9,36.4,43.3,600.0,86.9,Numeric,0.0,False
139,2026-05-02T20:00:00,2026-05-02 20:00:00,2026-05-02,20:00:00,Saturday,SN-C01,Zone C,43.8,31.2,35.3,38.1,398.0,86.6,Numeric,0.0,False
140,2026-05-02T20:00:00,2026-05-02 20:00:00,2026-05-02,20:00:00,Saturday,SN-C02,Zone C,43.8,32.7,35.3,38.1,398.0,87.6,Numeric,0.0,False
141,2026-05-02T20:00:00,2026-05-02 20:00:00,2026-05-02,20:00:00,Saturday,SN-C03,Zone C,43.9,31.3,35.3,38.1,398.0,87.9,Numeric,0.0,False
142,2026-05-02T20:00:00,2026-05-02 20:00:00,2026-05-02,20:00:00,Saturday,SN-D01,Zone D,77.1,30.72222222222222,36.833333333333336,49.2,447.0,87.3,Numeric,0.0,False
143,2026-05-02T20:00:00,2026-05-02 20:00:00,2026-05-02,20:00:00,Saturday,SN-D02,Zone D,76.9,32.72222222222222,36.833333333333336,49.2,447.0,88.0,Numeric,0.0,False
144,2026-05-02T20:00:00,2026-05-02 20:00:00,2026-05-02,20:00:00,Saturday,SN-D03,Zone D,76.6,31.3,36.8,49.2,447.0,87.5,Numeric,0.0,False
145,2026-05-03T00:00:00,2026-05-03 00:00:00,2026-05-03,00:00:00,Sunday,SN-A01,Zone A,69.2,26.2,29.3,54.1,693.0,86.2,Numeric,0.0,False
146,2026-05-03T00:00:00,2026-05-03 00:00:00,2026-05-03,00:00:00,Sunday,SN-A02,Zone A,73.0,25.7,29.3,54.1,693.0,86.2,Numeric,0.0,False
147,2026-05-03T00:00:00,2026-05-03 00:00:00,2026-05-03,00:00:00,Sunday,SN-A03,Zone A,70.0,26.9,29.3,54.1,,86.6,Numeric,0.0,False
148,2026-05-03T00:00:00,2026-05-03 00:00:00,2026-05-03,00:00:00,Sunday,SN-B01,Zone B,70.3,23.8,27.3,51.7,141.0,86.4,Numeric,0.0,False
149,2026-05-03T00:00:00,2026-05-03 00:00:00,2026-05-03,00:00:00,Sunday,SN-B02,Zone B,65.4,21.8,27.3,,141.0,86.3,Numeric,0.0,False
150,2026-05-03T00:00:00,2026-05-03 00:00:00,2026-05-03,00:00:00,Sunday,SN-B03,Zone B,67.8,24.0,27.3,51.7,141.0,85.7,Numeric,0.0,False
151,2026-05-03T00:00:00,2026-05-03 00:00:00,2026-05-03,00:00:00,Sunday,SN-C01,Zone C,41.1,24.2,27.8,51.8,265.0,85.5,Numeric,0.0,False
152,2026-05-03T00:00:00,2026-05-03 00:00:00,2026-05-03,00:00:00,Sunday,SN-C02,Zone C,43.6,24.8,,51.8,265.0,86.4,Numeric,0.0,False
153,2026-05-03T00:00:00,2026-05-03 00:00:00,2026-05-03,00:00:00,Sunday,SN-C03,Zone C,41.6,24.0,27.8,51.8,265.0,86.9,Numeric,0.0,False
154,2026-05-03T00:00:00,2026-05-03 00:00:00,2026-05-03,00:00:00,Sunday,SN-D01,Zone D,77.0,23.666666666666664,27.555555555555554,57.4,333.0,86.0,Numeric,0.0,False
155,,,,,,SN-D02,Zone D,75.6,24.166666666666668,27.555555555555554,57.4,333.0,86.9,Numeric,0.0,False
156,2026-05-03T00:00:00,2026-05-03 00:00:00,2026-05-03,00:00:00,Sunday,SN-D03,Zone D,77.9,23.8,27.5,,333.0,86.3,Numeric,0.0,False
157,2026-05-03T04:00:00,2026-05-03 04:00:00,2026-05-03,04:00:00,Sunday,SN-A01,Zone A,72.9,22.9,27.2,60.2,226.0,85.1,Numeric,0.0,True
158,2026-05-03T04:00:00,2026-05-03 04:00:00,2026-05-03,04:00:00,Sunday,SN-A02,Zone A,77.4,24.6,27.2,60.2,226.0,85.3,Numeric,0.0,True
159,2026-05-03T04:00:00,2026-05-03 04:00:00,2026-05-03,04:00:00,Sunday,SN-A03,Zone A,77.4,23.1,27.2,60.2,226.0,85.7,Numeric,0.0,True
160,2026-05-03T04:00:00,2026-05-03 04:00:00,2026-05-03,04:00:00,Sunday,SN-B01,Zone B,72.0,25.3,28.3,58.1,,85.1,Numeric,0.0,True
161,2026-05-03T04:00:00,2026-05-03 04:00:00,2026-05-03,04:00:00,Sunday,SN-B02,Zone B,,25.3,,58.1,,85.5,Numeric,0.0,True
162,2026-05-03T04:00:00,2026-05-03 04:00:00,2026-05-03,04:00:00,Sunday,SN-B03,Zone B,69.3,23.2,28.3,58.1,38.0,84.7,Numeric,0.0,True
163,2026-05-03T04:00:00,2026-05-03 04:00:00,2026-05-03,04:00:00,Sunday,SN-C01,Zone C,47.0,21.8,25.7,62.8,,84.6,Numeric,0.0,True
164,2026-05-03T04:00:00,2026-05-03 04:00:00,2026-05-03,04:00:00,Sunday,SN-C02,Zone C,47.5,20.9,25.7,62.8,337.0,85.3,Numeric,0.0,True
165,2026-05-03T04:00:00,2026-05-03 04:00:00,2026-05-03,04:00:00,Sunday,SN-C03,Zone C,,22.0,25.7,62.8,337.0,86.0,Numeric,0.0,True
166,2026-05-03T04:00:00,2026-05-03 04:00:00,2026-05-03,04:00:00,Sunday,SN-D01,Zone D,82.1,22.666666666666668,,62.0,0.0,84.8,Numeric,0.0,True
167,2026-05-03T04:00:00,2026-05-03 04:00:00,2026-05-03,04:00:00,Sunday,SN-D02,Zone D,84.4,23.000000000000004,26.555555555555557,62.0,0.0,86.0,Numeric,0.0,True
168,2026-05-03T04:00:00,2026-05-03 04:00:00,2026-05-03,04:00:00,Sunday,SN-D03,Zone D,80.9,22.3,26.6,62.0,0.0,85.5,Numeric,0.0,True
169,2026-05-03T08:00:00,2026-05-03 08:00:00,2026-05-03,08:00:00,Sunday,SN-A01,Zone A,,30.1,33.2,42.3,25869.0,84.1,Numeric,0.0,False
170,2026-05-03T08:00:00,2026-05-03 08:00:00,2026-05-03,08:00:00,Sunday,SN-A02,Zone A,72.6,28.9,,42.3,25869.0,84.2,Numeric,0.0,False
171,2026-05-03T08:00:00,2026-05-03 08:00:00,2026-05-03,08:00:00,Sunday,SN-A03,Zone A,75.3,30.3,,42.3,25869.0,84.9,Numeric,0.0,False
172,2026-05-03T08:00:00,2026-05-03 08:00:00,2026-05-03,08:00:00,Sunday,SN-B01,Zone B,68.6,28.0,31.5,51.0,28764.0,84.3,Numeric,0.0,False
173,2026-05-03T08:00:00,2026-05-03 08:00:00,2026-05-03,08:00:00,Sunday,SN-B02,Zone B,68.8,27.1,31.5,51.0,28764.0,84.7,Numeric,0.0,False
174,2026-05-03T08:00:00,2026-05-03 08:00:00,2026-05-03,08:00:00,Sunday,SN-B03,Zone B,67.4,28.3,31.5,51.0,28764.0,83.6,Numeric,0.0,False
175,2026-05-03T08:00:00,2026-05-03 08:00:00,2026-05-03,08:00:00,Sunday,SN-C01,Zone C,43.2,30.8,34.8,,,83.4,Numeric,0.0,False
176,2026-05-03T08:00:00,2026-05-03 08:00:00,2026-05-03,08:00:00,Sunday,SN-C02,Zone C,43.1,30.5,34.8,48.7,24609.0,84.4,Numeric,0.0,False
177,2026-05-03T08:00:00,2026-05-03 08:00:00,2026-05-03,08:00:00,Sunday,SN-C03,Zone C,44.8,29.6,34.8,48.7,24609.0,84.9,Numeric,0.0,False
178,2026-05-03T08:00:00,2026-05-03 08:00:00,2026-05-03,08:00:00,Sunday,SN-D01,Zone D,80.7,29.27777777777778,32.388888888888886,43.7,32125.0,83.8,Numeric,0.0,False
179,2026-05-03T08:00:00,2026-05-03 08:00:00,2026-05-03,08:00:00,Sunday,SN-D02,Zone D,80.3,29.38888888888889,32.388888888888886,43.7,32125.0,,Numeric,0.0,False
180,2026-05-03T08:00:00,2026-05-03 08:00:00,2026-05-03,08:00:00,Sunday,SN-D03,Zone D,82.4,27.6,,43.7,32125.0,84.3,Numeric,0.0,False
181,2026-05-03T12:00:00,2026-05-03 12:00:00,2026-05-03,12:00:00,Sunday,SN-A01,Zone A,73.4,36.1,41.4,31.3,90141.0,82.9,Numeric,0.0,False
182,2026-05-03T12:00:00,2026-05-03 12:00:00,2026-05-03,12:00:00,Sunday,SN-A02,Zone A,74.1,36.6,,31.3,90141.0,83.2,Numeric,0.0,False
183,2026-05-03T12:00:00,2026-05-03 12:00:00,2026-05-03,12:00:00,Sunday,SN-A03,Zone A,70.5,38.9,41.4,31.3,90141.0,83.8,Numeric,0.0,
184,2026-05-03T12:00:00,2026-05-03 12:00:00,2026-05-03,12:00:00,Sunday,SN-B01,Zone B,64.7,37.2,42.3,22.8,108233.0,83.4,Numeric,0.0,False
185,2026-05-03T12:00:00,2026-05-03 12:00:00,2026-05-03,12:00:00,Sunday,SN-B02,Zone B,69.1,38.0,42.3,22.8,108233.0,83.7,Numeric,0.0,False
186,2026-05-03T12:00:00,2026-05-03 12:00:00,2026-05-03,12:00:00,Sunday,SN-B03,Zone B,65.8,37.9,42.3,22.8,108233.0,82.6,Numeric,0.0,False
187,2026-05-03T12:00:00,2026-05-03 12:00:00,2026-05-03,12:00:00,Sunday,SN-C01,Zone C,,38.1,41.4,26.4,107923.0,82.5,Numeric,0.0,False
188,2026-05-03T12:00:00,2026-05-03 12:00:00,2026-05-03,12:00:00,Sunday,SN-C02,Zone C,41.4,36.4,41.4,26.4,107923.0,83.4,Numeric,0.0,False
189,2026-05-03T12:00:00,2026-05-03 12:00:00,2026-05-03,12:00:00,Sunday,SN-C03,Zone C,42.4,36.4,41.4,26.4,107923.0,84.0,Numeric,0.0,False
190,2026-05-03T12:00:00,2026-05-03 12:00:00,2026-05-03,12:00:00,Sunday,SN-D01,Zone D,77.8,41.611111111111114,44.72222222222222,26.5,97562.0,82.6,Numeric,0.0,False
191,2026-05-03T12:00:00,2026-05-03 12:00:00,2026-05-03,12:00:00,Sunday,SN-D02,Zone D,78.0,41.166666666666664,44.72222222222222,26.5,97562.0,83.9,Numeric,0.0,False
192,2026-05-03T12:00:00,2026-05-03 12:00:00,2026-05-03,12:00:00,Sunday,SN-D03,Zone D,79.9,40.0,44.7,26.5,97562.0,83.3,Numeric,0.0,False
193,2026-05-03T16:00:00,2026-05-03 16:00:00,2026-05-03,16:00:00,Sunday,SN-A01,Zone A,77.4,39.4,42.3,16.4,59538.0,82.1,Numeric,0.0,True
194,2026-05-03T16:00:00,2026-05-03 16:00:00,2026-05-03,16:00:00,Sunday,SN-A02,Zone A,75.2,37.7,42.3,16.4,59538.0,82.2,Numeric,0.0,True
195,,,,,,SN-A03,Zone A,78.6,39.9,42.3,16.4,59538.0,82.7,Numeric,0.0,True
196,2026-05-03T16:00:00,2026-05-03 16:00:00,2026-05-03,16:00:00,Sunday,SN-B01,Zone B,71.6,36.5,41.6,23.7,63060.0,82.4,Numeric,0.0,True
197,2026-05-03T16:00:00,2026-05-03 16:00:00,2026-05-03,16:00:00,Sunday,SN-B02,Zone B,70.1,36.3,41.6,23.7,63060.0,82.6,Numeric,0.0,True
198,,,,,,SN-B03,Zone B,72.8,38.5,41.6,23.7,63060.0,81.4,Numeric,0.0,True
199,2026-05-03T16:00:00,2026-05-03 16:00:00,2026-05-03,16:00:00,Sunday,SN-C01,Zone C,44.3,36.5,40.8,28.1,56459.0,81.4,Numeric,0.0,True
200,2026-05-03T16:00:00,2026-05-03 16:00:00,2026-05-03,16:00:00,Sunday,SN-C02,Zone C,46.0,34.6,40.8,28.1,56459.0,82.6,Numeric,0.0,True
201,2026-05-03T16:00:00,2026-05-03 16:00:00,2026-05-03,16:00:00,Sunday,SN-C03,Zone C,45.6,37.3,40.8,28.1,56459.0,82.8,Numeric,0.0,True
202,2026-05-03T16:00:00,2026-05-03 16:00:00,2026-05-03,16:00:00,Sunday,SN-D01,Zone D,81.8,34.05555555555556,,33.8,60058.0,81.5,Numeric,0.0,True
203,2026-05-03T16:00:00,2026-05-03 16:00:00,2026-05-03,16:00:00,Sunday,SN-D02,Zone D,80.7,35.0,39.0,33.8,60058.0,,Numeric,0.0,True
204,2026-05-03T16:00:00,2026-05-03 16:00:00,2026-05-03,16:00:00,Sunday,SN-D03,Zone D,80.9,35.0,39.0,33.8,60058.0,82.3,Numeric,0.0,True
205,2026-05-03T20:00:00,2026-05-03 20:00:00,2026-05-03,20:00:00,Sunday,SN-A01,Zone A,,29.2,33.7,43.8,447.0,80.9,Numeric,0.0,False
206,2026-05-03T20:00:00,2026-05-03 20:00:00,2026-05-03,20:00:00,Sunday,SN-A02,Zone A,74.5,29.4,33.7,43.8,447.0,81.1,Numeric,0.0,False
207,2026-05-03T20:00:00,2026-05-03 20:00:00,2026-05-03,20:00:00,Sunday,SN-A03,Zone A,74.7,29.4,33.7,43.8,447.0,81.6,Numeric,0.0,False
208,2026-05-03T20:00:00,2026-05-03 20:00:00,2026-05-03,20:00:00,Sunday,SN-B01,Zone B,69.3,30.3,35.7,40.2,471.0,81.5,Numeric,0.0,False
209,2026-05-03T20:00:00,2026-05-03 20:00:00,2026-05-03,20:00:00,Sunday,SN-B02,Zone B,69.5,31.5,,40.2,471.0,81.6,Numeric,0.0,False
210,2026-05-03T20:00:00,2026-05-03 20:00:00,2026-05-03,20:00:00,Sunday,SN-B03,Zone B,68.9,31.2,35.7,40.2,471.0,80.4,Numeric,0.0,False
211,2026-05-03T20:00:00,2026-05-03 20:00:00,2026-05-03,20:00:00,Sunday,SN-C01,Zone C,45.5,29.8,33.5,41.2,429.0,80.5,Numeric,0.0,False
212,2026-05-03T20:00:00,2026-05-03 20:00:00,2026-05-03,20:00:00,Sunday,SN-C02,Zone C,47.4,29.4,33.5,41.2,429.0,81.7,Numeric,0.0,False
213,2026-05-03T20:00:00,2026-05-03 20:00:00,2026-05-03,20:00:00,Sunday,SN-C03,Zone C,43.8,31.1,33.5,41.2,429.0,81.9,Numeric,0.0,
214,2026-05-03T20:00:00,2026-05-03 20:00:00,2026-05-03,20:00:00,Sunday,SN-D01,Zone D,79.3,30.166666666666668,34.27777777777778,42.3,955.0,80.6,Numeric,0.0,False
215,2026-05-03T20:00:00,2026-05-03 20:00:00,2026-05-03,20:00:00,Sunday,SN-D02,Zone D,78.8,27.88888888888889,,42.3,955.0,82.2,Numeric,0.0,False
216,2026-05-03T20:00:00,2026-05-03 20:00:00,2026-05-03,20:00:00,Sunday,SN-D03,Zone D,79.5,28.8,34.3,42.3,955.0,81.2,Numeric,0.0,False
217,2026-05-04T00:00:00,2026-05-04 00:00:00,2026-05-04,00:00:00,Monday,SN-A01,Zone A,72.9,25.7,30.2,56.7,29.0,79.7,Numeric,0.0,False
218,2026-05-04T00:00:00,2026-05-04 00:00:00,2026-05-04,00:00:00,Monday,SN-A02,Zone A,70.3,26.5,30.2,56.7,29.0,80.3,Numeric,0.0,False
219,2026-05-04T00:00:00,2026-05-04 00:00:00,2026-05-04,00:00:00,Monday,SN-A03,Zone A,70.3,26.1,30.2,56.7,29.0,80.4,Numeric,0.0,False
220,2026-05-04T00:00:00,2026-05-04 00:00:00,2026-05-04,00:00:00,Monday,SN-B01,Zone B,65.9,22.9,27.6,59.9,43.0,80.4,Numeric,0.0,False
221,2026-05-04T00:00:00,2026-05-04 00:00:00,2026-05-04,00:00:00,Monday,SN-B02,Zone B,66.8,23.8,27.6,59.9,43.0,80.4,Numeric,0.0,False
222,2026-05-04T00:00:00,2026-05-04 00:00:00,2026-05-04,00:00:00,Monday,SN-B03,Zone B,,22.5,27.6,59.9,43.0,79.1,Numeric,0.0,False
223,2026-05-04T00:00:00,2026-05-04 00:00:00,2026-05-04,00:00:00,Monday,SN-C01,Zone C,43.2,23.3,28.5,65.0,75.0,79.3,Numeric,0.0,False
224,2026-05-04T00:00:00,2026-05-04 00:00:00,2026-05-04,00:00:00,Monday,SN-C02,Zone C,41.6,23.9,28.5,65.0,75.0,80.7,Numeric,0.0,False
225,2026-05-04T00:00:00,2026-05-04 00:00:00,2026-05-04,00:00:00,Monday,SN-C03,Zone C,43.1,25.2,28.5,65.0,75.0,80.9,Numeric,0.0,False
226,2026-05-04T00:00:00,2026-05-04 00:00:00,2026-05-04,00:00:00,Monday,SN-D01,Zone D,82.1,21.77777777777778,26.833333333333332,55.1,0.0,79.4,Numeric,0.0,False
227,2026-05-04T00:00:00,2026-05-04 00:00:00,2026-05-04,00:00:00,Monday,SN-D02,Zone D,,23.000000000000004,26.833333333333332,55.1,0.0,81.3,Numeric,0.0,False
228,2026-05-04T00:00:00,2026-05-04 00:00:00,2026-05-04,00:00:00,Monday,SN-D03,Zone D,80.1,23.1,26.8,55.1,0.0,80.4,Numeric,0.0,False
229,2026-05-04T04:00:00,2026-05-04 04:00:00,2026-05-04,04:00:00,Monday,SN-A01,Zone A,76.3,23.6,27.1,52.1,85.0,78.8,Numeric,0.0,True
230,2026-05-04T04:00:00,2026-05-04 04:00:00,2026-05-04,04:00:00,Monday,SN-A02,Zone A,77.5,21.2,27.1,52.1,85.0,79.0,Numeric,0.0,True
231,2026-05-04T04:00:00,2026-05-04 04:00:00,2026-05-04,04:00:00,Monday,SN-A03,Zone A,75.3,22.5,27.1,52.1,85.0,79.6,Numeric,0.0,True
232,2026-05-04T04:00:00,2026-05-04 04:00:00,2026-05-04,04:00:00,Monday,SN-B01,Zone B,70.5,23.8,26.1,53.9,,79.4,Numeric,0.0,True
233,2026-05-04T04:00:00,2026-05-04 04:00:00,2026-05-04,04:00:00,Monday,SN-B02,Zone B,73.6,24.1,26.1,53.9,274.0,79.4,Numeric,0.0,True
234,2026-05-04T04:00:00,2026-05-04 04:00:00,2026-05-04,04:00:00,Monday,SN-B03,Zone B,71.3,22.5,26.1,53.9,274.0,78.1,Numeric,,True
235,2026-05-04T04:00:00,2026-05-04 04:00:00,2026-05-04,04:00:00,Monday,SN-C01,Zone C,47.6,21.3,25.1,60.7,0.0,78.2,Numeric,0.0,True
236,2026-05-04T04:00:00,2026-05-04 04:00:00,2026-05-04,04:00:00,Monday,SN-C02,Zone C,46.1,20.7,25.1,60.7,0.0,79.7,Numeric,0.0,True
237,2026-05-04T04:00:00,2026-05-04 04:00:00,2026-05-04,04:00:00,Monday,SN-C03,Zone C,44.2,21.1,25.1,60.7,0.0,79.7,Numeric,0.0,True
238,2026-05-04T04:00:00,2026-05-04 04:00:00,2026-05-04,04:00:00,Monday,SN-D01,Zone D,83.4,21.333333333333336,25.555555555555557,,,,Numeric,0.0,True
239,2026-05-04T04:00:00,2026-05-04 04:00:00,2026-05-04,04:00:00,Monday,SN-D02,Zone D,,20.888888888888886,25.555555555555557,53.6,0.0,80.2,Numeric,0.0,True
240,2026-05-04T04:00:00,2026-05-04 04:00:00,2026-05-04,04:00:00,Monday,SN-D03,Zone D,81.9,22.5,25.5,53.6,0.0,79.3,Numeric,0.0,True
241,2026-05-04T08:00:00,2026-05-04 08:00:00,2026-05-04,08:00:00,Monday,SN-A01,Zone A,77.0,29.4,31.2,41.1,26942.0,77.9,Numeric,0.0,False
242,2026-05-04T08:00:00,2026-05-04 08:00:00,2026-05-04,08:00:00,Monday,SN-A02,Zone A,77.1,,31.2,41.1,26942.0,78.0,Numeric,0.0,False
243,2026-05-04T08:00:00,2026-05-04 08:00:00,2026-05-04,08:00:00,Monday,SN-A03,Zone A,75.7,29.4,31.2,41.1,26942.0,78.6,Numeric,0.0,False
244,2026-05-04T08:00:00,2026-05-04 08:00:00,2026-05-04,08:00:00,Monday,SN-B01,Zone B,69.5,30.4,,46.8,24802.0,78.1,Numeric,0.0,False
245,2026-05-04T08:00:00,2026-05-04 08:00:00,2026-05-04,08:00:00,Monday,SN-B02,Zone B,69.6,27.8,33.7,46.8,24802.0,78.2,Numeric,0.0,False
246,2026-05-04T08:00:00,2026-05-04 08:00:00,2026-05-04,08:00:00,Monday,SN-B03,Zone B,66.1,27.8,33.7,46.8,24802.0,77.2,Numeric,0.0,False
247,2026-05-04T08:00:00,2026-05-04 08:00:00,2026-05-04,08:00:00,Monday,SN-C01,Zone C,45.8,27.5,32.7,43.9,30848.0,77.0,Numeric,0.0,False
248,2026-05-04T08:00:00,2026-05-04 08:00:00,2026-05-04,08:00:00,Monday,SN-C02,Zone C,44.3,28.4,32.7,43.9,30848.0,78.5,Numeric,0.0,False
249,2026-05-04T08:00:00,2026-05-04 08:00:00,2026-05-04,08:00:00,Monday,SN-C03,Zone C,46.2,28.9,32.7,43.9,30848.0,78.6,Numeric,0.0,False
250,2026-05-04T08:00:00,2026-05-04 08:00:00,2026-05-04,08:00:00,Monday,SN-D01,Zone D,81.8,29.0,32.166666666666664,42.9,28225.0,77.4,Numeric,0.0,False
251,2026-05-04T08:00:00,2026-05-04 08:00:00,2026-05-04,08:00:00,Monday,SN-D02,Zone D,78.7,28.055555555555557,32.166666666666664,42.9,28225.0,79.3,Numeric,0.0,False
252,2026-05-04T08:00:00,2026-05-04 08:00:00,2026-05-04,08:00:00,Monday,SN-D03,Zone D,79.7,28.9,32.2,42.9,28225.0,78.1,Numeric,0.0,False
253,2026-05-04T12:00:00,2026-05-04 12:00:00,2026-05-04,12:00:00,Monday,SN-A01,Zone A,71.4,39.6,41.7,21.6,103630.0,76.7,Numeric,0.0,False
254,2026-05-04T12:00:00,2026-05-04 12:00:00,2026-05-04,12:00:00,Monday,SN-A02,Zone A,74.2,35.8,41.7,21.6,103630.0,77.0,Numeric,0.0,False
255,2026-05-04T12:00:00,2026-05-04 12:00:00,2026-05-04,12:00:00,Monday,SN-A03,Zone A,,38.0,41.7,21.6,103630.0,77.7,Numeric,0.0,False
256,2026-05-04T12:00:00,2026-05-04 12:00:00,2026-05-04,12:00:00,Monday,SN-B01,Zone B,66.6,38.2,41.5,25.9,92188.0,77.1,Numeric,0.0,False
257,2026-05-04T12:00:00,2026-05-04 12:00:00,2026-05-04,12:00:00,Monday,SN-B02,Zone B,67.1,37.4,41.5,25.9,92188.0,77.1,Numeric,0.0,False
258,2026-05-04T12:00:00,2026-05-04 12:00:00,2026-05-04,12:00:00,Monday,SN-B03,Zone B,67.8,37.3,41.5,25.9,92188.0,76.1,Numeric,0.0,False
259,,,,,,SN-C01,Zone C,41.1,38.0,43.0,22.8,95285.0,75.9,Numeric,0.0,False
260,2026-05-04T12:00:00,2026-05-04 12:00:00,2026-05-04,12:00:00,Monday,SN-C02,Zone C,41.6,40.6,43.0,22.8,95285.0,77.6,Numeric,0.0,False
261,2026-05-04T12:00:00,2026-05-04 12:00:00,2026-05-04,12:00:00,Monday,SN-C03,Zone C,40.5,36.9,43.0,22.8,95285.0,77.4,Numeric,0.0,False
262,2026-05-04T12:00:00,2026-05-04 12:00:00,2026-05-04,12:00:00,Monday,SN-D01,Zone D,,38.611111111111114,44.388888888888886,29.9,84297.0,76.4,Numeric,0.0,False
263,2026-05-04T12:00:00,2026-05-04 12:00:00,2026-05-04,12:00:00,Monday,SN-D02,Zone D,,,,,,,Numeric,,
264,2026-05-04T12:00:00,2026-05-04 12:00:00,2026-05-04,12:00:00,Monday,SN-D03,Zone D,79.5,39.2,44.4,29.9,84297.0,76.9,Numeric,0.0,False
265,2026-05-04T16:00:00,2026-05-04 16:00:00,2026-05-04,16:00:00,Monday,SN-A01,Zone A,76.6,38.6,41.7,25.9,58914.0,75.9,Numeric,0.0,True
266,2026-05-04T16:00:00,2026-05-04 16:00:00,2026-05-04,16:00:00,Monday,SN-A02,Zone A,77.9,37.2,41.7,25.9,58914.0,76.1,Numeric,0.0,True
267,2026-05-04T16:00:00,2026-05-04 16:00:00,2026-05-04,16:00:00,Monday,SN-A03,Zone A,76.9,38.7,41.7,,58914.0,76.9,Numeric,0.0,True
268,2026-05-04T16:00:00,2026-05-04 16:00:00,2026-05-04,16:00:00,Monday,SN-B01,Zone B,68.8,38.0,40.7,24.6,,,Non-Numeric,0.0,True
269,2026-05-04T16:00:00,2026-05-04 16:00:00,2026-05-04,16:00:00,Monday,SN-B02,Zone B,70.2,34.7,40.7,24.6,64392.0,75.9,Numeric,0.0,True
270,2026-05-04T16:00:00,2026-05-04 16:00:00,2026-05-04,16:00:00,Monday,SN-B03,Zone B,72.9,38.1,40.7,24.6,64392.0,75.3,Numeric,0.0,True
271,,,,,,SN-C01,Zone C,48.3,34.0,39.0,25.9,63822.0,74.8,Numeric,0.0,True
272,2026-05-04T16:00:00,2026-05-04 16:00:00,2026-05-04,16:00:00,Monday,SN-C02,Zone C,45.9,34.7,39.0,25.9,63822.0,76.7,Numeric,0.0,True
273,2026-05-04T16:00:00,2026-05-04 16:00:00,2026-05-04,16:00:00,Monday,SN-C03,Zone C,49.7,36.6,39.0,,63822.0,76.6,Numeric,0.0,True
274,2026-05-04T16:00:00,2026-05-04 16:00:00,2026-05-04,16:00:00,Monday,SN-D01,Zone D,80.9,41.22222222222222,43.333333333333336,27.7,59476.0,75.5,Numeric,0.0,True
275,2026-05-04T16:00:00,2026-05-04 16:00:00,2026-05-04,16:00:00,Monday,SN-D02,Zone D,81.7,39.5,43.333333333333336,27.7,59476.0,77.2,Numeric,0.0,True
276,2026-05-04T16:00:00,2026-05-04 16:00:00,2026-05-04,16:00:00,Monday,SN-D03,Zone D,80.3,39.5,,27.7,59476.0,76.0,Numeric,0.0,True
277,2026-05-04T20:00:00,2026-05-04 20:00:00,2026-05-04,20:00:00,Monday,SN-A01,Zone A,74.1,31.0,35.2,46.5,348.0,74.8,Numeric,0.0,False
278,2026-05-04T20:00:00,2026-05-04 20:00:00,2026-05-04,20:00:00,Monday,SN-A02,Zone A,74.7,33.2,35.2,46.5,348.0,75.0,Numeric,0.0,False
279,2026-05-04T20:00:00,2026-05-04 20:00:00,2026-05-04,20:00:00,Monday,SN-A03,Zone A,74.5,29.9,35.2,46.5,348.0,75.9,Numeric,0.0,False
280,2026-05-04T20:00:00,2026-05-04 20:00:00,2026-05-04,20:00:00,Monday,SN-B01,Zone B,67.6,28.9,33.1,43.7,311.0,74.9,Numeric,0.0,False
281,2026-05-04T20:00:00,2026-05-04 20:00:00,2026-05-04,20:00:00,Monday,SN-B02,Zone B,69.0,28.9,33.1,43.7,311.0,75.0,Numeric,0.0,False
282,2026-05-04T20:00:00,2026-05-04 20:00:00,2026-05-04,20:00:00,Monday,SN-B03,Zone B,69.5,27.5,33.1,43.7,311.0,74.0,Numeric,0.0,False
283,2026-05-04T20:00:00,2026-05-04 20:00:00,2026-05-04,20:00:00,Monday,SN-C01,Zone C,45.0,29.7,33.8,41.7,270.0,73.5,Numeric,0.0,False
284,2026-05-04T20:00:00,2026-05-04 20:00:00,2026-05-04,20:00:00,Monday,SN-C02,Zone C,44.2,28.4,33.8,41.7,270.0,75.4,Numeric,0.0,False
285,2026-05-04T20:00:00,2026-05-04 20:00:00,2026-05-04,20:00:00,Monday,SN-C03,Zone C,43.9,30.1,33.8,41.7,270.0,75.8,Numeric,0.0,False
286,2026-05-04T20:00:00,2026-05-04 20:00:00,2026-05-04,20:00:00,Monday,SN-D01,Zone D,80.7,32.27777777777778,35.44444444444444,,347.0,74.3,Numeric,0.0,False
287,2026-05-04T20:00:00,2026-05-04 20:00:00,2026-05-04,20:00:00,Monday,SN-D02,Zone D,74.6,30.944444444444443,35.44444444444444,40.8,347.0,76.2,Numeric,0.0,False
288,2026-05-04T20:00:00,2026-05-04 20:00:00,2026-05-04,20:00:00,Monday,SN-D03,Zone D,79.9,29.8,35.4,,347.0,74.8,Numeric,0.0,False
289,2026-05-05T00:00:00,2026-05-05 00:00:00,2026-05-05,00:00:00,Tuesday,SN-A01,Zone A,68.5,24.1,27.7,53.5,0.0,73.7,Numeric,0.0,False
290,2026-05-05T00:00:00,2026-05-05 00:00:00,2026-05-05,00:00:00,Tuesday,SN-A02,Zone A,71.1,23.6,27.7,53.5,0.0,74.0,Numeric,0.0,False
291,2026-05-05T00:00:00,2026-05-05 00:00:00,2026-05-05,00:00:00,Tuesday,SN-A03,Zone A,,25.2,27.7,53.5,0.0,74.9,Numeric,0.0,False
292,2026-05-05T00:00:00,2026-05-05 00:00:00,2026-05-05,00:00:00,Tuesday,SN-B01,Zone B,61.7,24.6,27.7,57.3,0.0,73.8,Numeric,0.0,False
293,2026-05-05T00:00:00,2026-05-05 00:00:00,2026-05-05,00:00:00,Tuesday,SN-B02,Zone B,68.5,22.7,27.7,57.3,0.0,74.2,Numeric,0.0,False
294,2026-05-05T00:00:00,2026-05-05 00:00:00,2026-05-05,00:00:00,Tuesday,SN-B03,Zone B,65.9,23.1,27.7,57.3,0.0,,Non-Numeric,0.0,False
295,2026-05-05T00:00:00,2026-05-05 00:00:00,2026-05-05,00:00:00,Tuesday,SN-C01,Zone C,39.7,24.8,28.9,62.6,0.0,72.3,Numeric,0.0,False
296,2026-05-05T00:00:00,2026-05-05 00:00:00,2026-05-05,00:00:00,Tuesday,SN-C02,Zone C,,25.2,28.9,62.6,0.0,74.2,Numeric,0.0,False
297,2026-05-05T00:00:00,2026-05-05 00:00:00,2026-05-05,00:00:00,Tuesday,SN-C03,Zone C,42.3,23.2,28.9,62.6,0.0,74.5,Numeric,0.0,False
298,2026-05-05T00:00:00,2026-05-05 00:00:00,2026-05-05,00:00:00,Tuesday,SN-D01,Zone D,74.8,26.27777777777778,29.38888888888889,52.9,242.0,73.4,Numeric,0.0,False
299,2026-05-05T00:00:00,2026-05-05 00:00:00,2026-05-05,00:00:00,Tuesday,SN-D02,Zone D,75.9,24.72222222222222,29.38888888888889,52.9,242.0,75.4,Numeric,,False
300,2026-05-05T00:00:00,2026-05-05 00:00:00,2026-05-05,00:00:00,Tuesday,SN-D03,Zone D,,25.9,29.4,52.9,242.0,73.9,Numeric,0.0,False
301,2026-05-05T04:00:00,2026-05-05 04:00:00,2026-05-05,04:00:00,Tuesday,SN-A01,Zone A,75.2,24.5,,59.3,25.0,72.4,Numeric,0.0,True
302,2026-05-05T04:00:00,2026-05-05 04:00:00,2026-05-05,04:00:00,Tuesday,SN-A02,Zone A,79.3,22.9,,59.3,25.0,73.1,Numeric,,True
303,2026-05-05T04:00:00,2026-05-05 04:00:00,2026-05-05,04:00:00,Tuesday,SN-A03,Zone A,79.6,22.8,26.9,59.3,25.0,73.9,Numeric,0.0,True
304,2026-05-05T04:00:00,2026-05-05 04:00:00,2026-05-05,04:00:00,Tuesday,SN-B01,Zone B,68.3,23.7,27.3,68.4,0.0,72.7,Numeric,0.0,True
305,2026-05-05T04:00:00,2026-05-05 04:00:00,2026-05-05,04:00:00,Tuesday,SN-B02,Zone B,74.2,23.8,27.3,68.4,0.0,73.2,Numeric,0.0,True
306,2026-05-05T04:00:00,2026-05-05 04:00:00,2026-05-05,04:00:00,Tuesday,SN-B03,Zone B,71.2,22.9,27.3,68.4,,71.7,Numeric,0.0,True
307,2026-05-05T04:00:00,2026-05-05 04:00:00,2026-05-05,04:00:00,Tuesday,SN-C01,Zone C,43.7,23.2,26.4,57.2,0.0,71.4,Numeric,0.0,True
308,2026-05-05T04:00:00,2026-05-05 04:00:00,2026-05-05,04:00:00,Tuesday,SN-C02,Zone C,45.2,24.5,26.4,57.2,0.0,73.4,Numeric,0.0,True
309,2026-05-05T04:00:00,2026-05-05 04:00:00,2026-05-05,04:00:00,Tuesday,SN-C03,Zone C,45.2,20.5,26.4,57.2,0.0,73.4,Numeric,0.0,True
310,2026-05-05T04:00:00,2026-05-05 04:00:00,2026-05-05,04:00:00,Tuesday,SN-D01,Zone D,80.2,22.555555555555554,26.722222222222218,56.5,81.0,72.4,Numeric,0.0,True
311,2026-05-05T04:00:00,2026-05-05 04:00:00,2026-05-05,04:00:00,Tuesday,SN-D02,Zone D,83.0,24.555555555555557,26.722222222222218,56.5,81.0,74.4,Numeric,0.0,True
312,2026-05-05T04:00:00,2026-05-05 04:00:00,2026-05-05,04:00:00,Tuesday,SN-D03,Zone D,81.6,21.7,26.7,56.5,81.0,72.7,Numeric,0.0,True
313,2026-05-05T08:00:00,2026-05-05 08:00:00,2026-05-05,08:00:00,Tuesday,SN-A01,Zone A,72.7,29.8,32.7,41.4,,71.3,Numeric,0.0,False
314,2026-05-05T08:00:00,2026-05-05 08:00:00,2026-05-05,08:00:00,Tuesday,SN-A02,Zone A,74.6,29.1,,41.4,27366.0,71.8,Numeric,0.0,False
315,2026-05-05T08:00:00,2026-05-05 08:00:00,2026-05-05,08:00:00,Tuesday,SN-A03,Zone A,71.8,28.2,32.7,41.4,27366.0,73.1,Numeric,0.0,False
316,2026-05-05T08:00:00,2026-05-05 08:00:00,2026-05-05,08:00:00,Tuesday,SN-B01,Zone B,65.1,28.9,33.4,42.6,31489.0,71.9,Numeric,0.0,False
317,2026-05-05T08:00:00,2026-05-05 08:00:00,2026-05-05,08:00:00,Tuesday,SN-B02,Zone B,71.3,29.0,33.4,42.6,31489.0,72.1,Numeric,0.0,False
318,2026-05-05T08:00:00,2026-05-05 08:00:00,2026-05-05,08:00:00,Tuesday,SN-B03,Zone B,69.7,30.3,33.4,42.6,31489.0,70.6,Numeric,0.0,False
319,2026-05-05T08:00:00,2026-05-05 08:00:00,2026-05-05,08:00:00,Tuesday,SN-C01,Zone C,45.0,26.3,31.4,48.7,26293.0,70.2,Numeric,0.0,False
320,2026-05-05T08:00:00,2026-05-05 08:00:00,2026-05-05,08:00:00,Tuesday,SN-C02,Zone C,43.8,29.1,31.4,48.7,26293.0,72.5,Numeric,0.0,False
321,2026-05-05T08:00:00,2026-05-05 08:00:00,2026-05-05,08:00:00,Tuesday,SN-C03,Zone C,44.8,27.6,31.4,48.7,26293.0,72.3,Numeric,0.0,False
322,2026-05-05T08:00:00,2026-05-05 08:00:00,2026-05-05,08:00:00,Tuesday,SN-D01,Zone D,76.4,31.0,32.72222222222222,43.8,25331.0,71.6,Numeric,0.0,False
323,2026-05-05T08:00:00,2026-05-05 08:00:00,2026-05-05,08:00:00,Tuesday,SN-D02,Zone D,,30.444444444444443,32.72222222222222,43.8,25331.0,73.4,Numeric,0.0,False
324,2026-05-05T08:00:00,2026-05-05 08:00:00,2026-05-05,08:00:00,Tuesday,SN-D03,Zone D,80.5,29.4,32.7,43.8,25331.0,71.8,Numeric,0.0,False
325,2026-05-05T12:00:00,2026-05-05 12:00:00,2026-05-05,12:00:00,Tuesday,SN-A01,Zone A,72.2,37.5,41.4,24.9,95125.0,,Non-Numeric,0.0,
326,2026-05-05T12:00:00,2026-05-05 12:00:00,2026-05-05,12:00:00,Tuesday,SN-A02,Zone A,74.3,38.5,41.4,24.9,95125.0,70.9,Numeric,,False
327,2026-05-05T12:00:00,2026-05-05 12:00:00,2026-05-05,12:00:00,Tuesday,SN-A03,Zone A,71.7,,41.4,24.9,,71.9,Numeric,0.0,False
328,2026-05-05T12:00:00,2026-05-05 12:00:00,2026-05-05,12:00:00,Tuesday,SN-B01,Zone B,66.7,37.8,42.6,18.7,95842.0,71.0,Numeric,0.0,False
329,2026-05-05T12:00:00,2026-05-05 12:00:00,2026-05-05,12:00:00,Tuesday,SN-B02,Zone B,68.2,,42.6,18.7,95842.0,71.0,Numeric,0.0,False
330,2026-05-05T12:00:00,2026-05-05 12:00:00,2026-05-05,12:00:00,Tuesday,SN-B03,Zone B,67.4,39.4,42.6,18.7,95842.0,69.6,Numeric,0.0,False
331,2026-05-05T12:00:00,2026-05-05 12:00:00,2026-05-05,12:00:00,Tuesday,SN-C01,Zone C,42.9,36.3,40.6,26.0,93344.0,69.2,Numeric,0.0,False
332,2026-05-05T12:00:00,2026-05-05 12:00:00,2026-05-05,12:00:00,Tuesday,SN-C02,Zone C,43.5,36.9,40.6,26.0,93344.0,71.4,Numeric,0.0,False
333,2026-05-05T12:00:00,2026-05-05 12:00:00,2026-05-05,12:00:00,Tuesday,SN-C03,Zone C,41.4,35.4,,26.0,93344.0,71.2,Numeric,0.0,False
334,2026-05-05T12:00:00,2026-05-05 12:00:00,2026-05-05,12:00:00,Tuesday,SN-D01,Zone D,75.8,38.166666666666664,42.611111111111114,29.3,84503.0,70.4,Numeric,0.0,False
335,2026-05-05T12:00:00,2026-05-05 12:00:00,2026-05-05,12:00:00,Tuesday,SN-D02,Zone D,79.1,38.611111111111114,42.611111111111114,29.3,,72.1,Numeric,0.0,False
336,2026-05-05T12:00:00,2026-05-05 12:00:00,2026-05-05,12:00:00,Tuesday,SN-D03,Zone D,74.1,38.8,42.6,29.3,84503.0,70.5,Numeric,0.0,False
337,,,,,,SN-A01,Zone A,75.3,35.6,40.2,33.5,61018.0,69.3,Numeric,0.0,True
338,2026-05-05T16:00:00,2026-05-05 16:00:00,2026-05-05,16:00:00,Tuesday,SN-A02,Zone A,78.0,36.1,40.2,33.5,61018.0,69.6,Numeric,0.0,True
339,2026-05-05T16:00:00,2026-05-05 16:00:00,2026-05-05,16:00:00,Tuesday,SN-A03,Zone A,77.6,38.2,40.2,33.5,61018.0,70.6,Numeric,0.0,True
340,2026-05-05T16:00:00,2026-05-05 16:00:00,2026-05-05,16:00:00,Tuesday,SN-B01,Zone B,72.0,37.5,41.2,35.8,63936.0,69.9,Numeric,0.0,True
341,2026-05-05T16:00:00,2026-05-05 16:00:00,2026-05-05,16:00:00,Tuesday,SN-B02,Zone B,70.5,39.4,41.2,35.8,63936.0,70.1,Numeric,0.0,True
342,2026-05-05T16:00:00,2026-05-05 16:00:00,2026-05-05,16:00:00,Tuesday,SN-B03,Zone B,72.2,36.0,41.2,35.8,63936.0,68.4,Numeric,0.0,True
343,2026-05-05T16:00:00,2026-05-05 16:00:00,2026-05-05,16:00:00,Tuesday,SN-C01,Zone C,46.4,38.7,42.5,30.8,65996.0,68.2,Numeric,0.0,True
344,2026-05-05T16:00:00,2026-05-05 16:00:00,2026-05-05,16:00:00,Tuesday,SN-C02,Zone C,,39.9,42.5,30.8,65996.0,70.5,Numeric,0.0,True
345,2026-05-05T16:00:00,2026-05-05 16:00:00,2026-05-05,16:00:00,Tuesday,SN-C03,Zone C,47.9,37.5,42.5,30.8,65996.0,70.3,Numeric,0.0,True
346,2026-05-05T16:00:00,2026-05-05 16:00:00,2026-05-05,16:00:00,Tuesday,SN-D01,Zone D,,36.44444444444444,41.111111111111114,27.4,56102.0,69.4,Numeric,0.0,True
347,2026-05-05T16:00:00,2026-05-05 16:00:00,2026-05-05,16:00:00,Tuesday,SN-D02,Zone D,,36.833333333333336,41.111111111111114,27.4,56102.0,71.2,Numeric,0.0,True
348,2026-05-05T16:00:00,2026-05-05 16:00:00,2026-05-05,16:00:00,Tuesday,SN-D03,Zone D,80.1,38.1,41.1,27.4,56102.0,69.5,Numeric,0.0,True
349,2026-05-05T20:00:00,2026-05-05 20:00:00,2026-05-05,20:00:00,Tuesday,SN-A01,Zone A,73.7,,37.3,45.0,104.0,68.1,Numeric,,False
350,2026-05-05T20:00:00,2026-05-05 20:00:00,2026-05-05,20:00:00,Tuesday,SN-A02,Zone A,76.8,32.6,,45.0,104.0,68.7,Numeric,0.0,False
351,2026-05-05T20:00:00,2026-05-05 20:00:00,2026-05-05,20:00:00,Tuesday,SN-A03,Zone A,,34.0,37.3,45.0,104.0,69.7,Numeric,0.0,False
352,2026-05-05T20:00:00,2026-05-05 20:00:00,2026-05-05,20:00:00,Tuesday,SN-B01,Zone B,,34.6,-40.0,40.0,429.0,68.9,Numeric,0.0,False
353,2026-05-05T20:00:00,2026-05-05 20:00:00,2026-05-05,20:00:00,Tuesday,SN-B02,Zone B,68.8,32.3,36.5,40.0,429.0,69.2,Numeric,0.0,False
354,2026-05-05T20:00:00,2026-05-05 20:00:00,2026-05-05,20:00:00,Tuesday,SN-B03,Zone B,69.3,31.7,36.5,40.0,429.0,67.2,Numeric,0.0,False
355,2026-05-05T20:00:00,2026-05-05 20:00:00,2026-05-05,20:00:00,Tuesday,SN-C01,Zone C,43.3,33.1,35.3,37.7,970.0,67.0,Numeric,0.0,False
356,2026-05-05T20:00:00,2026-05-05 20:00:00,2026-05-05,20:00:00,Tuesday,SN-C02,Zone C,45.6,29.1,35.3,37.7,970.0,69.2,Numeric,0.0,False
357,2026-05-05T20:00:00,2026-05-05 20:00:00,2026-05-05,20:00:00,Tuesday,SN-C03,Zone C,45.6,30.8,35.3,37.7,970.0,69.4,Numeric,0.0,False
358,2026-05-05T20:00:00,2026-05-05 20:00:00,2026-05-05,20:00:00,Tuesday,SN-D01,Zone D,79.0,30.61111111111111,34.388888888888886,40.0,670.0,68.4,Numeric,,False
359,2026-05-05T20:00:00,2026-05-05 20:00:00,2026-05-05,20:00:00,Tuesday,SN-D02,Zone D,80.0,31.5,,40.0,670.0,70.0,Numeric,,False
360,2026-05-05T20:00:00,2026-05-05 20:00:00,2026-05-05,20:00:00,Tuesday,SN-D03,Zone D,77.5,30.2,,40.0,670.0,68.4,Numeric,0.0,False
361,2026-05-06T00:00:00,2026-05-06 00:00:00,2026-05-06,00:00:00,Wednesday,SN-A01,Zone A,71.2,21.6,26.0,58.3,382.0,67.2,Numeric,0.0,False
362,2026-05-06T00:00:00,2026-05-06 00:00:00,2026-05-06,00:00:00,Wednesday,SN-A02,Zone A,72.4,21.0,26.0,58.3,382.0,67.5,Numeric,0.0,False
363,2026-05-06T00:00:00,2026-05-06 00:00:00,2026-05-06,00:00:00,Wednesday,SN-A03,Zone A,74.2,22.2,26.0,58.3,382.0,68.5,Numeric,,False
364,2026-05-06T00:00:00,2026-05-06 00:00:00,2026-05-06,00:00:00,Wednesday,SN-B01,Zone B,67.4,22.6,26.7,44.8,0.0,67.8,Numeric,0.0,False
365,2026-05-06T00:00:00,2026-05-06 00:00:00,2026-05-06,00:00:00,Wednesday,SN-B02,Zone B,68.3,23.2,26.7,44.8,0.0,68.0,Numeric,,False
366,2026-05-06T00:00:00,2026-05-06 00:00:00,2026-05-06,00:00:00,Wednesday,SN-B03,Zone B,67.7,23.6,26.7,44.8,0.0,65.9,Numeric,0.0,False
367,2026-05-06T00:00:00,2026-05-06 00:00:00,2026-05-06,00:00:00,Wednesday,SN-C01,Zone C,40.3,25.7,28.1,,297.0,65.7,Numeric,0.0,False
368,2026-05-06T00:00:00,2026-05-06 00:00:00,2026-05-06,00:00:00,Wednesday,SN-C02,Zone C,42.2,24.1,28.1,61.2,297.0,68.0,Numeric,0.0,False
369,2026-05-06T00:00:00,2026-05-06 00:00:00,2026-05-06,00:00:00,Wednesday,SN-C03,Zone C,42.4,24.0,28.1,61.2,297.0,68.5,Numeric,0.0,False
370,2026-05-06T00:00:00,2026-05-06 00:00:00,2026-05-06,00:00:00,Wednesday,SN-D01,Zone D,77.9,26.77777777777778,30.166666666666668,55.1,,67.6,Numeric,0.0,False
371,2026-05-06T00:00:00,2026-05-06 00:00:00,2026-05-06,00:00:00,Wednesday,SN-D02,Zone D,75.5,25.444444444444443,30.166666666666668,55.1,69.0,68.9,Numeric,0.0,False
372,2026-05-06T00:00:00,2026-05-06 00:00:00,2026-05-06,00:00:00,Wednesday,SN-D03,Zone D,74.4,27.3,30.2,55.1,69.0,67.3,Numeric,0.0,False
373,2026-05-06T04:00:00,2026-05-06 04:00:00,2026-05-06,04:00:00,Wednesday,SN-A01,Zone A,75.7,21.4,26.7,61.9,,66.4,Numeric,0.0,True
374,2026-05-06T04:00:00,2026-05-06 04:00:00,2026-05-06,04:00:00,Wednesday,SN-A02,Zone A,,22.3,26.7,61.9,99.0,,Numeric,0.0,True
375,2026-05-06T04:00:00,2026-05-06 04:00:00,2026-05-06,04:00:00,Wednesday,SN-A03,Zone A,77.1,22.1,26.7,61.9,99.0,67.6,Numeric,0.0,True
376,2026-05-06T04:00:00,2026-05-06 04:00:00,2026-05-06,04:00:00,Wednesday,SN-B01,Zone B,,,26.9,59.2,0.0,67.0,Numeric,0.0,True
377,2026-05-06T04:00:00,2026-05-06 04:00:00,2026-05-06,04:00:00,Wednesday,SN-B02,Zone B,73.1,23.9,26.9,59.2,0.0,66.7,Numeric,0.0,True
378,2026-05-06T04:00:00,2026-05-06 04:00:00,2026-05-06,04:00:00,Wednesday,SN-B03,Zone B,71.2,23.9,26.9,59.2,0.0,64.9,Numeric,0.0,True
379,2026-05-06T04:00:00,2026-05-06 04:00:00,2026-05-06,04:00:00,Wednesday,SN-C01,Zone C,45.7,23.2,27.6,60.1,0.0,64.6,Numeric,0.0,True
380,2026-05-06T04:00:00,2026-05-06 04:00:00,2026-05-06,04:00:00,Wednesday,SN-C02,Zone C,44.0,25.5,27.6,60.1,0.0,66.8,Numeric,0.0,True
381,2026-05-06T04:00:00,2026-05-06 04:00:00,2026-05-06,04:00:00,Wednesday,SN-C03,Zone C,45.8,24.5,27.6,60.1,0.0,67.6,Numeric,0.0,True
382,2026-05-06T04:00:00,2026-05-06 04:00:00,2026-05-06,04:00:00,Wednesday,SN-D01,Zone D,80.5,21.38888888888889,27.944444444444443,59.4,0.0,66.5,Numeric,0.0,True
383,2026-05-06T04:00:00,2026-05-06 04:00:00,2026-05-06,04:00:00,Wednesday,SN-D02,Zone D,81.1,21.888888888888893,27.944444444444443,59.4,0.0,67.6,Numeric,0.0,True
384,2026-05-06T04:00:00,2026-05-06 04:00:00,2026-05-06,04:00:00,Wednesday,SN-D03,Zone D,82.1,24.2,27.9,59.4,,66.0,Numeric,0.0,True
385,2026-05-06T08:00:00,2026-05-06 08:00:00,2026-05-06,08:00:00,Wednesday,SN-A01,Zone A,72.8,26.1,30.4,48.6,29103.0,65.1,Numeric,0.0,False
386,,,,,,SN-A02,Zone A,74.2,27.1,30.4,48.6,29103.0,64.9,Numeric,0.0,False
387,2026-05-06T08:00:00,2026-05-06 08:00:00,2026-05-06,08:00:00,Wednesday,SN-A03,Zone A,78.1,26.7,30.4,48.6,29103.0,,Numeric,0.0,False
388,2026-05-06T08:00:00,2026-05-06 08:00:00,2026-05-06,08:00:00,Wednesday,SN-B01,Zone B,68.9,28.3,34.2,44.5,28433.0,66.1,Numeric,0.0,False
389,2026-05-06T08:00:00,2026-05-06 08:00:00,2026-05-06,08:00:00,Wednesday,SN-B02,Zone B,68.5,29.4,34.2,44.5,28433.0,65.8,Numeric,0.0,
390,2026-05-06T08:00:00,2026-05-06 08:00:00,2026-05-06,08:00:00,Wednesday,SN-B03,Zone B,70.3,30.3,34.2,44.5,28433.0,63.7,Numeric,0.0,False
391,2026-05-06T08:00:00,2026-05-06 08:00:00,2026-05-06,08:00:00,Wednesday,SN-C01,Zone C,41.0,26.6,30.7,46.3,27579.0,63.7,Numeric,0.0,False
392,2026-05-06T08:00:00,2026-05-06 08:00:00,2026-05-06,08:00:00,Wednesday,SN-C02,Zone C,42.9,27.0,30.7,46.3,27579.0,65.9,Numeric,0.0,False
393,2026-05-06T08:00:00,2026-05-06 08:00:00,2026-05-06,08:00:00,Wednesday,SN-C03,Zone C,45.0,28.2,30.7,46.3,27579.0,66.4,Numeric,0.0,False
394,2026-05-06T08:00:00,2026-05-06 08:00:00,2026-05-06,08:00:00,Wednesday,SN-D01,Zone D,80.3,25.888888888888886,31.72222222222222,43.1,27055.0,65.3,Numeric,,False
395,2026-05-06T08:00:00,2026-05-06 08:00:00,2026-05-06,08:00:00,Wednesday,SN-D02,Zone D,79.4,27.277777777777775,31.72222222222222,43.1,27055.0,66.7,Numeric,0.0,False
396,2026-05-06T08:00:00,2026-05-06 08:00:00,2026-05-06,08:00:00,Wednesday,SN-D03,Zone D,75.7,27.7,31.7,43.1,27055.0,64.9,Numeric,0.0,False
397,2026-05-06T12:00:00,2026-05-06 12:00:00,2026-05-06,12:00:00,Wednesday,SN-A01,Zone A,70.8,36.7,41.5,26.0,94702.0,63.8,Numeric,0.0,False
398,2026-05-06T12:00:00,2026-05-06 12:00:00,2026-05-06,12:00:00,Wednesday,SN-A02,Zone A,72.9,36.5,41.5,26.0,94702.0,63.7,Numeric,0.0,False
399,2026-05-06T12:00:00,2026-05-06 12:00:00,2026-05-06,12:00:00,Wednesday,SN-A03,Zone A,74.1,38.3,41.5,26.0,94702.0,65.2,Numeric,0.0,False
400,2026-05-06T12:00:00,2026-05-06 12:00:00,2026-05-06,12:00:00,Wednesday,SN-B01,Zone B,68.1,37.9,43.0,26.8,108244.0,65.0,Numeric,0.0,False
401,2026-05-06T12:00:00,2026-05-06 12:00:00,2026-05-06,12:00:00,Wednesday,SN-B02,Zone B,68.5,38.1,43.0,26.8,108244.0,64.8,Numeric,0.0,False
402,2026-05-06T12:00:00,2026-05-06 12:00:00,2026-05-06,12:00:00,Wednesday,SN-B03,Zone B,69.0,38.0,43.0,26.8,108244.0,62.4,Numeric,0.0,False
403,2026-05-06T12:00:00,2026-05-06 12:00:00,2026-05-06,12:00:00,Wednesday,SN-C01,Zone C,42.1,39.8,42.6,22.9,96203.0,62.5,Numeric,0.0,False
404,,,,,,SN-C02,Zone C,40.9,40.3,42.6,22.9,,64.8,Numeric,0.0,False
405,2026-05-06T12:00:00,2026-05-06 12:00:00,2026-05-06,12:00:00,Wednesday,SN-C03,Zone C,43.3,39.8,42.6,22.9,96203.0,65.2,Numeric,0.0,False
406,2026-05-06T12:00:00,2026-05-06 12:00:00,2026-05-06,12:00:00,Wednesday,SN-D01,Zone D,77.5,37.77777777777778,42.166666666666664,17.9,89616.0,64.3,Numeric,0.0,False
407,2026-05-06T12:00:00,2026-05-06 12:00:00,2026-05-06,12:00:00,Wednesday,SN-D02,Zone D,76.9,36.27777777777778,42.166666666666664,17.9,89616.0,65.9,Numeric,0.0,False
408,2026-05-06T12:00:00,2026-05-06 12:00:00,2026-05-06,12:00:00,Wednesday,SN-D03,Zone D,,37.6,42.2,17.9,89616.0,64.0,Numeric,0.0,False
409,2026-05-06T16:00:00,2026-05-06 16:00:00,2026-05-06,16:00:00,Wednesday,SN-A01,Zone A,75.2,37.6,42.5,33.8,55038.0,63.0,Numeric,0.0,True
410,2026-05-06T16:00:00,2026-05-06 16:00:00,2026-05-06,16:00:00,Wednesday,SN-A02,Zone A,76.5,37.2,-40.0,33.8,,,Non-Numeric,0.0,True
411,2026-05-06T16:00:00,2026-05-06 16:00:00,2026-05-06,16:00:00,Wednesday,SN-A03,Zone A,78.8,37.9,42.5,33.8,55038.0,64.2,Numeric,0.0,True
412,2026-05-06T16:00:00,2026-05-06 16:00:00,2026-05-06,16:00:00,Wednesday,SN-B01,Zone B,71.2,38.2,40.8,31.8,68048.0,63.9,Numeric,0.0,True
413,2026-05-06T16:00:00,2026-05-06 16:00:00,2026-05-06,16:00:00,Wednesday,SN-B02,Zone B,,37.3,40.8,,68048.0,63.7,Numeric,0.0,True
414,2026-05-06T16:00:00,2026-05-06 16:00:00,2026-05-06,16:00:00,Wednesday,SN-B03,Zone B,71.7,36.8,40.8,31.8,68048.0,61.5,Numeric,0.0,True
415,2026-05-06T16:00:00,2026-05-06 16:00:00,2026-05-06,16:00:00,Wednesday,SN-C01,Zone C,47.4,38.4,42.4,32.7,58360.0,,Numeric,0.0,True
416,2026-05-06T16:00:00,2026-05-06 16:00:00,2026-05-06,16:00:00,Wednesday,SN-C02,Zone C,45.4,39.1,42.4,32.7,58360.0,63.7,Numeric,0.0,True
417,2026-05-06T16:00:00,2026-05-06 16:00:00,2026-05-06,16:00:00,Wednesday,SN-C03,Zone C,45.3,40.4,42.4,32.7,58360.0,64.0,Numeric,0.0,True
418,2026-05-06T16:00:00,2026-05-06 16:00:00,2026-05-06,16:00:00,Wednesday,SN-D01,Zone D,82.5,38.27777777777778,,28.1,62013.0,63.2,Numeric,0.0,True
419,2026-05-06T16:00:00,2026-05-06 16:00:00,2026-05-06,16:00:00,Wednesday,SN-D02,Zone D,83.7,35.77777777777778,40.333333333333336,28.1,62013.0,65.0,Numeric,0.0,True
420,2026-05-06T16:00:00,2026-05-06 16:00:00,2026-05-06,16:00:00,Wednesday,SN-D03,Zone D,83.5,35.8,40.4,28.1,62013.0,62.8,Numeric,0.0,True
421,2026-05-06T20:00:00,2026-05-06 20:00:00,2026-05-06,20:00:00,Wednesday,SN-A01,Zone A,74.3,32.9,35.1,43.0,880.0,61.8,Numeric,0.0,False
422,2026-05-06T20:00:00,2026-05-06 20:00:00,2026-05-06,20:00:00,Wednesday,SN-A02,Zone A,73.8,32.4,35.1,43.0,880.0,61.3,Numeric,0.0,False
423,2026-05-06T20:00:00,2026-05-06 20:00:00,2026-05-06,20:00:00,Wednesday,SN-A03,Zone A,73.6,30.2,35.1,43.0,,63.1,Numeric,0.0,False
424,2026-05-06T20:00:00,2026-05-06 20:00:00,2026-05-06,20:00:00,Wednesday,SN-B01,Zone B,67.7,31.9,35.9,37.6,1007.0,62.8,Numeric,0.0,False
425,2026-05-06T20:00:00,2026-05-06 20:00:00,2026-05-06,20:00:00,Wednesday,SN-B02,Zone B,70.4,30.1,,37.6,1007.0,62.8,Numeric,0.0,False
426,2026-05-06T20:00:00,2026-05-06 20:00:00,2026-05-06,20:00:00,Wednesday,SN-B03,Zone B,71.3,31.8,35.9,37.6,1007.0,60.6,Numeric,0.0,False
427,2026-05-06T20:00:00,2026-05-06 20:00:00,2026-05-06,20:00:00,Wednesday,SN-C01,Zone C,,29.8,34.6,38.9,598.0,60.3,Numeric,0.0,False
428,2026-05-06T20:00:00,2026-05-06 20:00:00,2026-05-06,20:00:00,Wednesday,SN-C02,Zone C,42.4,28.9,34.6,38.9,598.0,62.7,Numeric,0.0,False
429,2026-05-06T20:00:00,2026-05-06 20:00:00,2026-05-06,20:00:00,Wednesday,SN-C03,Zone C,,30.2,34.6,38.9,598.0,63.0,Numeric,0.0,False
430,2026-05-06T20:00:00,2026-05-06 20:00:00,2026-05-06,20:00:00,Wednesday,SN-D01,Zone D,80.3,28.944444444444443,34.666666666666664,39.5,577.0,62.1,Numeric,0.0,False
431,2026-05-06T20:00:00,2026-05-06 20:00:00,2026-05-06,20:00:00,Wednesday,SN-D02,Zone D,79.8,30.0,,39.5,,,Non-Numeric,0.0,False
432,2026-05-06T20:00:00,2026-05-06 20:00:00,2026-05-06,20:00:00,Wednesday,SN-D03,Zone D,79.5,30.4,34.7,39.5,577.0,61.7,Numeric,0.0,False
433,2026-05-07T00:00:00,2026-05-07 00:00:00,2026-05-07,00:00:00,Thursday,SN-A01,Zone A,81.4,24.9,28.7,60.9,34.0,,Numeric,2.1,False
434,2026-05-07T00:00:00,2026-05-07 00:00:00,2026-05-07,00:00:00,Thursday,SN-A02,Zone A,77.4,25.4,28.7,60.9,34.0,60.4,Numeric,2.1,False
435,2026-05-07T00:00:00,2026-05-07 00:00:00,2026-05-07,00:00:00,Thursday,SN-A03,Zone A,79.3,22.7,28.7,60.9,34.0,62.2,Numeric,2.1,False
436,2026-05-07T00:00:00,2026-05-07 00:00:00,2026-05-07,00:00:00,Thursday,SN-B01,Zone B,74.2,28.8,29.8,75.4,0.0,61.8,Numeric,2.8,False
437,2026-05-07T00:00:00,2026-05-07 00:00:00,2026-05-07,00:00:00,Thursday,SN-B02,Zone B,74.1,26.1,29.8,75.4,0.0,61.7,Numeric,2.8,False
438,2026-05-07T00:00:00,2026-05-07 00:00:00,2026-05-07,00:00:00,Thursday,SN-B03,Zone B,67.0,27.5,29.8,75.4,0.0,59.6,Numeric,2.8,False
439,2026-05-07T00:00:00,2026-05-07 00:00:00,2026-05-07,00:00:00,Thursday,SN-C01,Zone C,50.1,24.7,31.4,58.7,0.0,59.3,Numeric,6.9,False
440,2026-05-07T00:00:00,2026-05-07 00:00:00,2026-05-07,00:00:00,Thursday,SN-C02,Zone C,44.7,26.3,31.4,58.7,0.0,61.5,Numeric,6.9,False
441,2026-05-07T00:00:00,2026-05-07 00:00:00,2026-05-07,00:00:00,Thursday,SN-C03,Zone C,48.8,26.0,31.4,58.7,0.0,62.2,Numeric,6.9,False
442,2026-05-07T00:00:00,2026-05-07 00:00:00,2026-05-07,00:00:00,Thursday,SN-D01,Zone D,80.1,25.11111111111111,29.22222222222222,71.5,13.0,,Non-Numeric,2.1,False
443,2026-05-07T00:00:00,2026-05-07 00:00:00,2026-05-07,00:00:00,Thursday,SN-D02,Zone D,,24.499999999999996,29.22222222222222,71.5,13.0,63.1,Numeric,2.1,False
444,2026-05-07T00:00:00,2026-05-07 00:00:00,2026-05-07,00:00:00,Thursday,SN-D03,Zone D,,28.4,29.2,71.5,13.0,60.5,Numeric,2.1,False
445,2026-05-07T04:00:00,2026-05-07 04:00:00,2026-05-07,04:00:00,Thursday,SN-A01,Zone A,86.2,22.7,27.8,78.2,419.0,59.9,Numeric,7.5,True
446,2026-05-07T04:00:00,2026-05-07 04:00:00,2026-05-07,04:00:00,Thursday,SN-A02,Zone A,84.6,24.1,27.8,78.2,419.0,59.2,Numeric,7.5,True
447,2026-05-07T04:00:00,2026-05-07 04:00:00,2026-05-07,04:00:00,Thursday,SN-A03,Zone A,85.1,22.5,27.8,78.2,419.0,61.1,Numeric,7.5,True
448,2026-05-07T04:00:00,2026-05-07 04:00:00,2026-05-07,04:00:00,Thursday,SN-B01,Zone B,82.0,21.3,26.2,67.9,0.0,60.7,Numeric,8.3,True
449,2026-05-07T04:00:00,2026-05-07 04:00:00,2026-05-07,04:00:00,Thursday,SN-B02,Zone B,78.7,23.1,,67.9,0.0,60.5,Numeric,8.3,True
450,2026-05-07T04:00:00,2026-05-07 04:00:00,2026-05-07,04:00:00,Thursday,SN-B03,Zone B,75.6,22.2,26.2,67.9,0.0,58.7,Numeric,8.3,
451,2026-05-07T04:00:00,2026-05-07 04:00:00,2026-05-07,04:00:00,Thursday,SN-C01,Zone C,55.7,23.6,27.7,74.8,0.0,58.3,Numeric,,True
452,2026-05-07T04:00:00,2026-05-07 04:00:00,2026-05-07,04:00:00,Thursday,SN-C02,Zone C,51.7,22.1,27.7,74.8,0.0,60.5,Numeric,1.7,True
453,2026-05-07T04:00:00,2026-05-07 04:00:00,2026-05-07,04:00:00,Thursday,SN-C03,Zone C,57.6,24.8,27.7,74.8,0.0,61.1,Numeric,1.7,True
454,2026-05-07T04:00:00,2026-05-07 04:00:00,2026-05-07,04:00:00,Thursday,SN-D01,Zone D,89.2,25.666666666666668,27.77777777777778,67.5,,60.1,Numeric,7.4,True
455,2026-05-07T04:00:00,2026-05-07 04:00:00,2026-05-07,04:00:00,Thursday,SN-D02,Zone D,,24.388888888888893,27.77777777777778,67.5,0.0,61.9,Numeric,7.4,True
456,2026-05-07T04:00:00,2026-05-07 04:00:00,2026-05-07,04:00:00,Thursday,SN-D03,Zone D,88.4,23.1,27.8,67.5,0.0,59.2,Numeric,7.4,True
457,2026-05-07T08:00:00,2026-05-07 08:00:00,2026-05-07,08:00:00,Thursday,SN-A01,Zone A,90.6,29.4,33.5,51.8,25913.0,59.1,Numeric,5.9,False
458,2026-05-07T08:00:00,2026-05-07 08:00:00,2026-05-07,08:00:00,Thursday,SN-A02,Zone A,89.1,27.8,33.5,51.8,25913.0,,Numeric,5.9,False
459,2026-05-07T08:00:00,2026-05-07 08:00:00,2026-05-07,08:00:00,Thursday,SN-A03,Zone A,89.2,30.1,33.5,51.8,25913.0,60.2,Numeric,5.9,False
460,2026-05-07T08:00:00,2026-05-07 08:00:00,2026-05-07,08:00:00,Thursday,SN-B01,Zone B,84.0,34.1,35.4,57.0,25368.0,,Numeric,7.3,False
461,2026-05-07T08:00:00,2026-05-07 08:00:00,2026-05-07,08:00:00,Thursday,SN-B02,Zone B,80.7,31.7,35.4,57.0,25368.0,59.6,Numeric,7.3,False
462,2026-05-07T08:00:00,2026-05-07 08:00:00,2026-05-07,08:00:00,Thursday,SN-B03,Zone B,78.2,30.9,35.4,57.0,25368.0,57.7,Numeric,7.3,False
463,2026-05-07T08:00:00,2026-05-07 08:00:00,2026-05-07,08:00:00,Thursday,SN-C01,Zone C,54.2,26.6,31.5,62.9,30999.0,57.1,Numeric,3.6,False
464,2026-05-07T08:00:00,2026-05-07 08:00:00,2026-05-07,08:00:00,Thursday,SN-C02,Zone C,52.5,28.3,31.5,,30999.0,59.5,Numeric,3.6,False
465,2026-05-07T08:00:00,2026-05-07 08:00:00,2026-05-07,08:00:00,Thursday,SN-C03,Zone C,60.6,28.3,31.5,,30999.0,59.8,Numeric,3.6,False
466,2026-05-07T08:00:00,2026-05-07 08:00:00,2026-05-07,08:00:00,Thursday,SN-D01,Zone D,90.7,26.833333333333332,32.111111111111114,47.8,,58.8,Numeric,2.6,False
467,2026-05-07T08:00:00,2026-05-07 08:00:00,2026-05-07,08:00:00,Thursday,SN-D02,Zone D,91.2,28.055555555555557,32.111111111111114,47.8,24579.0,60.9,Numeric,2.6,False
468,2026-05-07T08:00:00,2026-05-07 08:00:00,2026-05-07,08:00:00,Thursday,SN-D03,Zone D,92.3,28.8,32.1,47.8,24579.0,58.1,Numeric,2.6,False
469,2026-05-07T12:00:00,2026-05-07 12:00:00,2026-05-07,12:00:00,Thursday,SN-A01,Zone A,94.8,38.0,42.0,31.0,89775.0,58.1,Numeric,,False
470,2026-05-07T12:00:00,2026-05-07 12:00:00,2026-05-07,12:00:00,Thursday,SN-A02,Zone A,94.5,38.3,42.0,,89775.0,57.2,Numeric,5.9,False
471,2026-05-07T12:00:00,2026-05-07 12:00:00,2026-05-07,12:00:00,Thursday,SN-A03,Zone A,89.3,36.8,42.0,31.0,89775.0,59.0,Numeric,5.9,False
472,2026-05-07T12:00:00,2026-05-07 12:00:00,2026-05-07,12:00:00,Thursday,SN-B01,Zone B,,,43.0,46.8,108990.0,58.7,Numeric,4.3,False
473,2026-05-07T12:00:00,2026-05-07 12:00:00,2026-05-07,12:00:00,Thursday,SN-B02,Zone B,82.0,36.7,43.0,46.8,108990.0,58.6,Numeric,4.3,False
474,2026-05-07T12:00:00,2026-05-07 12:00:00,2026-05-07,12:00:00,Thursday,SN-B03,Zone B,85.6,37.8,43.0,46.8,108990.0,56.9,Numeric,,False
475,2026-05-07T12:00:00,2026-05-07 12:00:00,2026-05-07,12:00:00,Thursday,SN-C01,Zone C,57.7,42.1,44.9,39.0,86671.0,56.0,Numeric,2.6,False
476,2026-05-07T12:00:00,2026-05-07 12:00:00,2026-05-07,12:00:00,Thursday,SN-C02,Zone C,56.7,40.4,,39.0,86671.0,58.6,Numeric,2.6,False
477,2026-05-07T12:00:00,2026-05-07 12:00:00,2026-05-07,12:00:00,Thursday,SN-C03,Zone C,60.5,41.0,44.9,39.0,86671.0,58.6,Numeric,2.6,False
478,2026-05-07T12:00:00,2026-05-07 12:00:00,2026-05-07,12:00:00,Thursday,SN-D01,Zone D,94.3,38.5,42.611111111111114,37.3,86741.0,57.9,Numeric,8.1,False
479,2026-05-07T12:00:00,2026-05-07 12:00:00,2026-05-07,12:00:00,Thursday,SN-D02,Zone D,94.5,38.44444444444444,42.611111111111114,37.3,86741.0,59.7,Numeric,8.1,False
480,2026-05-07T12:00:00,2026-05-07 12:00:00,2026-05-07,12:00:00,Thursday,SN-D03,Zone D,95.0,36.8,42.6,37.3,86741.0,56.8,Numeric,8.1,False
481,2026-05-07T16:00:00,2026-05-07 16:00:00,2026-05-07,16:00:00,Thursday,SN-A01,Zone A,90.2,35.2,38.1,31.8,64677.0,56.8,Numeric,6.0,True
482,2026-05-07T16:00:00,2026-05-07 16:00:00,2026-05-07,16:00:00,Thursday,SN-A02,Zone A,86.8,35.5,38.1,31.8,64677.0,56.1,Numeric,6.0,True
483,2026-05-07T16:00:00,2026-05-07 16:00:00,2026-05-07,16:00:00,Thursday,SN-A03,Zone A,87.1,33.8,38.1,31.8,64677.0,58.0,Numeric,6.0,True
484,2026-05-07T16:00:00,2026-05-07 16:00:00,2026-05-07,16:00:00,Thursday,SN-B01,Zone B,88.7,36.3,41.4,33.7,54348.0,57.7,Numeric,7.5,
485,,,,,,SN-B02,Zone B,81.5,,41.4,33.7,54348.0,57.4,Numeric,7.5,True
486,2026-05-07T16:00:00,2026-05-07 16:00:00,2026-05-07,16:00:00,Thursday,SN-B03,Zone B,88.1,38.3,41.4,33.7,54348.0,55.9,Numeric,7.5,True
487,2026-05-07T16:00:00,2026-05-07 16:00:00,2026-05-07,16:00:00,Thursday,SN-C01,Zone C,59.0,38.2,43.1,42.7,56815.0,54.8,Numeric,3.6,True
488,2026-05-07T16:00:00,2026-05-07 16:00:00,2026-05-07,16:00:00,Thursday,SN-C02,Zone C,59.5,37.4,43.1,42.7,,57.5,Numeric,3.6,True
489,2026-05-07T16:00:00,2026-05-07 16:00:00,2026-05-07,16:00:00,Thursday,SN-C03,Zone C,57.9,,43.1,42.7,56815.0,57.3,Numeric,,True
490,2026-05-07T16:00:00,2026-05-07 16:00:00,2026-05-07,16:00:00,Thursday,SN-D01,Zone D,93.5,32.5,37.111111111111114,42.8,62425.0,56.8,Numeric,7.2,True
491,2026-05-07T16:00:00,2026-05-07 16:00:00,2026-05-07,16:00:00,Thursday,SN-D02,Zone D,94.9,32.888888888888886,37.111111111111114,42.8,62425.0,58.7,Numeric,7.2,True
492,2026-05-07T16:00:00,2026-05-07 16:00:00,2026-05-07,16:00:00,Thursday,SN-D03,Zone D,94.5,35.1,37.1,42.8,62425.0,55.9,Numeric,7.2,True
493,2026-05-07T20:00:00,2026-05-07 20:00:00,2026-05-07,20:00:00,Thursday,SN-A01,Zone A,96.1,29.6,32.5,48.9,152.0,55.5,Numeric,5.6,False
494,2026-05-07T20:00:00,2026-05-07 20:00:00,2026-05-07,20:00:00,Thursday,SN-A02,Zone A,92.9,30.4,32.5,48.9,152.0,54.9,Numeric,5.6,False
495,2026-05-07T20:00:00,2026-05-07 20:00:00,2026-05-07,20:00:00,Thursday,SN-A03,Zone A,91.2,29.8,32.5,48.9,152.0,57.2,Numeric,5.6,False
496,2026-05-07T20:00:00,2026-05-07 20:00:00,2026-05-07,20:00:00,Thursday,SN-B01,Zone B,91.8,30.9,34.1,51.4,1065.0,56.8,Numeric,5.8,False
497,2026-05-07T20:00:00,2026-05-07 20:00:00,2026-05-07,20:00:00,Thursday,SN-B02,Zone B,84.6,29.6,34.1,51.4,1065.0,56.5,Numeric,5.8,False
498,2026-05-07T20:00:00,2026-05-07 20:00:00,2026-05-07,20:00:00,Thursday,SN-B03,Zone B,90.4,30.5,34.1,51.4,1065.0,55.0,Numeric,5.8,False
499,,,,,,SN-C01,Zone C,58.9,30.1,33.3,43.3,222.0,53.7,Numeric,5.0,False
500,2026-05-07T20:00:00,2026-05-07 20:00:00,2026-05-07,20:00:00,Thursday,SN-C02,Zone C,62.6,28.3,33.3,,222.0,56.6,Numeric,5.0,False
501,2026-05-07T20:00:00,2026-05-07 20:00:00,2026-05-07,20:00:00,Thursday,SN-C03,Zone C,64.5,30.5,33.3,43.3,222.0,56.5,Numeric,5.0,False
502,2026-05-07T20:00:00,2026-05-07 20:00:00,2026-05-07,20:00:00,Thursday,SN-D01,Zone D,95.7,30.38888888888889,35.05555555555556,59.1,585.0,55.7,Numeric,2.4,
503,2026-05-07T20:00:00,2026-05-07 20:00:00,2026-05-07,20:00:00,Thursday,SN-D02,Zone D,95.9,32.888888888888886,35.05555555555556,59.1,585.0,57.7,Numeric,2.4,False
504,2026-05-07T20:00:00,2026-05-07 20:00:00,2026-05-07,20:00:00,Thursday,SN-D03,Zone D,98.7,33.4,35.1,59.1,585.0,55.1,Numeric,2.4,
505,2026-05-08T00:00:00,2026-05-08 00:00:00,2026-05-08,00:00:00,Friday,SN-A01,Zone A,93.7,24.6,26.4,53.4,0.0,54.3,Numeric,,False
506,2026-05-08T00:00:00,2026-05-08 00:00:00,2026-05-08,00:00:00,Friday,SN-A02,Zone A,90.3,22.4,26.4,53.4,0.0,53.6,Numeric,0.0,False
507,2026-05-08T00:00:00,2026-05-08 00:00:00,2026-05-08,00:00:00,Friday,SN-A03,Zone A,89.6,21.8,26.4,53.4,0.0,56.2,Numeric,0.0,False
508,2026-05-08T00:00:00,2026-05-08 00:00:00,2026-05-08,00:00:00,Friday,SN-B01,Zone B,89.2,27.7,30.4,58.1,166.0,55.6,Numeric,0.0,
509,2026-05-08T00:00:00,2026-05-08 00:00:00,2026-05-08,00:00:00,Friday,SN-B02,Zone B,84.6,27.3,30.4,58.1,166.0,55.3,Numeric,0.0,False
510,2026-05-08T00:00:00,2026-05-08 00:00:00,2026-05-08,00:00:00,Friday,SN-B03,Zone B,,27.0,30.4,58.1,166.0,54.1,Numeric,0.0,False
511,,,,,,SN-C01,Zone C,55.1,23.6,27.9,56.7,392.0,52.5,Numeric,0.0,False
512,2026-05-08T00:00:00,2026-05-08 00:00:00,2026-05-08,00:00:00,Friday,SN-C02,Zone C,61.8,24.6,27.9,56.7,392.0,55.3,Numeric,0.0,False
513,2026-05-08T00:00:00,2026-05-08 00:00:00,2026-05-08,00:00:00,Friday,SN-C03,Zone C,60.3,23.8,27.9,56.7,392.0,55.7,Numeric,0.0,
514,2026-05-08T00:00:00,2026-05-08 00:00:00,2026-05-08,00:00:00,Friday,SN-D01,Zone D,96.1,23.166666666666668,28.72222222222222,56.8,0.0,54.8,Numeric,0.0,False
515,2026-05-08T00:00:00,2026-05-08 00:00:00,2026-05-08,00:00:00,Friday,SN-D02,Zone D,97.0,,28.72222222222222,56.8,0.0,56.9,Numeric,0.0,False
516,2026-05-08T00:00:00,2026-05-08 00:00:00,2026-05-08,00:00:00,Friday,SN-D03,Zone D,95.5,23.2,28.7,56.8,0.0,,Non-Numeric,0.0,False
517,2026-05-08T04:00:00,2026-05-08 04:00:00,2026-05-08,04:00:00,Friday,SN-A01,Zone A,83.9,23.7,26.8,63.0,25.0,53.3,Numeric,0.0,True
518,2026-05-08T04:00:00,2026-05-08 04:00:00,2026-05-08,04:00:00,Friday,SN-A02,Zone A,84.4,20.0,26.8,63.0,25.0,,Numeric,0.0,True
519,2026-05-08T04:00:00,2026-05-08 04:00:00,2026-05-08,04:00:00,Friday,SN-A03,Zone A,81.8,22.7,26.8,63.0,25.0,55.0,Numeric,0.0,True
520,2026-05-08T04:00:00,2026-05-08 04:00:00,2026-05-08,04:00:00,Friday,SN-B01,Zone B,76.0,21.5,27.1,64.8,0.0,54.6,Numeric,0.0,True
521,2026-05-08T04:00:00,2026-05-08 04:00:00,2026-05-08,04:00:00,Friday,SN-B02,Zone B,77.3,22.7,27.1,64.8,,54.4,Numeric,0.0,True
522,2026-05-08T04:00:00,2026-05-08 04:00:00,2026-05-08,04:00:00,Friday,SN-B03,Zone B,79.1,21.2,27.1,64.8,0.0,53.1,Numeric,0.0,True
523,2026-05-08T04:00:00,2026-05-08 04:00:00,2026-05-08,04:00:00,Friday,SN-C01,Zone C,50.8,24.9,26.2,61.8,0.0,,Non-Numeric,0.0,True
524,2026-05-08T04:00:00,2026-05-08 04:00:00,2026-05-08,04:00:00,Friday,SN-C02,Zone C,52.8,20.8,26.2,,0.0,54.4,Numeric,0.0,True
525,2026-05-08T04:00:00,2026-05-08 04:00:00,2026-05-08,04:00:00,Friday,SN-C03,Zone C,,22.1,26.2,61.8,0.0,54.7,Numeric,0.0,True
526,2026-05-08T04:00:00,2026-05-08 04:00:00,2026-05-08,04:00:00,Friday,SN-D01,Zone D,86.8,22.61111111111111,28.277777777777782,58.5,355.0,53.6,Numeric,0.0,True
527,2026-05-08T04:00:00,2026-05-08 04:00:00,2026-05-08,04:00:00,Friday,SN-D02,Zone D,86.4,24.944444444444446,28.277777777777782,58.5,355.0,56.0,Numeric,0.0,True
528,2026-05-08T04:00:00,2026-05-08 04:00:00,2026-05-08,04:00:00,Friday,SN-D03,Zone D,87.0,,28.3,58.5,355.0,52.9,Numeric,0.0,True
529,2026-05-08T08:00:00,2026-05-08 08:00:00,2026-05-08,08:00:00,Friday,SN-A01,Zone A,82.4,30.6,33.9,37.5,31223.0,52.2,Numeric,0.0,False
530,2026-05-08T08:00:00,2026-05-08 08:00:00,2026-05-08,08:00:00,Friday,SN-A02,Zone A,80.6,28.5,33.9,37.5,,51.6,Numeric,0.0,False
531,2026-05-08T08:00:00,2026-05-08 08:00:00,2026-05-08,08:00:00,Friday,SN-A03,Zone A,80.0,30.2,33.9,37.5,31223.0,53.9,Numeric,0.0,False
532,2026-05-08T08:00:00,2026-05-08 08:00:00,2026-05-08,08:00:00,Friday,SN-B01,Zone B,76.5,29.5,35.3,38.4,30099.0,53.7,Numeric,0.0,False
533,2026-05-08T08:00:00,2026-05-08 08:00:00,2026-05-08,08:00:00,Friday,SN-B02,Zone B,76.3,29.5,35.3,38.4,30099.0,53.5,Numeric,0.0,False
534,2026-05-08T08:00:00,2026-05-08 08:00:00,2026-05-08,08:00:00,Friday,SN-B03,Zone B,75.7,28.3,35.3,38.4,30099.0,52.3,Numeric,0.0,False
535,2026-05-08T08:00:00,2026-05-08 08:00:00,2026-05-08,08:00:00,Friday,SN-C01,Zone C,49.6,27.7,32.5,36.9,23859.0,50.7,Numeric,0.0,False
536,2026-05-08T08:00:00,2026-05-08 08:00:00,2026-05-08,08:00:00,Friday,SN-C02,Zone C,51.5,28.4,32.5,36.9,23859.0,53.4,Numeric,0.0,False
537,2026-05-08T08:00:00,2026-05-08 08:00:00,2026-05-08,08:00:00,Friday,SN-C03,Zone C,54.3,28.4,32.5,36.9,23859.0,53.7,Numeric,,False
538,2026-05-08T08:00:00,2026-05-08 08:00:00,2026-05-08,08:00:00,Friday,SN-D01,Zone D,87.7,29.38888888888889,34.388888888888886,44.3,25235.0,52.5,Numeric,0.0,False
539,2026-05-08T08:00:00,2026-05-08 08:00:00,2026-05-08,08:00:00,Friday,SN-D02,Zone D,83.5,31.11111111111111,34.388888888888886,44.3,25235.0,54.8,Numeric,0.0,False
540,,,,,,SN-D03,Zone D,87.5,29.1,34.4,,25235.0,52.1,Numeric,0.0,False
541,2026-05-08T12:00:00,2026-05-08 12:00:00,2026-05-08,12:00:00,Friday,SN-A01,Zone A,78.3,39.0,41.7,25.2,101870.0,51.1,Numeric,0.0,False
542,2026-05-08T12:00:00,2026-05-08 12:00:00,2026-05-08,12:00:00,Friday,SN-A02,Zone A,80.1,36.7,41.7,25.2,101870.0,50.7,Numeric,0.0,False
543,2026-05-08T12:00:00,2026-05-08 12:00:00,2026-05-08,12:00:00,Friday,SN-A03,Zone A,76.6,39.1,41.7,25.2,101870.0,53.1,Numeric,0.0,False
544,2026-05-08T12:00:00,2026-05-08 12:00:00,2026-05-08,12:00:00,Friday,SN-B01,Zone B,75.1,37.2,42.2,25.3,95578.0,52.9,Numeric,0.0,False
545,2026-05-08T12:00:00,2026-05-08 12:00:00,2026-05-08,12:00:00,Friday,SN-B02,Zone B,73.7,38.9,42.2,25.3,95578.0,52.6,Numeric,,False
546,2026-05-08T12:00:00,2026-05-08 12:00:00,2026-05-08,12:00:00,Friday,SN-B03,Zone B,75.2,36.8,42.2,,95578.0,51.0,Numeric,,False
547,2026-05-08T12:00:00,2026-05-08 12:00:00,2026-05-08,12:00:00,Friday,SN-C01,Zone C,45.4,40.5,43.7,26.4,89823.0,49.6,Numeric,0.0,False
548,2026-05-08T12:00:00,2026-05-08 12:00:00,2026-05-08,12:00:00,Friday,SN-C02,Zone C,47.7,39.9,,26.4,89823.0,52.6,Numeric,0.0,False
549,2026-05-08T12:00:00,2026-05-08 12:00:00,2026-05-08,12:00:00,Friday,SN-C03,Zone C,,38.0,,26.4,89823.0,52.5,Numeric,0.0,False
550,2026-05-08T12:00:00,2026-05-08 12:00:00,2026-05-08,12:00:00,Friday,SN-D01,Zone D,86.9,37.94444444444444,42.611111111111114,33.3,104669.0,51.6,Numeric,0.0,False
551,2026-05-08T12:00:00,2026-05-08 12:00:00,2026-05-08,12:00:00,Friday,SN-D02,Zone D,81.9,37.72222222222222,42.611111111111114,33.3,104669.0,54.0,Numeric,0.0,False
552,2026-05-08T12:00:00,2026-05-08 12:00:00,2026-05-08,12:00:00,Friday,SN-D03,Zone D,86.6,39.3,42.6,33.3,104669.0,51.2,Numeric,0.0,False
553,2026-05-08T16:00:00,2026-05-08 16:00:00,2026-05-08,16:00:00,Friday,SN-A01,Zone A,81.0,38.8,42.2,21.8,67266.0,49.9,Numeric,0.0,
554,2026-05-08T16:00:00,2026-05-08 16:00:00,2026-05-08,16:00:00,Friday,SN-A02,Zone A,78.2,39.3,42.2,21.8,67266.0,49.7,Numeric,0.0,True
555,2026-05-08T16:00:00,2026-05-08 16:00:00,2026-05-08,16:00:00,Friday,SN-A03,Zone A,77.5,38.8,42.2,21.8,67266.0,51.9,Numeric,0.0,True
556,2026-05-08T16:00:00,2026-05-08 16:00:00,2026-05-08,16:00:00,Friday,SN-B01,Zone B,74.2,37.8,40.2,19.0,67472.0,52.0,Numeric,0.0,True
557,2026-05-08T16:00:00,2026-05-08 16:00:00,2026-05-08,16:00:00,Friday,SN-B02,Zone B,71.7,36.0,40.2,19.0,67472.0,51.6,Numeric,0.0,True
558,2026-05-08T16:00:00,2026-05-08 16:00:00,2026-05-08,16:00:00,Friday,SN-B03,Zone B,75.4,35.5,40.2,19.0,67472.0,50.1,Numeric,0.0,True
559,2026-05-08T16:00:00,2026-05-08 16:00:00,2026-05-08,16:00:00,Friday,SN-C01,Zone C,49.5,34.6,40.3,28.7,65699.0,48.3,Numeric,0.0,True
560,2026-05-08T16:00:00,2026-05-08 16:00:00,2026-05-08,16:00:00,Friday,SN-C02,Zone C,51.2,36.7,40.3,28.7,65699.0,51.6,Numeric,0.0,True
561,2026-05-08T16:00:00,2026-05-08 16:00:00,2026-05-08,16:00:00,Friday,SN-C03,Zone C,50.0,33.7,40.3,28.7,65699.0,51.6,Numeric,0.0,True
562,2026-05-08T16:00:00,2026-05-08 16:00:00,2026-05-08,16:00:00,Friday,SN-D01,Zone D,82.5,38.888888888888886,42.22222222222222,28.7,52844.0,50.5,Numeric,,True
563,2026-05-08T16:00:00,2026-05-08 16:00:00,2026-05-08,16:00:00,Friday,SN-D02,Zone D,84.2,39.72222222222222,42.22222222222222,28.7,52844.0,52.9,Numeric,0.0,
564,2026-05-08T16:00:00,2026-05-08 16:00:00,2026-05-08,16:00:00,Friday,SN-D03,Zone D,83.0,37.6,42.2,28.7,52844.0,50.2,Numeric,0.0,
565,2026-05-08T20:00:00,2026-05-08 20:00:00,2026-05-08,20:00:00,Friday,SN-A01,Zone A,77.2,29.7,35.6,29.9,568.0,48.9,Numeric,0.0,False
566,2026-05-08T20:00:00,2026-05-08 20:00:00,2026-05-08,20:00:00,Friday,SN-A02,Zone A,76.3,32.0,35.6,29.9,568.0,48.7,Numeric,,False
567,2026-05-08T20:00:00,2026-05-08 20:00:00,2026-05-08,20:00:00,Friday,SN-A03,Zone A,74.9,31.9,35.6,29.9,568.0,50.6,Numeric,0.0,False
568,2026-05-08T20:00:00,2026-05-08 20:00:00,2026-05-08,20:00:00,Friday,SN-B01,Zone B,73.0,30.7,34.9,41.7,639.0,51.0,Numeric,0.0,False
569,2026-05-08T20:00:00,2026-05-08 20:00:00,2026-05-08,20:00:00,Friday,SN-B02,Zone B,72.4,30.7,34.9,,639.0,50.5,Numeric,0.0,False
570,2026-05-08T20:00:00,2026-05-08 20:00:00,2026-05-08,20:00:00,Friday,SN-B03,Zone B,73.1,33.4,34.9,41.7,639.0,49.0,Numeric,0.0,False
571,2026-05-08T20:00:00,2026-05-08 20:00:00,2026-05-08,20:00:00,Friday,SN-C01,Zone C,47.6,31.1,35.2,37.5,,47.2,Numeric,0.0,False
572,2026-05-08T20:00:00,2026-05-08 20:00:00,2026-05-08,20:00:00,Friday,SN-C02,Zone C,46.9,32.8,35.2,37.5,76.0,50.7,Numeric,0.0,False
573,2026-05-08T20:00:00,2026-05-08 20:00:00,2026-05-08,20:00:00,Friday,SN-C03,Zone C,44.1,30.2,35.2,37.5,76.0,50.6,Numeric,0.0,False
574,2026-05-08T20:00:00,2026-05-08 20:00:00,2026-05-08,20:00:00,Friday,SN-D01,Zone D,82.8,31.333333333333332,33.5,46.8,1126.0,49.4,Numeric,0.0,False
575,2026-05-08T20:00:00,2026-05-08 20:00:00,2026-05-08,20:00:00,Friday,SN-D02,Zone D,79.3,30.27777777777778,33.5,46.8,,51.7,Numeric,0.0,False
576,2026-05-08T20:00:00,2026-05-08 20:00:00,2026-05-08,20:00:00,Friday,SN-D03,Zone D,80.4,30.0,33.5,46.8,1126.0,49.3,Numeric,0.0,False
577,2026-05-09T00:00:00,2026-05-09 00:00:00,2026-05-09,00:00:00,Saturday,SN-A01,Zone A,76.6,25.9,29.3,46.6,0.0,47.9,Numeric,0.0,False
578,2026-05-09T00:00:00,2026-05-09 00:00:00,2026-05-09,00:00:00,Saturday,SN-A02,Zone A,73.0,24.2,29.3,46.6,0.0,47.8,Numeric,0.0,False
579,2026-05-09T00:00:00,2026-05-09 00:00:00,2026-05-09,00:00:00,Saturday,SN-A03,Zone A,75.3,26.9,29.3,46.6,0.0,49.7,Numeric,0.0,False
580,2026-05-09T00:00:00,2026-05-09 00:00:00,2026-05-09,00:00:00,Saturday,SN-B01,Zone B,69.0,21.4,27.3,57.0,581.0,49.7,Numeric,0.0,False
581,2026-05-09T00:00:00,2026-05-09 00:00:00,2026-05-09,00:00:00,Saturday,SN-B02,Zone B,70.1,24.2,27.3,57.0,,49.2,Numeric,0.0,False
582,2026-05-09T00:00:00,2026-05-09 00:00:00,2026-05-09,00:00:00,Saturday,SN-B03,Zone B,69.0,23.5,27.3,57.0,581.0,48.0,Numeric,0.0,False
583,2026-05-09T00:00:00,2026-05-09 00:00:00,2026-05-09,00:00:00,Saturday,SN-C01,Zone C,45.1,28.3,30.2,48.0,102.0,46.3,Numeric,0.0,False
584,2026-05-09T00:00:00,2026-05-09 00:00:00,2026-05-09,00:00:00,Saturday,SN-C02,Zone C,42.4,25.1,30.2,48.0,102.0,49.7,Numeric,0.0,False
585,2026-05-09T00:00:00,2026-05-09 00:00:00,2026-05-09,00:00:00,Saturday,SN-C03,Zone C,44.6,26.8,30.2,48.0,102.0,49.6,Numeric,0.0,False
586,2026-05-09T00:00:00,2026-05-09 00:00:00,2026-05-09,00:00:00,Saturday,SN-D01,Zone D,76.5,22.77777777777778,26.5,54.2,620.0,48.4,Numeric,0.0,False
587,2026-05-09T00:00:00,2026-05-09 00:00:00,2026-05-09,00:00:00,Saturday,SN-D02,Zone D,78.3,23.22222222222222,26.5,54.2,620.0,50.6,Numeric,0.0,False
588,2026-05-09T00:00:00,2026-05-09 00:00:00,2026-05-09,00:00:00,Saturday,SN-D03,Zone D,77.6,22.2,26.5,54.2,620.0,48.3,Numeric,0.0,False
589,2026-05-09T04:00:00,2026-05-09 04:00:00,2026-05-09,04:00:00,Saturday,SN-A01,Zone A,80.5,23.0,28.8,61.3,0.0,47.0,Numeric,0.0,True
590,2026-05-09T04:00:00,2026-05-09 04:00:00,2026-05-09,04:00:00,Saturday,SN-A02,Zone A,76.9,24.1,28.8,61.3,0.0,47.0,Numeric,0.0,True
591,2026-05-09T04:00:00,2026-05-09 04:00:00,2026-05-09,04:00:00,Saturday,SN-A03,Zone A,77.2,26.7,,61.3,0.0,,Numeric,,True
592,2026-05-09T04:00:00,2026-05-09 04:00:00,2026-05-09,04:00:00,Saturday,SN-B01,Zone B,74.9,25.6,29.8,62.3,0.0,48.8,Numeric,0.0,True
593,2026-05-09T04:00:00,2026-05-09 04:00:00,2026-05-09,04:00:00,Saturday,SN-B02,Zone B,73.2,27.4,29.8,62.3,0.0,48.0,Numeric,0.0,True
594,2026-05-09T04:00:00,2026-05-09 04:00:00,2026-05-09,04:00:00,Saturday,SN-B03,Zone B,73.1,24.0,29.8,62.3,0.0,47.1,Numeric,0.0,True
595,2026-05-09T04:00:00,2026-05-09 04:00:00,2026-05-09,04:00:00,Saturday,SN-C01,Zone C,48.2,28.0,29.5,55.1,0.0,45.4,Numeric,0.0,True
596,2026-05-09T04:00:00,2026-05-09 04:00:00,2026-05-09,04:00:00,Saturday,SN-C02,Zone C,48.0,26.4,29.5,55.1,0.0,48.5,Numeric,0.0,True
597,2026-05-09T04:00:00,2026-05-09 04:00:00,2026-05-09,04:00:00,Saturday,SN-C03,Zone C,49.0,24.7,,55.1,,48.5,Numeric,0.0,True
598,2026-05-09T04:00:00,2026-05-09 04:00:00,2026-05-09,04:00:00,Saturday,SN-D01,Zone D,80.0,22.333333333333332,26.5,58.9,135.0,47.5,Numeric,0.0,True
599,2026-05-09T04:00:00,2026-05-09 04:00:00,2026-05-09,04:00:00,Saturday,SN-D02,Zone D,82.5,23.277777777777782,26.5,58.9,135.0,49.4,Numeric,0.0,True
600,2026-05-09T04:00:00,2026-05-09 04:00:00,2026-05-09,04:00:00,Saturday,SN-D03,Zone D,82.2,24.0,26.5,58.9,135.0,47.1,Numeric,0.0,True
601,2026-05-09T08:00:00,2026-05-09 08:00:00,2026-05-09,08:00:00,Saturday,SN-A01,Zone A,73.8,29.5,34.6,48.6,28637.0,46.0,Numeric,0.0,False
602,2026-05-09T08:00:00,2026-05-09 08:00:00,2026-05-09,08:00:00,Saturday,SN-A02,Zone A,75.9,31.5,34.6,48.6,,46.0,Numeric,0.0,False
603,2026-05-09T08:00:00,2026-05-09 08:00:00,2026-05-09,08:00:00,Saturday,SN-A03,Zone A,75.0,29.1,34.6,48.6,28637.0,47.4,Numeric,0.0,False
604,2026-05-09T08:00:00,2026-05-09 08:00:00,2026-05-09,08:00:00,Saturday,SN-B01,Zone B,71.2,29.7,33.5,44.5,26787.0,48.0,Numeric,0.0,False
605,2026-05-09T08:00:00,2026-05-09 08:00:00,2026-05-09,08:00:00,Saturday,SN-B02,Zone B,71.0,28.1,33.5,44.5,26787.0,46.7,Numeric,0.0,False
606,2026-05-09T08:00:00,2026-05-09 08:00:00,2026-05-09,08:00:00,Saturday,SN-B03,Zone B,71.3,29.0,33.5,44.5,26787.0,45.9,Numeric,0.0,False
607,2026-05-09T08:00:00,2026-05-09 08:00:00,2026-05-09,08:00:00,Saturday,SN-C01,Zone C,45.3,28.9,33.0,36.7,28910.0,44.4,Numeric,0.0,False
608,2026-05-09T08:00:00,2026-05-09 08:00:00,2026-05-09,08:00:00,Saturday,SN-C02,Zone C,42.3,28.3,33.0,36.7,28910.0,47.3,Numeric,0.0,False
609,2026-05-09T08:00:00,2026-05-09 08:00:00,2026-05-09,08:00:00,Saturday,SN-C03,Zone C,44.6,27.4,33.0,36.7,28910.0,47.6,Numeric,,False
610,2026-05-09T08:00:00,2026-05-09 08:00:00,2026-05-09,08:00:00,Saturday,SN-D01,Zone D,78.8,31.88888888888889,34.05555555555556,44.7,24272.0,46.4,Numeric,0.0,False
611,2026-05-09T08:00:00,2026-05-09 08:00:00,2026-05-09,08:00:00,Saturday,SN-D02,Zone D,80.2,29.333333333333332,34.05555555555556,,24272.0,48.2,Numeric,0.0,False
612,2026-05-09T08:00:00,2026-05-09 08:00:00,2026-05-09,08:00:00,Saturday,SN-D03,Zone D,,,34.1,44.7,24272.0,46.0,Numeric,0.0,False
613,2026-05-09T12:00:00,2026-05-09 12:00:00,2026-05-09,12:00:00,Saturday,SN-A01,Zone A,74.2,39.3,43.6,29.2,91203.0,45.2,Numeric,0.0,False
614,,,,,,SN-A02,Zone A,74.9,39.1,43.6,29.2,91203.0,45.1,Numeric,0.0,False
615,2026-05-09T12:00:00,2026-05-09 12:00:00,2026-05-09,12:00:00,Saturday,SN-A03,Zone A,72.4,41.4,43.6,29.2,91203.0,46.4,Numeric,0.0,False
616,2026-05-09T12:00:00,2026-05-09 12:00:00,2026-05-09,12:00:00,Saturday,SN-B01,Zone B,69.4,38.9,42.1,19.3,90162.0,,Numeric,0.0,False
617,2026-05-09T12:00:00,2026-05-09 12:00:00,2026-05-09,12:00:00,Saturday,SN-B02,Zone B,66.7,37.5,42.1,19.3,90162.0,45.9,Numeric,0.0,False
618,2026-05-09T12:00:00,2026-05-09 12:00:00,2026-05-09,12:00:00,Saturday,SN-B03,Zone B,70.5,38.7,42.1,19.3,90162.0,44.8,Numeric,0.0,False
619,2026-05-09T12:00:00,2026-05-09 12:00:00,2026-05-09,12:00:00,Saturday,SN-C01,Zone C,42.6,,42.6,29.3,92194.0,43.3,Numeric,0.0,False
620,2026-05-09T12:00:00,2026-05-09 12:00:00,2026-05-09,12:00:00,Saturday,SN-C02,Zone C,42.2,38.4,42.6,29.3,92194.0,46.3,Numeric,0.0,False
621,2026-05-09T12:00:00,2026-05-09 12:00:00,2026-05-09,12:00:00,Saturday,SN-C03,Zone C,41.6,37.0,42.6,29.3,92194.0,46.8,Numeric,0.0,False
622,2026-05-09T12:00:00,2026-05-09 12:00:00,2026-05-09,12:00:00,Saturday,SN-D01,Zone D,75.4,37.111111111111114,42.666666666666664,26.3,93071.0,45.5,Numeric,0.0,False
623,2026-05-09T12:00:00,2026-05-09 12:00:00,2026-05-09,12:00:00,Saturday,SN-D02,Zone D,79.4,38.77777777777778,42.666666666666664,26.3,,47.0,Numeric,0.0,False
624,2026-05-09T12:00:00,2026-05-09 12:00:00,2026-05-09,12:00:00,Saturday,SN-D03,Zone D,78.9,37.6,42.7,26.3,93071.0,,Numeric,0.0,False
625,2026-05-09T16:00:00,2026-05-09 16:00:00,2026-05-09,16:00:00,Saturday,SN-A01,Zone A,74.0,35.6,41.4,27.9,59773.0,43.9,Numeric,0.0,True
626,2026-05-09T16:00:00,2026-05-09 16:00:00,2026-05-09,16:00:00,Saturday,SN-A02,Zone A,,38.0,41.4,,59773.0,43.9,Numeric,0.0,True
627,2026-05-09T16:00:00,2026-05-09 16:00:00,2026-05-09,16:00:00,Saturday,SN-A03,Zone A,76.0,36.7,41.4,27.9,59773.0,45.5,Numeric,0.0,True
628,2026-05-09T16:00:00,2026-05-09 16:00:00,2026-05-09,16:00:00,Saturday,SN-B01,Zone B,70.8,34.5,38.8,31.7,67205.0,45.9,Numeric,,True
629,2026-05-09T16:00:00,2026-05-09 16:00:00,2026-05-09,16:00:00,Saturday,SN-B02,Zone B,69.3,36.4,38.8,,67205.0,45.0,Numeric,0.0,True
630,2026-05-09T16:00:00,2026-05-09 16:00:00,2026-05-09,16:00:00,Saturday,SN-B03,Zone B,72.2,33.5,38.8,31.7,67205.0,43.6,Numeric,0.0,True
631,2026-05-09T16:00:00,2026-05-09 16:00:00,2026-05-09,16:00:00,Saturday,SN-C01,Zone C,46.9,36.1,41.8,26.4,54510.0,42.0,Numeric,0.0,True
632,2026-05-09T16:00:00,2026-05-09 16:00:00,2026-05-09,16:00:00,Saturday,SN-C02,Zone C,,38.0,41.8,26.4,54510.0,45.4,Numeric,0.0,
633,2026-05-09T16:00:00,2026-05-09 16:00:00,2026-05-09,16:00:00,Saturday,SN-C03,Zone C,45.8,37.5,41.8,26.4,,46.0,Numeric,0.0,True
634,2026-05-09T16:00:00,2026-05-09 16:00:00,2026-05-09,16:00:00,Saturday,SN-D01,Zone D,80.5,40.388888888888886,42.666666666666664,28.7,52215.0,44.5,Numeric,0.0,
635,2026-05-09T16:00:00,2026-05-09 16:00:00,2026-05-09,16:00:00,Saturday,SN-D02,Zone D,83.3,39.44444444444444,42.666666666666664,28.7,52215.0,46.2,Numeric,0.0,True
636,2026-05-09T16:00:00,2026-05-09 16:00:00,2026-05-09,16:00:00,Saturday,SN-D03,Zone D,83.9,38.4,42.7,28.7,52215.0,43.7,Numeric,0.0,True
637,2026-05-09T20:00:00,2026-05-09 20:00:00,2026-05-09,20:00:00,Saturday,SN-A01,Zone A,72.7,34.6,36.5,41.9,61.0,42.8,Numeric,0.0,False
638,2026-05-09T20:00:00,2026-05-09 20:00:00,2026-05-09,20:00:00,Saturday,SN-A02,Zone A,76.7,32.8,36.5,41.9,61.0,42.9,Numeric,0.0,False
639,2026-05-09T20:00:00,2026-05-09 20:00:00,2026-05-09,20:00:00,Saturday,SN-A03,Zone A,73.3,32.8,36.5,41.9,61.0,44.4,Numeric,0.0,False
640,2026-05-09T20:00:00,2026-05-09 20:00:00,2026-05-09,20:00:00,Saturday,SN-B01,Zone B,,30.5,34.4,39.4,115.0,45.0,Numeric,,False
641,2026-05-09T20:00:00,2026-05-09 20:00:00,2026-05-09,20:00:00,Saturday,SN-B02,Zone B,67.3,29.9,34.4,39.4,115.0,44.2,Numeric,0.0,False
642,2026-05-09T20:00:00,2026-05-09 20:00:00,2026-05-09,20:00:00,Saturday,SN-B03,Zone B,70.5,,34.4,,115.0,42.6,Numeric,0.0,False
643,2026-05-09T20:00:00,2026-05-09 20:00:00,2026-05-09,20:00:00,Saturday,SN-C01,Zone C,43.5,32.1,35.0,39.1,585.0,41.1,Numeric,0.0,False
644,2026-05-09T20:00:00,2026-05-09 20:00:00,2026-05-09,20:00:00,Saturday,SN-C02,Zone C,46.3,30.5,35.0,39.1,585.0,44.1,Numeric,0.0,False
645,2026-05-09T20:00:00,2026-05-09 20:00:00,2026-05-09,20:00:00,Saturday,SN-C03,Zone C,44.4,30.8,35.0,39.1,585.0,44.7,Numeric,0.0,False
646,2026-05-09T20:00:00,2026-05-09 20:00:00,2026-05-09,20:00:00,Saturday,SN-D01,Zone D,79.3,30.61111111111111,,43.8,,43.6,Numeric,0.0,False
647,2026-05-09T20:00:00,2026-05-09 20:00:00,2026-05-09,20:00:00,Saturday,SN-D02,Zone D,80.8,33.0,36.55555555555556,43.8,505.0,45.1,Numeric,0.0,False
648,2026-05-09T20:00:00,2026-05-09 20:00:00,2026-05-09,20:00:00,Saturday,SN-D03,Zone D,81.2,31.9,36.5,43.8,505.0,42.7,Numeric,0.0,False
649,2026-05-10T00:00:00,2026-05-10 00:00:00,2026-05-10,00:00:00,Sunday,SN-A01,Zone A,70.9,22.6,27.0,47.4,358.0,41.5,Numeric,0.0,False
650,2026-05-10T00:00:00,2026-05-10 00:00:00,2026-05-10,00:00:00,Sunday,SN-A02,Zone A,75.3,22.8,27.0,47.4,358.0,41.9,Numeric,0.0,False
651,2026-05-10T00:00:00,2026-05-10 00:00:00,2026-05-10,00:00:00,Sunday,SN-A03,Zone A,74.9,23.0,27.0,47.4,358.0,43.2,Numeric,0.0,False
652,2026-05-10T00:00:00,2026-05-10 00:00:00,2026-05-10,00:00:00,Sunday,SN-B01,Zone B,67.2,19.8,27.0,49.3,66.0,43.8,Numeric,,False
653,2026-05-10T00:00:00,2026-05-10 00:00:00,2026-05-10,00:00:00,Sunday,SN-B02,Zone B,64.7,22.9,27.0,49.3,66.0,43.1,Numeric,0.0,False
654,2026-05-10T00:00:00,2026-05-10 00:00:00,2026-05-10,00:00:00,Sunday,SN-B03,Zone B,70.7,21.1,27.0,49.3,66.0,41.7,Numeric,0.0,
655,2026-05-10T00:00:00,2026-05-10 00:00:00,2026-05-10,00:00:00,Sunday,SN-C01,Zone C,41.4,23.2,26.5,55.7,456.0,39.9,Numeric,0.0,False
656,2026-05-10T00:00:00,2026-05-10 00:00:00,2026-05-10,00:00:00,Sunday,SN-C02,Zone C,39.7,24.4,26.5,55.7,,43.3,Numeric,0.0,False
657,2026-05-10T00:00:00,2026-05-10 00:00:00,2026-05-10,00:00:00,Sunday,SN-C03,Zone C,42.2,22.2,26.5,55.7,456.0,43.6,Numeric,,False
658,2026-05-10T00:00:00,2026-05-10 00:00:00,2026-05-10,00:00:00,Sunday,SN-D01,Zone D,77.2,26.27777777777778,29.166666666666668,57.2,128.0,42.6,Numeric,0.0,False
659,2026-05-10T00:00:00,2026-05-10 00:00:00,2026-05-10,00:00:00,Sunday,SN-D02,Zone D,79.1,24.833333333333332,29.166666666666668,57.2,128.0,44.2,Numeric,0.0,False
660,2026-05-10T00:00:00,2026-05-10 00:00:00,2026-05-10,00:00:00,Sunday,SN-D03,Zone D,,24.5,29.2,57.2,128.0,41.5,Numeric,0.0,False
661,2026-05-10T04:00:00,2026-05-10 04:00:00,2026-05-10,04:00:00,Sunday,SN-A01,Zone A,75.7,25.2,27.1,63.1,0.0,40.4,Numeric,0.0,True
662,2026-05-10T04:00:00,2026-05-10 04:00:00,2026-05-10,04:00:00,Sunday,SN-A02,Zone A,75.9,21.3,27.1,63.1,0.0,40.6,Numeric,0.0,True
663,2026-05-10T04:00:00,2026-05-10 04:00:00,2026-05-10,04:00:00,Sunday,SN-A03,Zone A,77.2,21.4,27.1,,0.0,42.1,Numeric,0.0,True
664,2026-05-10T04:00:00,2026-05-10 04:00:00,2026-05-10,04:00:00,Sunday,SN-B01,Zone B,71.5,25.7,27.5,54.4,27.0,42.9,Numeric,0.0,True
665,2026-05-10T04:00:00,2026-05-10 04:00:00,2026-05-10,04:00:00,Sunday,SN-B02,Zone B,72.3,24.6,27.5,54.4,27.0,42.0,Numeric,0.0,True
666,2026-05-10T04:00:00,2026-05-10 04:00:00,2026-05-10,04:00:00,Sunday,SN-B03,Zone B,73.8,24.7,27.5,54.4,27.0,40.6,Numeric,0.0,True
667,2026-05-10T04:00:00,2026-05-10 04:00:00,2026-05-10,04:00:00,Sunday,SN-C01,Zone C,46.3,,29.1,61.4,717.0,,Numeric,0.0,True
668,2026-05-10T04:00:00,2026-05-10 04:00:00,2026-05-10,04:00:00,Sunday,SN-C02,Zone C,44.3,25.8,29.1,61.4,717.0,42.3,Numeric,0.0,True
669,2026-05-10T04:00:00,2026-05-10 04:00:00,2026-05-10,04:00:00,Sunday,SN-C03,Zone C,45.8,26.6,29.1,61.4,717.0,42.7,Numeric,0.0,True
670,2026-05-10T04:00:00,2026-05-10 04:00:00,2026-05-10,04:00:00,Sunday,SN-D01,Zone D,83.0,25.611111111111107,29.38888888888889,55.1,0.0,41.6,Numeric,0.0,True
671,2026-05-10T04:00:00,2026-05-10 04:00:00,2026-05-10,04:00:00,Sunday,SN-D02,Zone D,84.0,25.944444444444443,29.38888888888889,55.1,0.0,43.3,Numeric,0.0,True
672,2026-05-10T04:00:00,2026-05-10 04:00:00,2026-05-10,04:00:00,Sunday,SN-D03,Zone D,81.2,25.0,29.4,55.1,0.0,40.6,Numeric,,True
673,2026-05-10T08:00:00,2026-05-10 08:00:00,2026-05-10,08:00:00,Sunday,SN-A01,Zone A,76.4,28.3,30.9,46.2,26741.0,39.4,Numeric,0.0,False
674,2026-05-10T08:00:00,2026-05-10 08:00:00,2026-05-10,08:00:00,Sunday,SN-A02,Zone A,76.7,26.4,30.9,46.2,26741.0,39.5,Numeric,0.0,False
675,2026-05-10T08:00:00,2026-05-10 08:00:00,2026-05-10,08:00:00,Sunday,SN-A03,Zone A,75.2,26.9,30.9,46.2,26741.0,41.2,Numeric,0.0,False
676,2026-05-10T08:00:00,2026-05-10 08:00:00,2026-05-10,08:00:00,Sunday,SN-B01,Zone B,71.5,30.2,32.7,48.0,29121.0,42.1,Numeric,0.0,False
677,2026-05-10T08:00:00,2026-05-10 08:00:00,2026-05-10,08:00:00,Sunday,SN-B02,Zone B,67.7,28.2,32.7,48.0,29121.0,,Non-Numeric,0.0,False
678,2026-05-10T08:00:00,2026-05-10 08:00:00,2026-05-10,08:00:00,Sunday,SN-B03,Zone B,69.8,27.2,32.7,48.0,,39.7,Numeric,,
679,2026-05-10T08:00:00,2026-05-10 08:00:00,2026-05-10,08:00:00,Sunday,SN-C01,Zone C,46.3,30.9,32.5,43.8,,37.9,Numeric,,False
680,2026-05-10T08:00:00,2026-05-10 08:00:00,2026-05-10,08:00:00,Sunday,SN-C02,Zone C,43.3,28.2,32.5,43.8,25387.0,41.0,Numeric,0.0,False
681,2026-05-10T08:00:00,2026-05-10 08:00:00,2026-05-10,08:00:00,Sunday,SN-C03,Zone C,,26.3,32.5,43.8,25387.0,41.5,Numeric,0.0,False
682,2026-05-10T08:00:00,2026-05-10 08:00:00,2026-05-10,08:00:00,Sunday,SN-D01,Zone D,80.7,32.77777777777778,34.833333333333336,44.5,26657.0,40.5,Numeric,0.0,False
683,2026-05-10T08:00:00,2026-05-10 08:00:00,2026-05-10,08:00:00,Sunday,SN-D02,Zone D,81.9,30.11111111111111,34.833333333333336,44.5,26657.0,42.3,Numeric,0.0,False
684,,,,,,SN-D03,Zone D,78.6,31.7,34.8,44.5,26657.0,39.6,Numeric,0.0,False
685,2026-05-10T12:00:00,2026-05-10 12:00:00,2026-05-10,12:00:00,Sunday,SN-A01,Zone A,,,43.5,21.9,91647.0,38.2,Numeric,0.0,False
686,2026-05-10T12:00:00,2026-05-10 12:00:00,2026-05-10,12:00:00,Sunday,SN-A02,Zone A,72.0,39.9,43.5,21.9,91647.0,38.6,Numeric,0.0,False
687,2026-05-10T12:00:00,2026-05-10 12:00:00,2026-05-10,12:00:00,Sunday,SN-A03,Zone A,72.0,38.5,43.5,21.9,91647.0,39.9,Numeric,0.0,False
688,2026-05-10T12:00:00,2026-05-10 12:00:00,2026-05-10,12:00:00,Sunday,SN-B01,Zone B,67.6,40.8,44.3,22.1,95629.0,41.3,Numeric,0.0,False
689,2026-05-10T12:00:00,2026-05-10 12:00:00,2026-05-10,12:00:00,Sunday,SN-B02,Zone B,68.5,39.7,44.3,22.1,95629.0,39.9,Numeric,0.0,False
690,2026-05-10T12:00:00,2026-05-10 12:00:00,2026-05-10,12:00:00,Sunday,SN-B03,Zone B,,41.3,44.3,22.1,95629.0,38.7,Numeric,0.0,False
691,2026-05-10T12:00:00,2026-05-10 12:00:00,2026-05-10,12:00:00,Sunday,SN-C01,Zone C,42.4,37.8,42.5,24.6,100389.0,36.8,Numeric,,False
692,2026-05-10T12:00:00,2026-05-10 12:00:00,2026-05-10,12:00:00,Sunday,SN-C02,Zone C,41.6,35.6,42.5,24.6,100389.0,39.9,Numeric,0.0,False
693,2026-05-10T12:00:00,2026-05-10 12:00:00,2026-05-10,12:00:00,Sunday,SN-C03,Zone C,41.7,38.9,-40.0,24.6,100389.0,40.4,Numeric,0.0,False
694,2026-05-10T12:00:00,2026-05-10 12:00:00,2026-05-10,12:00:00,Sunday,SN-D01,Zone D,78.8,38.0,41.666666666666664,28.9,93978.0,39.5,Numeric,0.0,False
695,2026-05-10T12:00:00,2026-05-10 12:00:00,2026-05-10,12:00:00,Sunday,SN-D02,Zone D,80.2,35.94444444444444,41.666666666666664,28.9,93978.0,41.0,Numeric,0.0,False
696,2026-05-10T12:00:00,2026-05-10 12:00:00,2026-05-10,12:00:00,Sunday,SN-D03,Zone D,74.6,39.4,,28.9,93978.0,38.7,Numeric,0.0,False
697,2026-05-10T16:00:00,2026-05-10 16:00:00,2026-05-10,16:00:00,Sunday,SN-A01,Zone A,78.2,35.5,40.4,29.4,59026.0,37.4,Numeric,0.0,True
698,2026-05-10T16:00:00,2026-05-10 16:00:00,2026-05-10,16:00:00,Sunday,SN-A02,Zone A,78.3,35.0,40.4,29.4,59026.0,37.5,Numeric,0.0,True
699,2026-05-10T16:00:00,2026-05-10 16:00:00,2026-05-10,16:00:00,Sunday,SN-A03,Zone A,77.9,35.0,40.4,29.4,59026.0,,Numeric,0.0,True
700,2026-05-10T16:00:00,2026-05-10 16:00:00,2026-05-10,16:00:00,Sunday,SN-B01,Zone B,69.6,37.7,40.5,21.4,56204.0,40.3,Numeric,0.0,True
701,2026-05-10T16:00:00,2026-05-10 16:00:00,2026-05-10,16:00:00,Sunday,SN-B02,Zone B,70.5,150.0,40.5,21.4,56204.0,38.8,Numeric,0.0,True
702,2026-05-10T16:00:00,2026-05-10 16:00:00,2026-05-10,16:00:00,Sunday,SN-B03,Zone B,72.2,38.1,40.5,21.4,56204.0,37.4,Numeric,0.0,True
703,2026-05-10T16:00:00,2026-05-10 16:00:00,2026-05-10,16:00:00,Sunday,SN-C01,Zone C,45.3,39.3,41.1,30.2,51154.0,35.7,Numeric,0.0,True
704,2026-05-10T16:00:00,2026-05-10 16:00:00,2026-05-10,16:00:00,Sunday,SN-C02,Zone C,50.8,38.0,41.1,30.2,51154.0,38.9,Numeric,0.0,True
705,2026-05-10T16:00:00,2026-05-10 16:00:00,2026-05-10,16:00:00,Sunday,SN-C03,Zone C,46.7,38.0,41.1,30.2,51154.0,39.5,Numeric,0.0,True
706,2026-05-10T16:00:00,2026-05-10 16:00:00,2026-05-10,16:00:00,Sunday,SN-D01,Zone D,82.0,37.77777777777778,40.22222222222222,26.4,56906.0,38.5,Numeric,0.0,True
707,2026-05-10T16:00:00,2026-05-10 16:00:00,2026-05-10,16:00:00,Sunday,SN-D02,Zone D,79.7,37.72222222222222,40.22222222222222,26.4,,39.8,Numeric,0.0,True
708,2026-05-10T16:00:00,2026-05-10 16:00:00,2026-05-10,16:00:00,Sunday,SN-D03,Zone D,81.1,35.5,40.2,26.4,56906.0,37.6,Numeric,0.0,True
709,2026-05-10T20:00:00,2026-05-10 20:00:00,2026-05-10,20:00:00,Sunday,SN-A01,Zone A,75.2,32.2,35.3,35.6,1045.0,36.4,Numeric,0.0,False
710,2026-05-10T20:00:00,2026-05-10 20:00:00,2026-05-10,20:00:00,Sunday,SN-A02,Zone A,73.7,29.3,35.3,35.6,1045.0,36.6,Numeric,0.0,False
711,2026-05-10T20:00:00,2026-05-10 20:00:00,2026-05-10,20:00:00,Sunday,SN-A03,Zone A,72.4,31.7,35.3,35.6,1045.0,37.6,Numeric,0.0,False
712,2026-05-10T20:00:00,2026-05-10 20:00:00,2026-05-10,20:00:00,Sunday,SN-B01,Zone B,67.3,28.0,32.4,35.5,814.0,39.4,Numeric,0.0,False
713,2026-05-10T20:00:00,2026-05-10 20:00:00,2026-05-10,20:00:00,Sunday,SN-B02,Zone B,68.6,26.2,32.4,35.5,814.0,37.8,Numeric,0.0,False
714,2026-05-10T20:00:00,2026-05-10 20:00:00,2026-05-10,20:00:00,Sunday,SN-B03,Zone B,69.4,29.2,32.4,35.5,814.0,36.4,Numeric,0.0,False
715,2026-05-10T20:00:00,2026-05-10 20:00:00,2026-05-10,20:00:00,Sunday,SN-C01,Zone C,44.1,32.2,36.5,43.9,595.0,,Non-Numeric,0.0,False
716,2026-05-10T20:00:00,2026-05-10 20:00:00,2026-05-10,20:00:00,Sunday,SN-C02,Zone C,44.7,32.3,36.5,43.9,595.0,38.1,Numeric,,False
717,2026-05-10T20:00:00,2026-05-10 20:00:00,2026-05-10,20:00:00,Sunday,SN-C03,Zone C,44.9,34.4,36.5,43.9,595.0,38.2,Numeric,0.0,False
718,2026-05-10T20:00:00,2026-05-10 20:00:00,2026-05-10,20:00:00,Sunday,SN-D01,Zone D,81.9,29.27777777777778,33.0,35.8,506.0,37.6,Numeric,0.0,False
719,2026-05-10T20:00:00,2026-05-10 20:00:00,2026-05-10,20:00:00,Sunday,SN-D02,Zone D,78.9,30.88888888888889,33.0,35.8,506.0,38.8,Numeric,0.0,False
720,2026-05-10T20:00:00,2026-05-10 20:00:00,2026-05-10,20:00:00,Sunday,SN-D03,Zone D,81.0,28.0,33.0,35.8,506.0,36.7,Numeric,0.0,False
721,2026-05-11T00:00:00,2026-05-11 00:00:00,2026-05-11,00:00:00,Monday,SN-A01,Zone A,72.9,24.7,27.5,59.0,0.0,35.3,Numeric,0.0,False
722,2026-05-11T00:00:00,2026-05-11 00:00:00,2026-05-11,00:00:00,Monday,SN-A02,Zone A,70.9,22.2,27.5,59.0,0.0,35.4,Numeric,0.0,False
723,2026-05-11T00:00:00,2026-05-11 00:00:00,2026-05-11,00:00:00,Monday,SN-A03,Zone A,69.1,22.6,27.5,59.0,0.0,36.4,Numeric,0.0,False
724,2026-05-11T00:00:00,2026-05-11 00:00:00,2026-05-11,00:00:00,Monday,SN-B01,Zone B,66.5,21.6,26.5,58.0,,38.3,Numeric,0.0,False
725,2026-05-11T00:00:00,2026-05-11 00:00:00,2026-05-11,00:00:00,Monday,SN-B02,Zone B,68.7,23.3,26.5,58.0,60.0,36.7,Numeric,,False
726,2026-05-11T00:00:00,2026-05-11 00:00:00,2026-05-11,00:00:00,Monday,SN-B03,Zone B,,23.4,26.5,58.0,60.0,35.5,Numeric,0.0,False
727,2026-05-11T00:00:00,2026-05-11 00:00:00,2026-05-11,00:00:00,Monday,SN-C01,Zone C,41.8,20.9,25.4,55.2,0.0,33.6,Numeric,0.0,False
728,2026-05-11T00:00:00,2026-05-11 00:00:00,2026-05-11,00:00:00,Monday,SN-C02,Zone C,42.1,23.3,25.4,55.2,0.0,36.9,Numeric,,False
729,2026-05-11T00:00:00,2026-05-11 00:00:00,2026-05-11,00:00:00,Monday,SN-C03,Zone C,43.3,21.1,25.4,55.2,0.0,37.1,Numeric,0.0,False
730,2026-05-11T00:00:00,2026-05-11 00:00:00,2026-05-11,00:00:00,Monday,SN-D01,Zone D,78.0,22.555555555555554,28.055555555555557,52.3,67.0,36.7,Numeric,0.0,False
731,2026-05-11T00:00:00,2026-05-11 00:00:00,2026-05-11,00:00:00,Monday,SN-D02,Zone D,75.3,26.833333333333332,28.055555555555557,52.3,67.0,37.9,Numeric,0.0,
732,2026-05-11T00:00:00,2026-05-11 00:00:00,2026-05-11,00:00:00,Monday,SN-D03,Zone D,76.7,26.2,28.0,52.3,67.0,35.5,Numeric,0.0,False
733,2026-05-11T04:00:00,2026-05-11 04:00:00,2026-05-11,04:00:00,Monday,SN-A01,Zone A,76.6,22.7,26.2,58.4,173.0,34.2,Numeric,0.0,True
734,2026-05-11T04:00:00,2026-05-11 04:00:00,2026-05-11,04:00:00,Monday,SN-A02,Zone A,79.0,23.2,26.2,58.4,173.0,34.3,Numeric,0.0,True
735,2026-05-11T04:00:00,2026-05-11 04:00:00,2026-05-11,04:00:00,Monday,SN-A03,Zone A,76.3,22.3,26.2,58.4,173.0,35.6,Numeric,0.0,True
736,2026-05-11T04:00:00,2026-05-11 04:00:00,2026-05-11,04:00:00,Monday,SN-B01,Zone B,71.8,23.7,28.7,61.4,0.0,37.0,Numeric,0.0,True
737,2026-05-11T04:00:00,2026-05-11 04:00:00,2026-05-11,04:00:00,Monday,SN-B02,Zone B,72.6,24.2,28.7,61.4,0.0,35.7,Numeric,0.0,True
738,2026-05-11T04:00:00,2026-05-11 04:00:00,2026-05-11,04:00:00,Monday,SN-B03,Zone B,70.7,25.0,28.7,61.4,0.0,34.6,Numeric,0.0,True
739,2026-05-11T04:00:00,2026-05-11 04:00:00,2026-05-11,04:00:00,Monday,SN-C01,Zone C,41.5,24.4,28.8,55.7,0.0,32.6,Numeric,0.0,False
740,2026-05-11T04:00:00,2026-05-11 04:00:00,2026-05-11,04:00:00,Monday,SN-C02,Zone C,38.9,24.3,28.8,55.7,0.0,35.7,Numeric,0.0,False
741,,,,,,SN-C03,Zone C,39.9,26.5,28.8,55.7,0.0,36.0,Numeric,0.0,False
742,2026-05-11T04:00:00,2026-05-11 04:00:00,2026-05-11,04:00:00,Monday,SN-D01,Zone D,83.8,24.555555555555557,26.666666666666668,58.6,150.0,35.8,Numeric,0.0,True
743,2026-05-11T04:00:00,2026-05-11 04:00:00,2026-05-11,04:00:00,Monday,SN-D02,Zone D,80.7,21.944444444444443,26.666666666666668,58.6,150.0,36.7,Numeric,0.0,True
744,2026-05-11T04:00:00,2026-05-11 04:00:00,2026-05-11,04:00:00,Monday,SN-D03,Zone D,82.3,24.3,26.6,58.6,150.0,34.4,Numeric,0.0,True
745,2026-05-11T08:00:00,2026-05-11 08:00:00,2026-05-11,08:00:00,Monday,SN-A01,Zone A,73.4,31.1,33.1,42.6,30337.0,33.1,Numeric,0.0,False
746,2026-05-11T08:00:00,2026-05-11 08:00:00,2026-05-11,08:00:00,Monday,SN-A02,Zone A,76.9,28.1,33.1,42.6,30337.0,33.2,Numeric,0.0,False
747,2026-05-11T08:00:00,2026-05-11 08:00:00,2026-05-11,08:00:00,Monday,SN-A03,Zone A,73.6,27.7,33.1,,30337.0,34.8,Numeric,0.0,False
748,2026-05-11T08:00:00,2026-05-11 08:00:00,2026-05-11,08:00:00,Monday,SN-B01,Zone B,67.1,29.8,33.6,52.5,30737.0,35.8,Numeric,0.0,False
749,2026-05-11T08:00:00,2026-05-11 08:00:00,2026-05-11,08:00:00,Monday,SN-B02,Zone B,68.7,30.2,33.6,52.5,30737.0,34.7,Numeric,0.0,False
750,2026-05-11T08:00:00,2026-05-11 08:00:00,2026-05-11,08:00:00,Monday,SN-B03,Zone B,69.1,27.1,33.6,52.5,30737.0,33.4,Numeric,0.0,False
751,2026-05-11T08:00:00,2026-05-11 08:00:00,2026-05-11,08:00:00,Monday,SN-C01,Zone C,37.9,29.6,32.4,43.5,,31.8,Numeric,0.0,False
752,2026-05-11T08:00:00,2026-05-11 08:00:00,2026-05-11,08:00:00,Monday,SN-C02,Zone C,35.7,27.2,32.4,,30440.0,34.6,Numeric,0.0,False
753,2026-05-11T08:00:00,2026-05-11 08:00:00,2026-05-11,08:00:00,Monday,SN-C03,Zone C,36.7,29.7,32.4,43.5,30440.0,34.7,Numeric,0.0,False
754,2026-05-11T08:00:00,2026-05-11 08:00:00,2026-05-11,08:00:00,Monday,SN-D01,Zone D,82.5,27.666666666666668,30.444444444444443,46.3,25976.0,34.5,Numeric,0.0,False
755,2026-05-11T08:00:00,2026-05-11 08:00:00,2026-05-11,08:00:00,Monday,SN-D02,Zone D,79.8,27.333333333333332,30.444444444444443,46.3,25976.0,35.4,Numeric,0.0,False
756,2026-05-11T08:00:00,2026-05-11 08:00:00,2026-05-11,08:00:00,Monday,SN-D03,Zone D,78.8,24.8,30.5,46.3,25976.0,33.6,Numeric,0.0,False
757,2026-05-11T12:00:00,2026-05-11 12:00:00,2026-05-11,12:00:00,Monday,SN-A01,Zone A,74.0,36.8,40.5,27.2,83386.0,31.9,Numeric,0.0,False
758,2026-05-11T12:00:00,2026-05-11 12:00:00,2026-05-11,12:00:00,Monday,SN-A02,Zone A,,36.8,40.5,27.2,,32.3,Numeric,0.0,False
759,2026-05-11T12:00:00,2026-05-11 12:00:00,2026-05-11,12:00:00,Monday,SN-A03,Zone A,72.9,38.4,40.5,27.2,83386.0,33.5,Numeric,0.0,False
760,2026-05-11T12:00:00,2026-05-11 12:00:00,2026-05-11,12:00:00,Monday,SN-B01,Zone B,64.6,39.8,43.6,20.6,103747.0,35.0,Numeric,0.0,
761,2026-05-11T12:00:00,2026-05-11 12:00:00,2026-05-11,12:00:00,Monday,SN-B02,Zone B,67.7,37.6,43.6,20.6,103747.0,33.7,Numeric,0.0,False
762,2026-05-11T12:00:00,2026-05-11 12:00:00,2026-05-11,12:00:00,Monday,SN-B03,Zone B,67.9,40.8,43.6,20.6,103747.0,32.2,Numeric,0.0,False
763,2026-05-11T12:00:00,2026-05-11 12:00:00,2026-05-11,12:00:00,Monday,SN-C01,Zone C,36.2,40.4,41.8,24.0,107166.0,30.8,Numeric,0.0,False
764,2026-05-11T12:00:00,2026-05-11 12:00:00,2026-05-11,12:00:00,Monday,SN-C02,Zone C,32.1,37.8,41.8,24.0,107166.0,,Numeric,0.0,False
765,2026-05-11T12:00:00,2026-05-11 12:00:00,2026-05-11,12:00:00,Monday,SN-C03,Zone C,38.7,39.1,41.8,24.0,107166.0,33.6,Numeric,0.0,
766,2026-05-11T12:00:00,2026-05-11 12:00:00,2026-05-11,12:00:00,Monday,SN-D01,Zone D,80.4,39.666666666666664,42.55555555555556,22.3,,33.2,Numeric,0.0,False
767,2026-05-11T12:00:00,2026-05-11 12:00:00,2026-05-11,12:00:00,Monday,SN-D02,Zone D,75.9,39.111111111111114,42.55555555555556,22.3,99388.0,34.1,Numeric,0.0,False
768,2026-05-11T12:00:00,2026-05-11 12:00:00,2026-05-11,12:00:00,Monday,SN-D03,Zone D,75.3,38.9,42.6,,99388.0,32.6,Numeric,,False
769,2026-05-11T16:00:00,2026-05-11 16:00:00,2026-05-11,16:00:00,Monday,SN-A01,Zone A,77.5,36.8,41.0,28.4,58321.0,31.1,Numeric,0.0,True
770,2026-05-11T16:00:00,2026-05-11 16:00:00,2026-05-11,16:00:00,Monday,SN-A02,Zone A,78.5,36.0,41.0,28.4,58321.0,31.1,Numeric,0.0,True
771,2026-05-11T16:00:00,2026-05-11 16:00:00,2026-05-11,16:00:00,Monday,SN-A03,Zone A,75.4,36.9,41.0,28.4,58321.0,32.4,Numeric,0.0,True
772,,,,,,SN-B01,Zone B,72.0,38.5,41.2,26.9,65722.0,33.9,Numeric,0.0,True
773,2026-05-11T16:00:00,2026-05-11 16:00:00,2026-05-11,16:00:00,Monday,SN-B02,Zone B,70.3,38.5,41.2,26.9,65722.0,32.8,Numeric,0.0,True
774,2026-05-11T16:00:00,2026-05-11 16:00:00,2026-05-11,16:00:00,Monday,SN-B03,Zone B,73.7,37.9,41.2,26.9,65722.0,31.0,Numeric,0.0,True
775,2026-05-11T16:00:00,2026-05-11 16:00:00,2026-05-11,16:00:00,Monday,SN-C01,Zone C,32.9,35.3,39.5,37.1,60319.0,29.7,Numeric,0.0,False
776,2026-05-11T16:00:00,2026-05-11 16:00:00,2026-05-11,16:00:00,Monday,SN-C02,Zone C,31.5,37.1,39.5,37.1,60319.0,32.6,Numeric,0.0,False
777,2026-05-11T16:00:00,2026-05-11 16:00:00,2026-05-11,16:00:00,Monday,SN-C03,Zone C,35.3,33.9,39.5,37.1,60319.0,32.6,Numeric,0.0,False
778,2026-05-11T16:00:00,2026-05-11 16:00:00,2026-05-11,16:00:00,Monday,SN-D01,Zone D,84.8,37.833333333333336,,22.2,62265.0,32.3,Numeric,0.0,True
779,2026-05-11T16:00:00,2026-05-11 16:00:00,2026-05-11,16:00:00,Monday,SN-D02,Zone D,81.6,42.55555555555556,43.55555555555556,22.2,62265.0,32.9,Numeric,0.0,True
780,2026-05-11T16:00:00,2026-05-11 16:00:00,2026-05-11,16:00:00,Monday,SN-D03,Zone D,83.1,39.3,43.5,22.2,62265.0,31.6,Numeric,0.0,True
781,2026-05-11T20:00:00,2026-05-11 20:00:00,2026-05-11,20:00:00,Monday,SN-A01,Zone A,74.1,30.6,35.9,,205.0,30.0,Numeric,0.0,False
782,2026-05-11T20:00:00,2026-05-11 20:00:00,2026-05-11,20:00:00,Monday,SN-A02,Zone A,,31.7,35.9,48.6,205.0,30.1,Numeric,0.0,False
783,2026-05-11T20:00:00,2026-05-11 20:00:00,2026-05-11,20:00:00,Monday,SN-A03,Zone A,70.4,31.9,35.9,48.6,205.0,31.6,Numeric,0.0,False
784,2026-05-11T20:00:00,2026-05-11 20:00:00,2026-05-11,20:00:00,Monday,SN-B01,Zone B,68.5,29.0,32.9,41.9,145.0,32.7,Numeric,0.0,False
785,2026-05-11T20:00:00,2026-05-11 20:00:00,2026-05-11,20:00:00,Monday,SN-B02,Zone B,70.5,27.8,32.9,41.9,145.0,,Non-Numeric,0.0,False
786,2026-05-11T20:00:00,2026-05-11 20:00:00,2026-05-11,20:00:00,Monday,SN-B03,Zone B,69.4,28.4,32.9,41.9,145.0,30.1,Numeric,0.0,False
787,2026-05-11T20:00:00,2026-05-11 20:00:00,2026-05-11,20:00:00,Monday,SN-C01,Zone C,30.6,30.6,34.9,41.0,388.0,28.8,Numeric,0.0,False
788,2026-05-11T20:00:00,2026-05-11 20:00:00,2026-05-11,20:00:00,Monday,SN-C02,Zone C,29.6,29.8,34.9,41.0,388.0,,Numeric,,False
789,2026-05-11T20:00:00,2026-05-11 20:00:00,2026-05-11,20:00:00,Monday,SN-C03,Zone C,34.2,30.8,34.9,41.0,388.0,31.3,Numeric,0.0,False
790,2026-05-11T20:00:00,2026-05-11 20:00:00,2026-05-11,20:00:00,Monday,SN-D01,Zone D,79.7,29.77777777777778,34.94444444444444,37.6,724.0,31.0,Numeric,0.0,False
791,2026-05-11T20:00:00,2026-05-11 20:00:00,2026-05-11,20:00:00,Monday,SN-D02,Zone D,81.5,30.555555555555557,34.94444444444444,37.6,724.0,31.8,Numeric,0.0,False
792,2026-05-11T20:00:00,2026-05-11 20:00:00,2026-05-11,20:00:00,Monday,SN-D03,Zone D,78.9,32.6,34.9,37.6,,30.4,Numeric,0.0,False
793,2026-05-12T00:00:00,2026-05-12 00:00:00,2026-05-12,00:00:00,Tuesday,SN-A01,Zone A,73.8,,28.3,53.0,0.0,29.1,Numeric,0.0,False
794,2026-05-12T00:00:00,2026-05-12 00:00:00,2026-05-12,00:00:00,Tuesday,SN-A02,Zone A,72.5,24.4,28.3,53.0,0.0,29.2,Numeric,0.0,False
795,2026-05-12T00:00:00,2026-05-12 00:00:00,2026-05-12,00:00:00,Tuesday,SN-A03,Zone A,69.9,23.3,28.3,53.0,0.0,30.6,Numeric,0.0,False
796,2026-05-12T00:00:00,2026-05-12 00:00:00,2026-05-12,00:00:00,Tuesday,SN-B01,Zone B,64.8,22.8,28.5,61.4,0.0,31.7,Numeric,0.0,False
797,2026-05-12T00:00:00,2026-05-12 00:00:00,2026-05-12,00:00:00,Tuesday,SN-B02,Zone B,67.0,23.1,28.5,61.4,0.0,30.8,Numeric,0.0,
798,2026-05-12T00:00:00,2026-05-12 00:00:00,2026-05-12,00:00:00,Tuesday,SN-B03,Zone B,67.9,24.3,28.5,61.4,0.0,29.2,Numeric,0.0,False
799,2026-05-12T00:00:00,2026-05-12 00:00:00,2026-05-12,00:00:00,Tuesday,SN-C01,Zone C,27.6,21.2,27.1,57.9,234.0,27.6,Numeric,0.0,False
800,2026-05-12T00:00:00,2026-05-12 00:00:00,2026-05-12,00:00:00,Tuesday,SN-C02,Zone C,28.8,22.2,27.1,57.9,234.0,30.6,Numeric,0.0,False
801,2026-05-12T00:00:00,2026-05-12 00:00:00,2026-05-12,00:00:00,Tuesday,SN-C03,Zone C,30.2,22.3,27.1,57.9,234.0,30.3,Numeric,0.0,False
802,2026-05-12T00:00:00,2026-05-12 00:00:00,2026-05-12,00:00:00,Tuesday,SN-D01,Zone D,78.9,,28.000000000000004,45.7,235.0,30.0,Numeric,0.0,False
803,2026-05-12T00:00:00,2026-05-12 00:00:00,2026-05-12,00:00:00,Tuesday,SN-D02,Zone D,82.0,24.555555555555557,28.000000000000004,45.7,235.0,30.8,Numeric,0.0,False
804,2026-05-12T00:00:00,2026-05-12 00:00:00,2026-05-12,00:00:00,Tuesday,SN-D03,Zone D,78.2,24.6,,,235.0,29.2,Numeric,,False
805,2026-05-12T04:00:00,2026-05-12 04:00:00,2026-05-12,04:00:00,Tuesday,SN-A01,Zone A,76.4,22.1,26.9,61.1,0.0,28.3,Numeric,0.0,True
806,2026-05-12T04:00:00,2026-05-12 04:00:00,2026-05-12,04:00:00,Tuesday,SN-A02,Zone A,73.5,24.9,26.9,61.1,,27.9,Numeric,0.0,True
807,2026-05-12T04:00:00,2026-05-12 04:00:00,2026-05-12,04:00:00,Tuesday,SN-A03,Zone A,74.4,22.6,26.9,61.1,0.0,29.7,Numeric,0.0,True
808,2026-05-12T04:00:00,2026-05-12 04:00:00,2026-05-12,04:00:00,Tuesday,SN-B01,Zone B,69.2,24.5,28.5,54.4,90.0,30.8,Numeric,0.0,True
809,2026-05-12T04:00:00,2026-05-12 04:00:00,2026-05-12,04:00:00,Tuesday,SN-B02,Zone B,70.4,24.7,28.5,54.4,90.0,29.8,Numeric,0.0,True
810,2026-05-12T04:00:00,2026-05-12 04:00:00,2026-05-12,04:00:00,Tuesday,SN-B03,Zone B,72.8,24.2,28.5,,90.0,28.3,Numeric,,True
811,2026-05-12T04:00:00,2026-05-12 04:00:00,2026-05-12,04:00:00,Tuesday,SN-C01,Zone C,27.6,23.2,28.2,55.8,0.0,26.7,Numeric,0.0,False
812,2026-05-12T04:00:00,2026-05-12 04:00:00,2026-05-12,04:00:00,Tuesday,SN-C02,Zone C,27.4,24.6,28.2,55.8,0.0,29.6,Numeric,0.0,False
813,2026-05-12T04:00:00,2026-05-12 04:00:00,2026-05-12,04:00:00,Tuesday,SN-C03,Zone C,25.8,26.0,28.2,55.8,0.0,29.1,Numeric,0.0,False
814,2026-05-12T04:00:00,2026-05-12 04:00:00,2026-05-12,04:00:00,Tuesday,SN-D01,Zone D,82.4,23.166666666666668,26.833333333333332,64.7,159.0,29.0,Numeric,0.0,True
815,2026-05-12T04:00:00,2026-05-12 04:00:00,2026-05-12,04:00:00,Tuesday,SN-D02,Zone D,84.1,26.055555555555557,26.833333333333332,64.7,159.0,29.8,Numeric,0.0,True
816,2026-05-12T04:00:00,2026-05-12 04:00:00,2026-05-12,04:00:00,Tuesday,SN-D03,Zone D,83.0,24.7,26.8,64.7,159.0,28.3,Numeric,0.0,True
817,2026-05-12T08:00:00,2026-05-12 08:00:00,2026-05-12,08:00:00,Tuesday,SN-A01,Zone A,73.0,28.5,32.6,46.1,26124.0,27.4,Numeric,0.0,False
818,2026-05-12T08:00:00,2026-05-12 08:00:00,2026-05-12,08:00:00,Tuesday,SN-A02,Zone A,73.8,27.6,32.6,46.1,26124.0,26.7,Numeric,0.0,False
819,2026-05-12T08:00:00,2026-05-12 08:00:00,2026-05-12,08:00:00,Tuesday,SN-A03,Zone A,,28.1,32.6,46.1,26124.0,28.8,Numeric,0.0,False
820,2026-05-12T08:00:00,2026-05-12 08:00:00,2026-05-12,08:00:00,Tuesday,SN-B01,Zone B,69.2,28.9,32.7,47.3,26481.0,30.0,Numeric,0.0,False
821,2026-05-12T08:00:00,2026-05-12 08:00:00,2026-05-12,08:00:00,Tuesday,SN-B02,Zone B,67.3,27.2,32.7,47.3,26481.0,28.5,Numeric,0.0,
822,2026-05-12T08:00:00,2026-05-12 08:00:00,2026-05-12,08:00:00,Tuesday,SN-B03,Zone B,69.6,28.7,32.7,47.3,26481.0,27.4,Numeric,0.0,False
823,2026-05-12T08:00:00,2026-05-12 08:00:00,2026-05-12,08:00:00,Tuesday,SN-C01,Zone C,24.5,27.9,32.1,46.0,31515.0,25.7,Numeric,0.0,False
824,,,,,,SN-C02,Zone C,22.7,26.9,32.1,46.0,31515.0,28.6,Numeric,0.0,False
825,2026-05-12T08:00:00,2026-05-12 08:00:00,2026-05-12,08:00:00,Tuesday,SN-C03,Zone C,,26.5,32.1,46.0,31515.0,28.1,Numeric,0.0,False
826,2026-05-12T08:00:00,2026-05-12 08:00:00,2026-05-12,08:00:00,Tuesday,SN-D01,Zone D,79.2,30.61111111111111,33.77777777777778,41.8,28995.0,28.1,Numeric,,
827,2026-05-12T08:00:00,2026-05-12 08:00:00,2026-05-12,08:00:00,Tuesday,SN-D02,Zone D,79.8,27.83333333333333,65.55555555555556,41.8,28995.0,28.5,Numeric,0.0,False
828,2026-05-12T08:00:00,2026-05-12 08:00:00,2026-05-12,08:00:00,Tuesday,SN-D03,Zone D,81.4,29.3,33.8,41.8,28995.0,27.2,Numeric,,False
829,2026-05-12T12:00:00,2026-05-12 12:00:00,2026-05-12,12:00:00,Tuesday,SN-A01,Zone A,,37.0,40.5,26.5,103342.0,26.3,Numeric,0.0,False
830,2026-05-12T12:00:00,2026-05-12 12:00:00,2026-05-12,12:00:00,Tuesday,SN-A02,Zone A,70.9,35.7,40.5,26.5,103342.0,25.6,Numeric,0.0,False
831,2026-05-12T12:00:00,2026-05-12 12:00:00,2026-05-12,12:00:00,Tuesday,SN-A03,Zone A,70.5,37.9,40.5,26.5,103342.0,28.0,Numeric,0.0,False
832,2026-05-12T12:00:00,2026-05-12 12:00:00,2026-05-12,12:00:00,Tuesday,SN-B01,Zone B,65.1,37.1,42.0,23.8,98761.0,29.0,Numeric,0.0,False
833,2026-05-12T12:00:00,2026-05-12 12:00:00,2026-05-12,12:00:00,Tuesday,SN-B02,Zone B,,38.6,42.0,23.8,98761.0,27.4,Numeric,0.0,False
834,2026-05-12T12:00:00,2026-05-12 12:00:00,2026-05-12,12:00:00,Tuesday,SN-B03,Zone B,69.1,39.7,42.0,23.8,98761.0,26.2,Numeric,0.0,False
835,2026-05-12T12:00:00,2026-05-12 12:00:00,2026-05-12,12:00:00,Tuesday,SN-C01,Zone C,24.6,38.7,43.4,25.8,93050.0,24.8,Numeric,0.0,False
836,2026-05-12T12:00:00,2026-05-12 12:00:00,2026-05-12,12:00:00,Tuesday,SN-C02,Zone C,21.5,39.9,43.4,25.8,93050.0,27.4,Numeric,0.0,False
837,2026-05-12T12:00:00,2026-05-12 12:00:00,2026-05-12,12:00:00,Tuesday,SN-C03,Zone C,25.2,39.0,43.4,25.8,93050.0,,Numeric,0.0,False
838,2026-05-12T12:00:00,2026-05-12 12:00:00,2026-05-12,12:00:00,Tuesday,SN-D01,Zone D,77.5,37.388888888888886,43.72222222222222,16.7,90934.0,27.1,Numeric,0.0,False
839,2026-05-12T12:00:00,2026-05-12 12:00:00,2026-05-12,12:00:00,Tuesday,SN-D02,Zone D,78.6,39.72222222222222,43.72222222222222,16.7,90934.0,27.6,Numeric,0.0,False
840,2026-05-12T12:00:00,2026-05-12 12:00:00,2026-05-12,12:00:00,Tuesday,SN-D03,Zone D,78.2,41.5,43.7,16.7,90934.0,26.1,Numeric,0.0,False
841,2026-05-12T16:00:00,2026-05-12 16:00:00,2026-05-12,16:00:00,Tuesday,SN-A01,Zone A,77.2,36.0,40.1,27.1,54446.0,25.3,Numeric,0.0,True
842,2026-05-12T16:00:00,2026-05-12 16:00:00,2026-05-12,16:00:00,Tuesday,SN-A02,Zone A,79.0,35.6,40.1,27.1,54446.0,24.7,Numeric,0.0,True
843,2026-05-12T16:00:00,2026-05-12 16:00:00,2026-05-12,16:00:00,Tuesday,SN-A03,Zone A,75.6,34.6,40.1,27.1,54446.0,27.1,Numeric,0.0,True
844,2026-05-12T16:00:00,2026-05-12 16:00:00,2026-05-12,16:00:00,Tuesday,SN-B01,Zone B,69.1,37.1,40.8,34.4,51353.0,27.9,Numeric,0.0,True
845,2026-05-12T16:00:00,2026-05-12 16:00:00,2026-05-12,16:00:00,Tuesday,SN-B02,Zone B,71.5,35.7,40.8,34.4,51353.0,26.3,Numeric,0.0,True
846,2026-05-12T16:00:00,2026-05-12 16:00:00,2026-05-12,16:00:00,Tuesday,SN-B03,Zone B,73.1,36.3,40.8,34.4,51353.0,25.1,Numeric,0.0,True
847,2026-05-12T16:00:00,2026-05-12 16:00:00,2026-05-12,16:00:00,Tuesday,SN-C01,Zone C,21.6,37.0,41.7,27.2,,23.6,Numeric,0.0,False
848,2026-05-12T16:00:00,2026-05-12 16:00:00,2026-05-12,16:00:00,Tuesday,SN-C02,Zone C,19.8,38.6,41.7,27.2,67639.0,26.5,Numeric,0.0,False
849,2026-05-12T16:00:00,2026-05-12 16:00:00,2026-05-12,16:00:00,Tuesday,SN-C03,Zone C,21.9,40.1,41.7,27.2,67639.0,26.0,Numeric,0.0,False
850,2026-05-12T16:00:00,2026-05-12 16:00:00,2026-05-12,16:00:00,Tuesday,SN-D01,Zone D,81.2,35.44444444444444,40.333333333333336,27.9,56391.0,26.1,Numeric,0.0,True
851,2026-05-12T16:00:00,2026-05-12 16:00:00,2026-05-12,16:00:00,Tuesday,SN-D02,Zone D,81.5,33.388888888888886,40.333333333333336,27.9,56391.0,26.8,Numeric,0.0,True
852,2026-05-12T16:00:00,2026-05-12 16:00:00,2026-05-12,16:00:00,Tuesday,SN-D03,Zone D,81.2,36.2,40.3,27.9,56391.0,25.3,Numeric,0.0,True
853,2026-05-12T20:00:00,2026-05-12 20:00:00,2026-05-12,20:00:00,Tuesday,SN-A01,Zone A,75.1,31.7,36.0,39.2,631.0,24.3,Numeric,0.0,False
854,2026-05-12T20:00:00,2026-05-12 20:00:00,2026-05-12,20:00:00,Tuesday,SN-A02,Zone A,72.2,33.9,36.0,,631.0,23.4,Numeric,0.0,
855,2026-05-12T20:00:00,2026-05-12 20:00:00,2026-05-12,20:00:00,Tuesday,SN-A03,Zone A,73.8,32.2,36.0,39.2,631.0,25.8,Numeric,0.0,False
856,2026-05-12T20:00:00,2026-05-12 20:00:00,2026-05-12,20:00:00,Tuesday,SN-B01,Zone B,69.9,32.5,36.9,36.0,485.0,26.9,Numeric,0.0,
857,2026-05-12T20:00:00,2026-05-12 20:00:00,2026-05-12,20:00:00,Tuesday,SN-B02,Zone B,69.6,31.3,36.9,36.0,485.0,25.0,Numeric,0.0,False
858,2026-05-12T20:00:00,2026-05-12 20:00:00,2026-05-12,20:00:00,Tuesday,SN-B03,Zone B,70.2,33.6,36.9,36.0,485.0,23.8,Numeric,0.0,False
859,2026-05-12T20:00:00,2026-05-12 20:00:00,2026-05-12,20:00:00,Tuesday,SN-C01,Zone C,16.9,29.3,33.2,46.8,48.0,22.4,Numeric,0.0,False
860,2026-05-12T20:00:00,2026-05-12 20:00:00,2026-05-12,20:00:00,Tuesday,SN-C02,Zone C,,,33.2,46.8,48.0,25.2,Numeric,0.0,False
861,2026-05-12T20:00:00,2026-05-12 20:00:00,2026-05-12,20:00:00,Tuesday,SN-C03,Zone C,,27.1,33.2,46.8,48.0,24.7,Numeric,0.0,False
862,2026-05-12T20:00:00,2026-05-12 20:00:00,2026-05-12,20:00:00,Tuesday,SN-D01,Zone D,79.7,31.38888888888889,35.05555555555556,35.7,538.0,25.0,Numeric,0.0,False
863,2026-05-12T20:00:00,2026-05-12 20:00:00,2026-05-12,20:00:00,Tuesday,SN-D02,Zone D,76.8,32.0,35.05555555555556,35.7,538.0,25.7,Numeric,0.0,False
864,2026-05-12T20:00:00,2026-05-12 20:00:00,2026-05-12,20:00:00,Tuesday,SN-D03,Zone D,79.2,31.7,35.1,35.7,538.0,24.4,Numeric,0.0,False
865,2026-05-13T00:00:00,2026-05-13 00:00:00,2026-05-13,00:00:00,Wednesday,SN-A01,Zone A,72.6,24.1,,52.3,0.0,23.5,Numeric,0.0,False
866,2026-05-13T00:00:00,2026-05-13 00:00:00,2026-05-13,00:00:00,Wednesday,SN-A02,Zone A,70.0,26.7,28.9,52.3,0.0,22.2,Numeric,0.0,False
867,2026-05-13T00:00:00,2026-05-13 00:00:00,2026-05-13,00:00:00,Wednesday,SN-A03,Zone A,71.3,26.1,28.9,,0.0,24.6,Numeric,0.0,False
868,2026-05-13T00:00:00,2026-05-13 00:00:00,2026-05-13,00:00:00,Wednesday,SN-B01,Zone B,67.9,24.8,28.9,52.2,0.0,26.0,Numeric,0.0,False
869,2026-05-13T00:00:00,2026-05-13 00:00:00,2026-05-13,00:00:00,Wednesday,SN-B02,Zone B,66.3,24.3,,52.2,0.0,23.9,Numeric,0.0,False
870,2026-05-13T00:00:00,2026-05-13 00:00:00,2026-05-13,00:00:00,Wednesday,SN-B03,Zone B,65.8,24.4,28.9,52.2,0.0,22.6,Numeric,0.0,False
871,2026-05-13T00:00:00,2026-05-13 00:00:00,2026-05-13,00:00:00,Wednesday,SN-C01,Zone C,16.0,22.7,26.9,55.0,0.0,21.4,Numeric,0.0,False
872,2026-05-13T00:00:00,2026-05-13 00:00:00,2026-05-13,00:00:00,Wednesday,SN-C02,Zone C,14.4,22.5,26.9,55.0,0.0,24.0,Numeric,0.0,False
873,2026-05-13T00:00:00,2026-05-13 00:00:00,2026-05-13,00:00:00,Wednesday,SN-C03,Zone C,16.5,23.7,26.9,55.0,0.0,23.6,Numeric,0.0,False
874,2026-05-13T00:00:00,2026-05-13 00:00:00,2026-05-13,00:00:00,Wednesday,SN-D01,Zone D,78.1,27.22222222222222,30.333333333333332,49.8,0.0,24.2,Numeric,0.0,False
875,2026-05-13T00:00:00,2026-05-13 00:00:00,2026-05-13,00:00:00,Wednesday,SN-D02,Zone D,75.8,26.0,30.333333333333332,49.8,0.0,24.8,Numeric,0.0,False
876,2026-05-13T00:00:00,2026-05-13 00:00:00,2026-05-13,00:00:00,Wednesday,SN-D03,Zone D,77.2,28.1,30.3,49.8,0.0,23.4,Numeric,0.0,False
877,2026-05-13T04:00:00,2026-05-13 04:00:00,2026-05-13,04:00:00,Wednesday,SN-A01,Zone A,,22.9,28.3,58.7,0.0,22.5,Numeric,0.0,True
878,2026-05-13T04:00:00,2026-05-13 04:00:00,2026-05-13,04:00:00,Wednesday,SN-A02,Zone A,,26.0,28.3,58.7,0.0,21.0,Numeric,,True
879,2026-05-13T04:00:00,2026-05-13 04:00:00,2026-05-13,04:00:00,Wednesday,SN-A03,Zone A,,24.4,28.3,,,,Numeric,0.0,True
880,2026-05-13T04:00:00,2026-05-13 04:00:00,2026-05-13,04:00:00,Wednesday,SN-B01,Zone B,73.7,25.0,27.8,60.1,0.0,25.1,Numeric,0.0,True
881,2026-05-13T04:00:00,2026-05-13 04:00:00,2026-05-13,04:00:00,Wednesday,SN-B02,Zone B,70.3,,27.8,60.1,0.0,22.7,Numeric,0.0,True
882,2026-05-13T04:00:00,2026-05-13 04:00:00,2026-05-13,04:00:00,Wednesday,SN-B03,Zone B,72.7,23.4,27.8,60.1,0.0,21.4,Numeric,0.0,True
883,2026-05-13T04:00:00,2026-05-13 04:00:00,2026-05-13,04:00:00,Wednesday,SN-C01,Zone C,15.9,23.8,26.9,56.6,0.0,20.1,Numeric,0.0,False
884,2026-05-13T04:00:00,2026-05-13 04:00:00,2026-05-13,04:00:00,Wednesday,SN-C02,Zone C,11.9,23.0,26.9,56.6,0.0,23.2,Numeric,0.0,False
885,2026-05-13T04:00:00,2026-05-13 04:00:00,2026-05-13,04:00:00,Wednesday,SN-C03,Zone C,14.6,23.1,26.9,56.6,0.0,22.6,Numeric,0.0,False
886,,,,,,SN-D01,Zone D,83.1,22.444444444444446,26.055555555555557,53.5,607.0,23.0,Numeric,0.0,True
887,2026-05-13T04:00:00,2026-05-13 04:00:00,2026-05-13,04:00:00,Wednesday,SN-D02,Zone D,80.6,22.444444444444446,26.055555555555557,,607.0,23.9,Numeric,0.0,True
888,2026-05-13T04:00:00,2026-05-13 04:00:00,2026-05-13,04:00:00,Wednesday,SN-D03,Zone D,80.5,22.1,26.0,53.5,607.0,22.3,Numeric,0.0,True
889,2026-05-13T08:00:00,2026-05-13 08:00:00,2026-05-13,08:00:00,Wednesday,SN-A01,Zone A,74.7,30.3,33.8,36.7,24219.0,21.4,Numeric,0.0,False
890,2026-05-13T08:00:00,2026-05-13 08:00:00,2026-05-13,08:00:00,Wednesday,SN-A02,Zone A,73.4,31.7,33.8,36.7,24219.0,20.0,Numeric,0.0,False
891,2026-05-13T08:00:00,2026-05-13 08:00:00,2026-05-13,08:00:00,Wednesday,SN-A03,Zone A,74.9,31.5,33.8,36.7,24219.0,22.6,Numeric,0.0,False
892,2026-05-13T08:00:00,2026-05-13 08:00:00,2026-05-13,08:00:00,Wednesday,SN-B01,Zone B,69.9,29.9,33.7,48.1,30425.0,23.9,Numeric,0.0,False
893,2026-05-13T08:00:00,2026-05-13 08:00:00,2026-05-13,08:00:00,Wednesday,SN-B02,Zone B,70.8,29.8,33.7,48.1,30425.0,21.8,Numeric,0.0,False
894,2026-05-13T08:00:00,2026-05-13 08:00:00,2026-05-13,08:00:00,Wednesday,SN-B03,Zone B,68.6,28.3,33.7,48.1,30425.0,,Numeric,0.0,False
895,2026-05-13T08:00:00,2026-05-13 08:00:00,2026-05-13,08:00:00,Wednesday,SN-C01,Zone C,11.2,25.9,31.7,43.2,28856.0,19.1,Numeric,0.0,False
896,2026-05-13T08:00:00,2026-05-13 08:00:00,2026-05-13,08:00:00,Wednesday,SN-C02,Zone C,,29.2,31.7,43.2,28856.0,22.1,Numeric,0.0,False
897,2026-05-13T08:00:00,2026-05-13 08:00:00,2026-05-13,08:00:00,Wednesday,SN-C03,Zone C,15.0,28.1,31.7,43.2,28856.0,21.3,Numeric,0.0,False
898,2026-05-13T08:00:00,2026-05-13 08:00:00,2026-05-13,08:00:00,Wednesday,SN-D01,Zone D,79.5,,32.611111111111114,48.6,31208.0,21.8,Numeric,,False
899,2026-05-13T08:00:00,2026-05-13 08:00:00,2026-05-13,08:00:00,Wednesday,SN-D02,Zone D,79.4,28.277777777777782,32.611111111111114,48.6,31208.0,22.7,Numeric,0.0,False
900,2026-05-13T08:00:00,2026-05-13 08:00:00,2026-05-13,08:00:00,Wednesday,SN-D03,Zone D,78.5,26.8,32.6,48.6,31208.0,21.1,Numeric,0.0,False
901,2026-05-13T12:00:00,2026-05-13 12:00:00,2026-05-13,12:00:00,Wednesday,SN-A01,Zone A,73.4,39.5,43.5,21.3,105731.0,20.2,Numeric,0.0,False
902,2026-05-13T12:00:00,2026-05-13 12:00:00,2026-05-13,12:00:00,Wednesday,SN-A02,Zone A,66.4,40.1,43.5,21.3,105731.0,19.0,Numeric,0.0,
903,2026-05-13T12:00:00,2026-05-13 12:00:00,2026-05-13,12:00:00,Wednesday,SN-A03,Zone A,71.7,38.4,43.5,21.3,105731.0,21.8,Numeric,0.0,False
904,2026-05-13T12:00:00,2026-05-13 12:00:00,2026-05-13,12:00:00,Wednesday,SN-B01,Zone B,66.8,37.1,40.3,27.6,93141.0,22.9,Numeric,0.0,False
905,2026-05-13T12:00:00,2026-05-13 12:00:00,2026-05-13,12:00:00,Wednesday,SN-B02,Zone B,65.3,37.7,40.3,27.6,93141.0,20.5,Numeric,0.0,False
906,2026-05-13T12:00:00,2026-05-13 12:00:00,2026-05-13,12:00:00,Wednesday,SN-B03,Zone B,68.0,36.8,40.3,27.6,93141.0,19.2,Numeric,0.0,False
907,2026-05-13T12:00:00,2026-05-13 12:00:00,2026-05-13,12:00:00,Wednesday,SN-C01,Zone C,9.4,38.4,42.9,20.7,92545.0,17.9,Numeric,0.0,False
908,2026-05-13T12:00:00,2026-05-13 12:00:00,2026-05-13,12:00:00,Wednesday,SN-C02,Zone C,6.9,38.8,42.9,20.7,92545.0,20.8,Numeric,0.0,False
909,2026-05-13T12:00:00,2026-05-13 12:00:00,2026-05-13,12:00:00,Wednesday,SN-C03,Zone C,,40.6,42.9,20.7,92545.0,20.2,Numeric,0.0,False
910,2026-05-13T12:00:00,2026-05-13 12:00:00,2026-05-13,12:00:00,Wednesday,SN-D01,Zone D,74.6,36.666666666666664,40.05555555555556,26.8,98741.0,20.9,Numeric,0.0,False
911,2026-05-13T12:00:00,2026-05-13 12:00:00,2026-05-13,12:00:00,Wednesday,SN-D02,Zone D,77.3,37.833333333333336,40.05555555555556,26.8,98741.0,21.8,Numeric,,False
912,2026-05-13T12:00:00,2026-05-13 12:00:00,2026-05-13,12:00:00,Wednesday,SN-D03,Zone D,76.6,37.9,40.1,26.8,98741.0,20.0,Numeric,0.0,False
913,2026-05-13T16:00:00,2026-05-13 16:00:00,2026-05-13,16:00:00,Wednesday,SN-A01,Zone A,78.3,,41.8,25.3,55568.0,19.2,Numeric,,True
914,2026-05-13T16:00:00,2026-05-13 16:00:00,2026-05-13,16:00:00,Wednesday,SN-A02,Zone A,73.9,36.4,41.8,25.3,55568.0,,Non-Numeric,0.0,True
915,2026-05-13T16:00:00,2026-05-13 16:00:00,2026-05-13,16:00:00,Wednesday,SN-A03,Zone A,77.6,38.6,41.8,25.3,55568.0,20.8,Numeric,0.0,True
916,2026-05-13T16:00:00,2026-05-13 16:00:00,2026-05-13,16:00:00,Wednesday,SN-B01,Zone B,72.2,33.1,38.7,25.3,51495.0,21.8,Numeric,0.0,True
917,2026-05-13T16:00:00,2026-05-13 16:00:00,2026-05-13,16:00:00,Wednesday,SN-B02,Zone B,71.7,34.8,38.7,25.3,51495.0,19.5,Numeric,0.0,True
918,2026-05-13T16:00:00,2026-05-13 16:00:00,2026-05-13,16:00:00,Wednesday,SN-B03,Zone B,71.0,,38.7,25.3,,18.3,Numeric,0.0,True
919,2026-05-13T16:00:00,2026-05-13 16:00:00,2026-05-13,16:00:00,Wednesday,SN-C01,Zone C,5.5,40.0,43.6,32.6,52223.0,,Numeric,0.0,False
920,2026-05-13T16:00:00,2026-05-13 16:00:00,2026-05-13,16:00:00,Wednesday,SN-C02,Zone C,3.0,40.5,43.6,32.6,52223.0,19.9,Numeric,0.0,False
921,2026-05-13T16:00:00,2026-05-13 16:00:00,2026-05-13,16:00:00,Wednesday,SN-C03,Zone C,9.4,39.0,43.6,32.6,52223.0,19.2,Numeric,0.0,False
922,2026-05-13T16:00:00,2026-05-13 16:00:00,2026-05-13,16:00:00,Wednesday,SN-D01,Zone D,79.6,38.5,42.05555555555556,28.3,64563.0,20.1,Numeric,0.0,True
923,2026-05-13T16:00:00,2026-05-13 16:00:00,2026-05-13,16:00:00,Wednesday,SN-D02,Zone D,83.4,37.55555555555556,42.05555555555556,28.3,64563.0,20.6,Numeric,0.0,True
924,2026-05-13T16:00:00,2026-05-13 16:00:00,2026-05-13,16:00:00,Wednesday,SN-D03,Zone D,81.0,40.0,42.1,28.3,64563.0,,Non-Numeric,0.0,True
925,2026-05-13T20:00:00,2026-05-13 20:00:00,2026-05-13,20:00:00,Wednesday,SN-A01,Zone A,76.0,29.0,34.5,44.1,101.0,18.1,Numeric,0.0,False
926,2026-05-13T20:00:00,2026-05-13 20:00:00,2026-05-13,20:00:00,Wednesday,SN-A02,Zone A,74.3,30.2,34.5,44.1,101.0,17.0,Numeric,0.0,False
927,2026-05-13T20:00:00,2026-05-13 20:00:00,2026-05-13,20:00:00,Wednesday,SN-A03,Zone A,74.0,30.2,34.5,44.1,101.0,19.6,Numeric,0.0,False
928,,,,,,SN-B01,Zone B,,27.9,31.7,,522.0,20.7,Numeric,0.0,False
929,2026-05-13T20:00:00,2026-05-13 20:00:00,2026-05-13,20:00:00,Wednesday,SN-B02,Zone B,71.3,28.7,31.7,39.1,522.0,18.6,Numeric,0.0,False
930,2026-05-13T20:00:00,2026-05-13 20:00:00,2026-05-13,20:00:00,Wednesday,SN-B03,Zone B,69.5,26.2,31.7,39.1,522.0,17.3,Numeric,0.0,False
931,2026-05-13T20:00:00,2026-05-13 20:00:00,2026-05-13,20:00:00,Wednesday,SN-C01,Zone C,5.5,30.2,33.9,37.6,386.0,15.9,Numeric,,False
932,2026-05-13T20:00:00,2026-05-13 20:00:00,2026-05-13,20:00:00,Wednesday,SN-C02,Zone C,,29.1,33.9,37.6,386.0,18.7,Numeric,0.0,False
933,2026-05-13T20:00:00,2026-05-13 20:00:00,2026-05-13,20:00:00,Wednesday,SN-C03,Zone C,8.2,29.9,,37.6,,17.9,Numeric,0.0,False
934,2026-05-13T20:00:00,2026-05-13 20:00:00,2026-05-13,20:00:00,Wednesday,SN-D01,Zone D,83.0,29.88888888888889,36.22222222222222,46.8,993.0,18.8,Numeric,0.0,False
935,2026-05-13T20:00:00,2026-05-13 20:00:00,2026-05-13,20:00:00,Wednesday,SN-D02,Zone D,78.7,31.27777777777778,,46.8,993.0,19.4,Numeric,0.0,False
936,,,,,,SN-D03,Zone D,81.2,32.1,36.2,,993.0,18.0,Numeric,0.0,
937,2026-05-14T00:00:00,2026-05-14 00:00:00,2026-05-14,00:00:00,Thursday,SN-A01,Zone A,72.8,22.8,28.0,58.1,63.0,17.2,Numeric,0.0,False
938,2026-05-14T00:00:00,2026-05-14 00:00:00,2026-05-14,00:00:00,Thursday,SN-A02,Zone A,,24.7,28.0,58.1,63.0,15.9,Numeric,0.0,False
939,2026-05-14T00:00:00,2026-05-14 00:00:00,2026-05-14,00:00:00,Thursday,SN-A03,Zone A,72.4,24.1,28.0,,63.0,18.5,Numeric,0.0,False
940,2026-05-14T00:00:00,2026-05-14 00:00:00,2026-05-14,00:00:00,Thursday,SN-B01,Zone B,67.5,22.4,25.5,52.3,58.0,19.8,Numeric,0.0,False
941,2026-05-14T00:00:00,2026-05-14 00:00:00,2026-05-14,00:00:00,Thursday,SN-B02,Zone B,67.2,18.8,25.5,52.3,58.0,17.7,Numeric,,False
942,2026-05-14T00:00:00,2026-05-14 00:00:00,2026-05-14,00:00:00,Thursday,SN-B03,Zone B,66.0,23.5,25.5,52.3,58.0,16.5,Numeric,0.0,False
943,2026-05-14T00:00:00,2026-05-14 00:00:00,2026-05-14,00:00:00,Thursday,SN-C01,Zone C,4.4,21.9,27.0,56.5,348.0,15.0,Numeric,0.0,False
944,2026-05-14T00:00:00,2026-05-14 00:00:00,2026-05-14,00:00:00,Thursday,SN-C02,Zone C,4.6,24.8,27.0,56.5,348.0,17.7,Numeric,0.0,
945,2026-05-14T00:00:00,2026-05-14 00:00:00,2026-05-14,00:00:00,Thursday,SN-C03,Zone C,5.2,20.7,27.0,56.5,348.0,16.9,Numeric,0.0,False
946,2026-05-14T00:00:00,2026-05-14 00:00:00,2026-05-14,00:00:00,Thursday,SN-D01,Zone D,79.4,24.777777777777775,27.5,58.6,11.0,18.0,Numeric,0.0,False
947,2026-05-14T00:00:00,2026-05-14 00:00:00,2026-05-14,00:00:00,Thursday,SN-D02,Zone D,76.3,22.77777777777778,27.5,58.6,11.0,18.3,Numeric,0.0,False
948,2026-05-14T00:00:00,2026-05-14 00:00:00,2026-05-14,00:00:00,Thursday,SN-D03,Zone D,77.9,23.8,27.5,,11.0,17.0,Numeric,0.0,False
949,2026-05-14T04:00:00,2026-05-14 04:00:00,2026-05-14,04:00:00,Thursday,SN-A01,Zone A,76.6,20.7,25.8,61.9,184.0,16.1,Numeric,,True
950,2026-05-14T04:00:00,2026-05-14 04:00:00,2026-05-14,04:00:00,Thursday,SN-A02,Zone A,75.6,24.3,25.8,61.9,184.0,14.9,Numeric,0.0,True
951,2026-05-14T04:00:00,2026-05-14 04:00:00,2026-05-14,04:00:00,Thursday,SN-A03,Zone A,75.5,22.5,25.8,61.9,184.0,17.7,Numeric,0.0,True
952,2026-05-14T04:00:00,2026-05-14 04:00:00,2026-05-14,04:00:00,Thursday,SN-B01,Zone B,73.1,26.9,28.7,52.3,0.0,18.7,Numeric,0.0,True
953,2026-05-14T04:00:00,2026-05-14 04:00:00,2026-05-14,04:00:00,Thursday,SN-B02,Zone B,71.4,22.3,28.7,52.3,,16.4,Numeric,0.0,
954,2026-05-14T04:00:00,2026-05-14 04:00:00,2026-05-14,04:00:00,Thursday,SN-B03,Zone B,71.1,23.9,28.7,52.3,0.0,15.5,Numeric,0.0,True
955,2026-05-14T04:00:00,2026-05-14 04:00:00,2026-05-14,04:00:00,Thursday,SN-C01,Zone C,3.5,,27.0,54.1,416.0,,Non-Numeric,0.0,False
956,2026-05-14T04:00:00,2026-05-14 04:00:00,2026-05-14,04:00:00,Thursday,SN-C02,Zone C,1.1,23.4,27.0,54.1,416.0,16.6,Numeric,0.0,False
957,2026-05-14T04:00:00,2026-05-14 04:00:00,2026-05-14,04:00:00,Thursday,SN-C03,Zone C,3.5,21.5,27.0,54.1,,15.8,Numeric,0.0,False
958,2026-05-14T04:00:00,2026-05-14 04:00:00,2026-05-14,04:00:00,Thursday,SN-D01,Zone D,83.7,22.277777777777775,26.555555555555557,,14.0,17.1,Numeric,0.0,True
959,2026-05-14T04:00:00,2026-05-14 04:00:00,2026-05-14,04:00:00,Thursday,SN-D02,Zone D,82.2,21.5,26.555555555555557,56.0,14.0,,Numeric,0.0,True
960,2026-05-14T04:00:00,2026-05-14 04:00:00,2026-05-14,04:00:00,Thursday,SN-D03,Zone D,81.5,20.8,26.6,56.0,14.0,15.9,Numeric,0.0,True
961,2026-05-14T08:00:00,2026-05-14 08:00:00,2026-05-14,08:00:00,Thursday,SN-A01,Zone A,73.2,28.7,32.8,44.9,27534.0,15.1,Numeric,0.0,False
962,2026-05-14T08:00:00,2026-05-14 08:00:00,2026-05-14,08:00:00,Thursday,SN-A02,Zone A,,,,,,13.9,Numeric,0.0,False
963,2026-05-14T08:00:00,2026-05-14 08:00:00,2026-05-14,08:00:00,Thursday,SN-A03,Zone A,74.1,30.1,32.8,44.9,27534.0,16.5,Numeric,0.0,False
964,2026-05-14T08:00:00,2026-05-14 08:00:00,2026-05-14,08:00:00,Thursday,SN-B01,Zone B,68.9,31.5,33.4,44.1,31508.0,17.7,Numeric,0.0,False
965,2026-05-14T08:00:00,2026-05-14 08:00:00,2026-05-14,08:00:00,Thursday,SN-B02,Zone B,68.6,27.9,33.4,44.1,31508.0,15.5,Numeric,0.0,False
966,,,,,,SN-B03,Zone B,,,,,,14.5,Numeric,0.0,False
967,2026-05-14T08:00:00,2026-05-14 08:00:00,2026-05-14,08:00:00,Thursday,SN-C01,Zone C,4.1,27.8,33.3,43.7,28702.0,13.0,Numeric,0.0,False
968,2026-05-14T08:00:00,2026-05-14 08:00:00,2026-05-14,08:00:00,Thursday,SN-C02,Zone C,4.4,30.5,33.3,43.7,28702.0,15.4,Numeric,0.0,False
969,2026-05-14T08:00:00,2026-05-14 08:00:00,2026-05-14,08:00:00,Thursday,SN-C03,Zone C,,,,,,14.9,Numeric,,False
970,2026-05-14T08:00:00,2026-05-14 08:00:00,2026-05-14,08:00:00,Thursday,SN-D01,Zone D,78.5,27.055555555555557,31.22222222222222,38.4,31103.0,16.3,Numeric,,False
971,2026-05-14T08:00:00,2026-05-14 08:00:00,2026-05-14,08:00:00,Thursday,SN-D02,Zone D,,27.83333333333333,31.22222222222222,38.4,31103.0,16.6,Numeric,0.0,False
972,2026-05-14T08:00:00,2026-05-14 08:00:00,2026-05-14,08:00:00,Thursday,SN-D03,Zone D,78.9,27.2,31.2,38.4,31103.0,15.0,Numeric,0.0,False
973,2026-05-14T12:00:00,2026-05-14 12:00:00,2026-05-14,12:00:00,Thursday,SN-A01,Zone A,,,,,,14.2,Numeric,0.0,False
974,2026-05-14T12:00:00,2026-05-14 12:00:00,2026-05-14,12:00:00,Thursday,SN-A02,Zone A,72.1,36.1,40.0,,100991.0,100.0,Numeric,0.0,False
975,2026-05-14T12:00:00,2026-05-14 12:00:00,2026-05-14,12:00:00,Thursday,SN-A03,Zone A,71.2,34.6,40.0,36.3,100991.0,15.5,Numeric,0.0,False
976,2026-05-14T12:00:00,2026-05-14 12:00:00,2026-05-14,12:00:00,Thursday,SN-B01,Zone B,67.5,37.5,42.1,18.5,100137.0,16.4,Numeric,,False
977,2026-05-14T12:00:00,2026-05-14 12:00:00,2026-05-14,12:00:00,Thursday,SN-B02,Zone B,66.2,38.8,42.1,18.5,,14.7,Numeric,0.0,False
978,2026-05-14T12:00:00,2026-05-14 12:00:00,2026-05-14,12:00:00,Thursday,SN-B03,Zone B,69.5,38.9,42.1,18.5,100137.0,13.3,Numeric,0.0,False
979,2026-05-14T12:00:00,2026-05-14 12:00:00,2026-05-14,12:00:00,Thursday,SN-C01,Zone C,,,,,,12.1,Numeric,0.0,False
980,2026-05-14T12:00:00,2026-05-14 12:00:00,2026-05-14,12:00:00,Thursday,SN-C02,Zone C,3.0,39.5,43.4,30.8,83302.0,14.1,Numeric,0.0,False
981,2026-05-14T12:00:00,2026-05-14 12:00:00,2026-05-14,12:00:00,Thursday,SN-C03,Zone C,,,,,,14.1,Numeric,0.0,False
982,2026-05-14T12:00:00,2026-05-14 12:00:00,2026-05-14,12:00:00,Thursday,SN-D01,Zone D,77.9,36.55555555555556,42.888888888888886,25.7,96938.0,15.3,Numeric,0.0,False
983,2026-05-14T12:00:00,2026-05-14 12:00:00,2026-05-14,12:00:00,Thursday,SN-D02,Zone D,,37.888888888888886,42.888888888888886,25.7,96938.0,15.7,Numeric,0.0,False
984,2026-05-14T12:00:00,2026-05-14 12:00:00,2026-05-14,12:00:00,Thursday,SN-D03,Zone D,75.4,39.7,42.9,25.7,96938.0,13.8,Numeric,0.0,False
985,2026-05-14T16:00:00,2026-05-14 16:00:00,2026-05-14,16:00:00,Thursday,SN-A01,Zone A,,,,,,13.2,Numeric,0.0,True
986,,,,,,SN-A02,Zone A,,,,,,,Numeric,,
987,2026-05-14T16:00:00,2026-05-14 16:00:00,2026-05-14,16:00:00,Thursday,SN-A03,Zone A,,38.4,41.8,24.1,57756.0,14.7,Numeric,0.0,True
988,2026-05-14T16:00:00,2026-05-14 16:00:00,2026-05-14,16:00:00,Thursday,SN-B01,Zone B,72.5,34.4,39.7,31.1,52712.0,,Non-Numeric,,True
989,2026-05-14T16:00:00,2026-05-14 16:00:00,2026-05-14,16:00:00,Thursday,SN-B02,Zone B,,,,,,13.6,Numeric,0.0,True
990,,,,,,SN-B03,Zone B,,,,,,12.3,Numeric,0.0,True
991,2026-05-14T16:00:00,2026-05-14 16:00:00,2026-05-14,16:00:00,Thursday,SN-C01,Zone C,4.0,37.4,41.0,32.4,58796.0,11.3,Numeric,0.0,False
992,2026-05-14T16:00:00,2026-05-14 16:00:00,2026-05-14,16:00:00,Thursday,SN-C02,Zone C,,,,,,13.1,Numeric,0.0,False
993,2026-05-14T16:00:00,2026-05-14 16:00:00,2026-05-14,16:00:00,Thursday,SN-C03,Zone C,4.5,35.6,41.0,32.4,58796.0,13.1,Numeric,0.0,False
994,2026-05-14T16:00:00,2026-05-14 16:00:00,2026-05-14,16:00:00,Thursday,SN-D01,Zone D,82.1,35.05555555555556,41.611111111111114,33.0,53300.0,14.4,Numeric,0.0,True
995,2026-05-14T16:00:00,2026-05-14 16:00:00,2026-05-14,16:00:00,Thursday,SN-D02,Zone D,81.4,39.111111111111114,41.611111111111114,33.0,,100.0,Numeric,,True
996,2026-05-14T16:00:00,2026-05-14 16:00:00,2026-05-14,16:00:00,Thursday,SN-D03,Zone D,83.6,38.4,41.6,33.0,53300.0,100.0,Numeric,0.0,True
997,2026-05-14T20:00:00,2026-05-14 20:00:00,2026-05-14,20:00:00,Thursday,SN-A01,Zone A,76.4,33.2,36.8,47.2,111.0,12.4,Numeric,,False
998,2026-05-14T20:00:00,2026-05-14 20:00:00,2026-05-14,20:00:00,Thursday,SN-A02,Zone A,76.9,33.2,36.8,47.2,111.0,98.1,Numeric,0.0,False
999,2026-05-14T20:00:00,2026-05-14 20:00:00,2026-05-14,20:00:00,Thursday,SN-A03,Zone A,73.1,33.9,,47.2,111.0,100.0,Numeric,,False
1000,2026-05-14T20:00:00,2026-05-14 20:00:00,2026-05-14,20:00:00,Thursday,SN-B01,Zone B,69.2,30.9,36.1,39.5,,14.3,Numeric,0.0,False
1001,2026-05-14T20:00:00,2026-05-14 20:00:00,2026-05-14,20:00:00,Thursday,SN-B02,Zone B,69.3,32.4,36.1,39.5,705.0,12.4,Numeric,0.0,False
1002,2026-05-14T20:00:00,2026-05-14 20:00:00,2026-05-14,20:00:00,Thursday,SN-B03,Zone B,70.6,31.4,36.1,39.5,,11.5,Numeric,0.0,False
1003,2026-05-14T20:00:00,2026-05-14 20:00:00,2026-05-14,20:00:00,Thursday,SN-C01,Zone C,5.5,32.4,37.1,42.5,867.0,100.0,Numeric,0.0,False
1004,2026-05-14T20:00:00,2026-05-14 20:00:00,2026-05-14,20:00:00,Thursday,SN-C02,Zone C,6.1,34.5,37.1,42.5,867.0,12.0,Numeric,0.0,False
1005,2026-05-14T20:00:00,2026-05-14 20:00:00,2026-05-14,20:00:00,Thursday,SN-C03,Zone C,4.9,33.8,37.1,42.5,867.0,12.2,Numeric,0.0,False
1006,2026-05-14T20:00:00,2026-05-14 20:00:00,2026-05-14,20:00:00,Thursday,SN-D01,Zone D,78.1,31.833333333333332,35.666666666666664,38.9,718.0,13.5,Numeric,0.0,False
1007,2026-05-14T20:00:00,2026-05-14 20:00:00,2026-05-14,20:00:00,Thursday,SN-D02,Zone D,78.0,30.5,35.666666666666664,38.9,718.0,99.0,Numeric,0.0,False
1008,2026-05-14T20:00:00,2026-05-14 20:00:00,2026-05-14,20:00:00,Thursday,SN-D03,Zone D,79.7,33.6,,38.9,718.0,98.7,Numeric,0.0,False
1009,2026-05-15T00:00:00,2026-05-15 00:00:00,2026-05-15,00:00:00,Friday,SN-A01,Zone A,,,,,,11.1,Numeric,0.0,False
1010,2026-05-15T00:00:00,2026-05-15 00:00:00,2026-05-15,00:00:00,Friday,SN-A02,Zone A,,24.0,28.2,,0.0,97.0,Numeric,0.0,False
1011,,,,,,SN-A03,Zone A,70.6,25.3,28.2,62.8,0.0,99.0,Numeric,0.0,False
1012,2026-05-15T00:00:00,2026-05-15 00:00:00,2026-05-15,00:00:00,Friday,SN-B01,Zone B,68.5,26.4,30.6,52.5,0.0,13.5,Numeric,0.0,False
1013,2026-05-15T00:00:00,2026-05-15 00:00:00,2026-05-15,00:00:00,Friday,SN-B02,Zone B,66.9,25.4,30.6,52.5,0.0,11.3,Numeric,0.0,False
1014,2026-05-15T00:00:00,2026-05-15 00:00:00,2026-05-15,00:00:00,Friday,SN-B03,Zone B,68.2,27.3,30.6,52.5,0.0,10.5,Numeric,0.0,False
1015,2026-05-15T00:00:00,2026-05-15 00:00:00,2026-05-15,00:00:00,Friday,SN-C01,Zone C,4.7,28.4,29.3,55.6,793.0,98.8,Numeric,0.0,False
1016,,,,,,SN-C02,Zone C,4.7,23.7,29.3,55.6,793.0,10.9,Numeric,0.0,False
1017,2026-05-15T00:00:00,2026-05-15 00:00:00,2026-05-15,00:00:00,Friday,SN-C03,Zone C,2.7,25.2,29.3,55.6,793.0,11.4,Numeric,0.0,False
1018,2026-05-15T00:00:00,2026-05-15 00:00:00,2026-05-15,00:00:00,Friday,SN-D01,Zone D,75.9,25.888888888888886,28.61111111111111,50.7,391.0,12.2,Numeric,0.0,False
1019,2026-05-15T00:00:00,2026-05-15 00:00:00,2026-05-15,00:00:00,Friday,SN-D02,Zone D,76.4,24.222222222222218,28.61111111111111,50.7,391.0,97.8,Numeric,0.0,False
1020,2026-05-15T00:00:00,2026-05-15 00:00:00,2026-05-15,00:00:00,Friday,SN-D03,Zone D,76.6,24.4,,50.7,391.0,97.9,Numeric,0.0,False
1021,2026-05-15T04:00:00,2026-05-15 04:00:00,2026-05-15,04:00:00,Friday,SN-A01,Zone A,,,,,,9.9,Numeric,0.0,True
1022,2026-05-15T04:00:00,2026-05-15 04:00:00,2026-05-15,04:00:00,Friday,SN-A02,Zone A,78.4,,27.5,61.0,0.0,95.9,Numeric,0.0,True
1023,2026-05-15T04:00:00,2026-05-15 04:00:00,2026-05-15,04:00:00,Friday,SN-A03,Zone A,76.7,23.6,27.5,61.0,0.0,97.9,Numeric,,True
1024,2026-05-15T04:00:00,2026-05-15 04:00:00,2026-05-15,04:00:00,Friday,SN-B01,Zone B,,,,,,12.5,Numeric,,True
1025,2026-05-15T04:00:00,2026-05-15 04:00:00,2026-05-15,04:00:00,Friday,SN-B02,Zone B,,20.5,25.4,61.9,0.0,10.1,Numeric,0.0,True
1026,2026-05-15T04:00:00,2026-05-15 04:00:00,2026-05-15,04:00:00,Friday,SN-B03,Zone B,71.6,21.3,25.4,,0.0,9.4,Numeric,0.0,True
1027,2026-05-15T04:00:00,2026-05-15 04:00:00,2026-05-15,04:00:00,Friday,SN-C01,Zone C,32.2,19.1,24.2,59.4,19.0,97.8,Numeric,0.0,True
1028,2026-05-15T04:00:00,2026-05-15 04:00:00,2026-05-15,04:00:00,Friday,SN-C02,Zone C,29.1,21.6,24.2,59.4,19.0,10.1,Numeric,0.0,True
1029,2026-05-15T04:00:00,2026-05-15 04:00:00,2026-05-15,04:00:00,Friday,SN-C03,Zone C,26.9,20.2,24.2,59.4,19.0,,Non-Numeric,0.0,True
1030,2026-05-15T04:00:00,2026-05-15 04:00:00,2026-05-15,04:00:00,Friday,SN-D01,Zone D,83.1,22.16666666666667,26.5,53.3,33.0,11.0,Numeric,0.0,True
1031,2026-05-15T04:00:00,2026-05-15 04:00:00,2026-05-15,04:00:00,Friday,SN-D02,Zone D,80.6,21.055555555555557,26.5,53.3,33.0,96.5,Numeric,0.0,True
1032,2026-05-15T04:00:00,2026-05-15 04:00:00,2026-05-15,04:00:00,Friday,SN-D03,Zone D,,22.6,26.5,53.3,33.0,,Numeric,0.0,True
1033,2026-05-15T08:00:00,2026-05-15 08:00:00,2026-05-15,08:00:00,Friday,SN-A01,Zone A,,,,,,8.8,Numeric,0.0,False
1034,2026-05-15T08:00:00,2026-05-15 08:00:00,2026-05-15,08:00:00,Friday,SN-A02,Zone A,76.8,26.6,30.8,52.8,24760.0,94.8,Numeric,0.0,False
1035,2026-05-15T08:00:00,2026-05-15 08:00:00,2026-05-15,08:00:00,Friday,SN-A03,Zone A,73.6,,30.8,52.8,24760.0,97.1,Numeric,0.0,False
1036,2026-05-15T08:00:00,2026-05-15 08:00:00,2026-05-15,08:00:00,Friday,SN-B01,Zone B,69.6,,31.6,54.2,,11.5,Numeric,0.0,False
1037,2026-05-15T08:00:00,2026-05-15 08:00:00,2026-05-15,08:00:00,Friday,SN-B02,Zone B,,,,,,9.2,Numeric,0.0,False
1038,2026-05-15T08:00:00,2026-05-15 08:00:00,2026-05-15,08:00:00,Friday,SN-B03,Zone B,70.8,26.9,31.6,54.2,29852.0,8.3,Numeric,0.0,False
1039,2026-05-15T08:00:00,2026-05-15 08:00:00,2026-05-15,08:00:00,Friday,SN-C01,Zone C,30.2,28.4,33.7,43.7,28430.0,96.5,Numeric,0.0,False
1040,2026-05-15T08:00:00,2026-05-15 08:00:00,2026-05-15,08:00:00,Friday,SN-C02,Zone C,,,,,,9.1,Numeric,0.0,False
1041,2026-05-15T08:00:00,2026-05-15 08:00:00,2026-05-15,08:00:00,Friday,SN-C03,Zone C,25.0,30.6,33.7,43.7,28430.0,99.1,Numeric,0.0,False
1042,2026-05-15T08:00:00,2026-05-15 08:00:00,2026-05-15,08:00:00,Friday,SN-D01,Zone D,78.7,27.22222222222222,31.77777777777778,50.3,25578.0,10.1,Numeric,,False
1043,2026-05-15T08:00:00,2026-05-15 08:00:00,2026-05-15,08:00:00,Friday,SN-D02,Zone D,79.6,27.444444444444446,31.77777777777778,50.3,25578.0,,Numeric,0.0,False
1044,2026-05-15T08:00:00,2026-05-15 08:00:00,2026-05-15,08:00:00,Friday,SN-D03,Zone D,77.0,27.0,31.8,50.3,25578.0,95.9,Numeric,0.0,False
1045,2026-05-15T12:00:00,2026-05-15 12:00:00,2026-05-15,12:00:00,Friday,SN-A01,Zone A,72.9,38.0,40.7,23.7,,7.8,Numeric,0.0,False
1046,2026-05-15T12:00:00,2026-05-15 12:00:00,2026-05-15,12:00:00,Friday,SN-A02,Zone A,75.1,34.9,40.7,23.7,98641.0,94.0,Numeric,0.0,False
1047,2026-05-15T12:00:00,2026-05-15 12:00:00,2026-05-15,12:00:00,Friday,SN-A03,Zone A,71.1,38.8,40.7,23.7,98641.0,96.0,Numeric,0.0,False
1048,2026-05-15T12:00:00,2026-05-15 12:00:00,2026-05-15,12:00:00,Friday,SN-B01,Zone B,,,,,,10.3,Numeric,,False
1049,,,,,,SN-B02,Zone B,68.1,36.6,41.8,20.2,107036.0,8.2,Numeric,0.0,False
1050,2026-05-15T12:00:00,2026-05-15 12:00:00,2026-05-15,12:00:00,Friday,SN-B03,Zone B,67.1,38.2,41.8,20.2,107036.0,7.4,Numeric,0.0,False
1051,2026-05-15T12:00:00,2026-05-15 12:00:00,2026-05-15,12:00:00,Friday,SN-C01,Zone C,29.5,39.9,43.2,29.5,83517.0,95.6,Numeric,0.0,False
1052,2026-05-15T12:00:00,2026-05-15 12:00:00,2026-05-15,12:00:00,Friday,SN-C02,Zone C,24.7,41.0,43.2,29.5,83517.0,7.9,Numeric,0.0,False
1053,2026-05-15T12:00:00,2026-05-15 12:00:00,2026-05-15,12:00:00,Friday,SN-C03,Zone C,23.6,39.1,-40.0,29.5,83517.0,98.0,Numeric,0.0,False
1054,2026-05-15T12:00:00,2026-05-15 12:00:00,2026-05-15,12:00:00,Friday,SN-D01,Zone D,79.4,-40.0,42.0,23.4,87699.0,9.1,Numeric,0.0,False
1055,2026-05-15T12:00:00,2026-05-15 12:00:00,2026-05-15,12:00:00,Friday,SN-D02,Zone D,78.6,,42.0,23.4,87699.0,94.5,Numeric,0.0,
1056,2026-05-15T12:00:00,2026-05-15 12:00:00,2026-05-15,12:00:00,Friday,SN-D03,Zone D,77.1,40.6,42.0,23.4,87699.0,94.7,Numeric,0.0,False
1057,2026-05-15T16:00:00,2026-05-15 16:00:00,2026-05-15,16:00:00,Friday,SN-A01,Zone A,,,,,,,Numeric,,
1058,2026-05-15T16:00:00,2026-05-15 16:00:00,2026-05-15,16:00:00,Friday,SN-A02,Zone A,77.3,36.4,40.8,,68577.0,93.1,Numeric,,True
1059,2026-05-15T16:00:00,2026-05-15 16:00:00,2026-05-15,16:00:00,Friday,SN-A03,Zone A,73.9,36.8,40.8,,68577.0,94.9,Numeric,0.0,True
1060,2026-05-15T16:00:00,2026-05-15 16:00:00,2026-05-15,16:00:00,Friday,SN-B01,Zone B,70.7,37.0,41.7,,61106.0,9.3,Numeric,0.0,True
1061,2026-05-15T16:00:00,2026-05-15 16:00:00,2026-05-15,16:00:00,Friday,SN-B02,Zone B,72.7,38.3,41.7,30.5,61106.0,6.9,Numeric,0.0,
1062,2026-05-15T16:00:00,2026-05-15 16:00:00,2026-05-15,16:00:00,Friday,SN-B03,Zone B,74.1,35.6,41.7,30.5,61106.0,6.3,Numeric,0.0,True
1063,2026-05-15T16:00:00,2026-05-15 16:00:00,2026-05-15,16:00:00,Friday,SN-C01,Zone C,43.7,35.6,,27.5,65041.0,94.5,Numeric,0.0,True
1064,2026-05-15T16:00:00,2026-05-15 16:00:00,2026-05-15,16:00:00,Friday,SN-C02,Zone C,,,,,,6.9,Numeric,0.0,True
1065,2026-05-15T16:00:00,2026-05-15 16:00:00,2026-05-15,16:00:00,Friday,SN-C03,Zone C,34.4,38.0,40.3,27.5,65041.0,96.8,Numeric,0.0,True
1066,2026-05-15T16:00:00,2026-05-15 16:00:00,2026-05-15,16:00:00,Friday,SN-D01,Zone D,80.7,37.5,40.05555555555556,29.4,57750.0,100.0,Numeric,0.0,True
1067,2026-05-15T16:00:00,2026-05-15 16:00:00,2026-05-15,16:00:00,Friday,SN-D02,Zone D,82.4,36.44444444444444,,,57750.0,93.4,Numeric,0.0,True
1068,2026-05-15T16:00:00,2026-05-15 16:00:00,2026-05-15,16:00:00,Friday,SN-D03,Zone D,81.7,35.9,40.1,29.4,57750.0,93.8,Numeric,0.0,True
1069,2026-05-15T20:00:00,2026-05-15 20:00:00,2026-05-15,20:00:00,Friday,SN-A01,Zone A,72.6,27.5,33.2,33.3,354.0,5.8,Numeric,0.0,False
1070,2026-05-15T20:00:00,2026-05-15 20:00:00,2026-05-15,20:00:00,Friday,SN-A02,Zone A,73.8,28.7,33.2,33.3,354.0,91.9,Numeric,0.0,False
1071,2026-05-15T20:00:00,2026-05-15 20:00:00,2026-05-15,20:00:00,Friday,SN-A03,Zone A,74.7,30.2,33.2,33.3,354.0,94.0,Numeric,0.0,False
1072,2026-05-15T20:00:00,2026-05-15 20:00:00,2026-05-15,20:00:00,Friday,SN-B01,Zone B,68.5,29.8,34.2,40.1,700.0,8.1,Numeric,0.0,False
1073,2026-05-15T20:00:00,2026-05-15 20:00:00,2026-05-15,20:00:00,Friday,SN-B02,Zone B,,,,,,6.0,Numeric,0.0,False
1074,2026-05-15T20:00:00,2026-05-15 20:00:00,2026-05-15,20:00:00,Friday,SN-B03,Zone B,,,,,,5.2,Numeric,0.0,False
1075,2026-05-15T20:00:00,2026-05-15 20:00:00,2026-05-15,20:00:00,Friday,SN-C01,Zone C,41.2,27.0,32.3,44.0,0.0,93.6,Numeric,0.0,False
1076,2026-05-15T20:00:00,2026-05-15 20:00:00,2026-05-15,20:00:00,Friday,SN-C02,Zone C,37.7,26.9,32.3,44.0,0.0,5.9,Numeric,0.0,False
1077,2026-05-15T20:00:00,2026-05-15 20:00:00,2026-05-15,20:00:00,Friday,SN-C03,Zone C,,31.0,32.3,44.0,0.0,95.6,Numeric,0.0,False
1078,2026-05-15T20:00:00,2026-05-15 20:00:00,2026-05-15,20:00:00,Friday,SN-D01,Zone D,80.2,31.77777777777778,35.55555555555556,42.2,,98.8,Numeric,0.0,False
1079,2026-05-15T20:00:00,2026-05-15 20:00:00,2026-05-15,20:00:00,Friday,SN-D02,Zone D,81.0,30.833333333333332,35.55555555555556,42.2,815.0,92.2,Numeric,0.0,False
1080,2026-05-15T20:00:00,2026-05-15 20:00:00,2026-05-15,20:00:00,Friday,SN-D03,Zone D,80.5,32.1,35.6,42.2,815.0,92.5,Numeric,0.0,False
1081,2026-05-16T00:00:00,2026-05-16 00:00:00,2026-05-16,00:00:00,Saturday,SN-A01,Zone A,75.5,25.4,28.1,55.8,0.0,4.7,Numeric,0.0,False
1082,2026-05-16T00:00:00,2026-05-16 00:00:00,2026-05-16,00:00:00,Saturday,SN-A02,Zone A,71.0,24.0,28.1,55.8,0.0,,Non-Numeric,0.0,False
1083,2026-05-16T00:00:00,2026-05-16 00:00:00,2026-05-16,00:00:00,Saturday,SN-A03,Zone A,70.4,23.7,28.1,55.8,0.0,93.0,Numeric,0.0,False
1084,2026-05-16T00:00:00,2026-05-16 00:00:00,2026-05-16,00:00:00,Saturday,SN-B01,Zone B,65.4,22.8,25.7,54.2,350.0,7.2,Numeric,0.0,False
1085,2026-05-16T00:00:00,2026-05-16 00:00:00,2026-05-16,00:00:00,Saturday,SN-B02,Zone B,,,,,,4.8,Numeric,0.0,False
1086,2026-05-16T00:00:00,2026-05-16 00:00:00,2026-05-16,00:00:00,Saturday,SN-B03,Zone B,67.3,20.3,25.7,54.2,350.0,4.4,Numeric,0.0,False
1087,2026-05-16T00:00:00,2026-05-16 00:00:00,2026-05-16,00:00:00,Saturday,SN-C01,Zone C,38.9,22.3,26.0,61.3,117.0,92.3,Numeric,0.0,False
1088,2026-05-16T00:00:00,2026-05-16 00:00:00,2026-05-16,00:00:00,Saturday,SN-C02,Zone C,34.8,24.4,26.0,61.3,117.0,100.0,Numeric,,False
1089,2026-05-16T00:00:00,2026-05-16 00:00:00,2026-05-16,00:00:00,Saturday,SN-C03,Zone C,30.6,22.0,26.0,61.3,117.0,94.5,Numeric,0.0,False
1090,2026-05-16T00:00:00,2026-05-16 00:00:00,2026-05-16,00:00:00,Saturday,SN-D01,Zone D,75.8,26.166666666666664,29.88888888888889,54.9,212.0,97.7,Numeric,0.0,False
1091,2026-05-16T00:00:00,2026-05-16 00:00:00,2026-05-16,00:00:00,Saturday,SN-D02,Zone D,79.9,24.555555555555557,29.88888888888889,54.9,212.0,91.0,Numeric,0.0,False
1092,2026-05-16T00:00:00,2026-05-16 00:00:00,2026-05-16,00:00:00,Saturday,SN-D03,Zone D,74.6,26.6,29.9,54.9,212.0,91.7,Numeric,0.0,False
1093,2026-05-16T04:00:00,2026-05-16 04:00:00,2026-05-16,04:00:00,Saturday,SN-A01,Zone A,76.8,23.7,27.3,52.8,112.0,3.9,Numeric,0.0,True
1094,2026-05-16T04:00:00,2026-05-16 04:00:00,2026-05-16,04:00:00,Saturday,SN-A02,Zone A,76.5,24.1,27.3,52.8,112.0,89.8,Numeric,0.0,True
1095,2026-05-16T04:00:00,2026-05-16 04:00:00,2026-05-16,04:00:00,Saturday,SN-A03,Zone A,77.5,23.5,27.3,52.8,112.0,92.1,Numeric,0.0,True
1096,2026-05-16T04:00:00,2026-05-16 04:00:00,2026-05-16,04:00:00,Saturday,SN-B01,Zone B,,,,,,6.3,Numeric,0.0,True
1097,2026-05-16T04:00:00,2026-05-16 04:00:00,2026-05-16,04:00:00,Saturday,SN-B02,Zone B,70.7,20.2,23.5,62.0,0.0,3.5,Numeric,0.0,True
1098,2026-05-16T04:00:00,2026-05-16 04:00:00,2026-05-16,04:00:00,Saturday,SN-B03,Zone B,,,,,,3.3,Numeric,,True
1099,2026-05-16T04:00:00,2026-05-16 04:00:00,2026-05-16,04:00:00,Saturday,SN-C01,Zone C,44.9,19.3,23.9,60.8,0.0,91.5,Numeric,0.0,True
1100,2026-05-16T04:00:00,2026-05-16 04:00:00,2026-05-16,04:00:00,Saturday,SN-C02,Zone C,40.5,20.5,23.9,60.8,0.0,99.1,Numeric,,True
1101,2026-05-16T04:00:00,2026-05-16 04:00:00,2026-05-16,04:00:00,Saturday,SN-C03,Zone C,40.4,20.3,23.9,60.8,0.0,93.2,Numeric,,True
1102,2026-05-16T04:00:00,2026-05-16 04:00:00,2026-05-16,04:00:00,Saturday,SN-D01,Zone D,82.0,22.5,27.16666666666667,58.7,0.0,96.5,Numeric,0.0,True
1103,2026-05-16T04:00:00,2026-05-16 04:00:00,2026-05-16,04:00:00,Saturday,SN-D02,Zone D,82.3,25.222222222222225,27.16666666666667,58.7,0.0,90.1,Numeric,0.0,True
1104,2026-05-16T04:00:00,2026-05-16 04:00:00,2026-05-16,04:00:00,Saturday,SN-D03,Zone D,82.9,22.8,27.2,58.7,0.0,90.5,Numeric,0.0,True
1105,2026-05-16T08:00:00,2026-05-16 08:00:00,2026-05-16,08:00:00,Saturday,SN-A01,Zone A,,,,,,2.7,Numeric,0.0,False
1106,2026-05-16T08:00:00,2026-05-16 08:00:00,2026-05-16,08:00:00,Saturday,SN-A02,Zone A,75.2,29.1,32.9,46.2,31799.0,88.9,Numeric,0.0,False
1107,2026-05-16T08:00:00,2026-05-16 08:00:00,2026-05-16,08:00:00,Saturday,SN-A03,Zone A,74.1,28.7,32.9,46.2,31799.0,90.9,Numeric,0.0,False
1108,2026-05-16T08:00:00,2026-05-16 08:00:00,2026-05-16,08:00:00,Saturday,SN-B01,Zone B,68.2,29.5,33.2,,24802.0,5.3,Numeric,0.0,
1109,2026-05-16T08:00:00,2026-05-16 08:00:00,2026-05-16,08:00:00,Saturday,SN-B02,Zone B,,29.9,-40.0,48.7,24802.0,2.6,Numeric,0.0,False
1110,2026-05-16T08:00:00,2026-05-16 08:00:00,2026-05-16,08:00:00,Saturday,SN-B03,Zone B,69.4,30.1,33.2,48.7,24802.0,2.4,Numeric,,False
1111,2026-05-16T08:00:00,2026-05-16 08:00:00,2026-05-16,08:00:00,Saturday,SN-C01,Zone C,44.3,30.4,32.7,46.9,25752.0,90.4,Numeric,0.0,
1112,2026-05-16T08:00:00,2026-05-16 08:00:00,2026-05-16,08:00:00,Saturday,SN-C02,Zone C,39.5,30.7,32.7,46.9,25752.0,98.0,Numeric,0.0,False
1113,2026-05-16T08:00:00,2026-05-16 08:00:00,2026-05-16,08:00:00,Saturday,SN-C03,Zone C,35.8,28.7,32.7,46.9,25752.0,92.4,Numeric,0.0,False
1114,2026-05-16T08:00:00,2026-05-16 08:00:00,2026-05-16,08:00:00,Saturday,SN-D01,Zone D,79.7,30.5,34.833333333333336,50.7,28433.0,95.6,Numeric,0.0,False
1115,2026-05-16T08:00:00,2026-05-16 08:00:00,2026-05-16,08:00:00,Saturday,SN-D02,Zone D,79.7,32.05555555555556,34.833333333333336,50.7,28433.0,,Non-Numeric,0.0,False
1116,2026-05-16T08:00:00,2026-05-16 08:00:00,2026-05-16,08:00:00,Saturday,SN-D03,Zone D,77.9,30.8,34.9,50.7,28433.0,89.5,Numeric,0.0,False
1117,2026-05-16T12:00:00,2026-05-16 12:00:00,2026-05-16,12:00:00,Saturday,SN-A01,Zone A,72.8,37.9,150.0,32.1,92169.0,1.6,Numeric,0.0,False
1118,2026-05-16T12:00:00,2026-05-16 12:00:00,2026-05-16,12:00:00,Saturday,SN-A02,Zone A,73.5,35.3,40.6,32.1,92169.0,87.9,Numeric,0.0,False
1119,2026-05-16T12:00:00,2026-05-16 12:00:00,2026-05-16,12:00:00,Saturday,SN-A03,Zone A,73.3,36.2,40.6,32.1,92169.0,90.0,Numeric,0.0,False
1120,2026-05-16T12:00:00,2026-05-16 12:00:00,2026-05-16,12:00:00,Saturday,SN-B01,Zone B,65.5,37.2,40.8,21.2,90724.0,,Numeric,0.0,False
1121,2026-05-16T12:00:00,2026-05-16 12:00:00,2026-05-16,12:00:00,Saturday,SN-B02,Zone B,67.8,38.6,40.8,21.2,90724.0,1.4,Numeric,0.0,False
1122,,,,,,SN-B03,Zone B,64.0,37.1,40.8,21.2,90724.0,1.1,Numeric,0.0,False
1123,2026-05-16T12:00:00,2026-05-16 12:00:00,2026-05-16,12:00:00,Saturday,SN-C01,Zone C,39.1,41.6,44.1,22.5,105245.0,89.4,Numeric,0.0,False
1124,2026-05-16T12:00:00,2026-05-16 12:00:00,2026-05-16,12:00:00,Saturday,SN-C02,Zone C,37.1,38.5,44.1,22.5,105245.0,97.0,Numeric,0.0,False
1125,2026-05-16T12:00:00,2026-05-16 12:00:00,2026-05-16,12:00:00,Saturday,SN-C03,Zone C,35.1,42.3,44.1,22.5,105245.0,91.2,Numeric,0.0,False
1126,2026-05-16T12:00:00,2026-05-16 12:00:00,2026-05-16,12:00:00,Saturday,SN-D01,Zone D,79.3,39.833333333333336,42.0,25.2,,94.3,Numeric,0.0,False
1127,2026-05-16T12:00:00,2026-05-16 12:00:00,2026-05-16,12:00:00,Saturday,SN-D02,Zone D,78.0,36.611111111111114,42.0,25.2,88566.0,88.2,Numeric,0.0,False
1128,2026-05-16T12:00:00,2026-05-16 12:00:00,2026-05-16,12:00:00,Saturday,SN-D03,Zone D,78.5,38.5,42.0,25.2,88566.0,88.4,Numeric,0.0,False
1129,2026-05-16T16:00:00,2026-05-16 16:00:00,2026-05-16,16:00:00,Saturday,SN-A01,Zone A,,,,,,0.7,Numeric,0.0,True
1130,2026-05-16T16:00:00,2026-05-16 16:00:00,2026-05-16,16:00:00,Saturday,SN-A02,Zone A,74.4,,39.8,24.4,60029.0,86.9,Numeric,0.0,True
1131,2026-05-16T16:00:00,2026-05-16 16:00:00,2026-05-16,16:00:00,Saturday,SN-A03,Zone A,78.4,37.0,39.8,24.4,60029.0,89.0,Numeric,0.0,
1132,2026-05-16T16:00:00,2026-05-16 16:00:00,2026-05-16,16:00:00,Saturday,SN-B01,Zone B,70.2,150.0,41.7,25.8,65377.0,3.2,Numeric,0.0,True
1133,2026-05-16T16:00:00,2026-05-16 16:00:00,2026-05-16,16:00:00,Saturday,SN-B02,Zone B,73.3,37.2,41.7,25.8,65377.0,0.3,Numeric,0.0,True
1134,2026-05-16T16:00:00,2026-05-16 16:00:00,2026-05-16,16:00:00,Saturday,SN-B03,Zone B,,,,,,0.2,Numeric,0.0,True
1135,2026-05-16T16:00:00,2026-05-16 16:00:00,2026-05-16,16:00:00,Saturday,SN-C01,Zone C,49.2,40.1,44.2,29.7,68094.0,88.3,Numeric,0.0,True
1136,2026-05-16T16:00:00,2026-05-16 16:00:00,2026-05-16,16:00:00,Saturday,SN-C02,Zone C,43.3,42.2,,29.7,68094.0,96.0,Numeric,0.0,True
1137,2026-05-16T16:00:00,2026-05-16 16:00:00,2026-05-16,16:00:00,Saturday,SN-C03,Zone C,44.5,39.1,44.2,29.7,68094.0,90.2,Numeric,0.0,True
1138,2026-05-16T16:00:00,2026-05-16 16:00:00,2026-05-16,16:00:00,Saturday,SN-D01,Zone D,82.3,37.666666666666664,42.55555555555556,30.8,60028.0,93.4,Numeric,,True
1139,2026-05-16T16:00:00,2026-05-16 16:00:00,2026-05-16,16:00:00,Saturday,SN-D02,Zone D,80.6,37.388888888888886,42.55555555555556,30.8,60028.0,87.2,Numeric,0.0,True
1140,2026-05-16T16:00:00,2026-05-16 16:00:00,2026-05-16,16:00:00,Saturday,SN-D03,Zone D,81.4,40.0,42.6,30.8,60028.0,87.5,Numeric,0.0,True
1141,2026-05-16T20:00:00,2026-05-16 20:00:00,2026-05-16,20:00:00,Saturday,SN-A01,Zone A,,,,,,0.0,Numeric,0.0,False
1142,2026-05-16T20:00:00,2026-05-16 20:00:00,2026-05-16,20:00:00,Saturday,SN-A02,Zone A,73.5,29.5,35.2,36.7,35.0,85.9,Numeric,,
1143,2026-05-16T20:00:00,2026-05-16 20:00:00,2026-05-16,20:00:00,Saturday,SN-A03,Zone A,76.2,32.0,35.2,36.7,35.0,88.0,Numeric,0.0,False
1144,2026-05-16T20:00:00,2026-05-16 20:00:00,2026-05-16,20:00:00,Saturday,SN-B01,Zone B,67.8,,35.1,41.7,404.0,2.3,Numeric,0.0,False
1145,2026-05-16T20:00:00,2026-05-16 20:00:00,2026-05-16,20:00:00,Saturday,SN-B02,Zone B,,,,,,0.0,Numeric,0.0,False
1146,2026-05-16T20:00:00,2026-05-16 20:00:00,2026-05-16,20:00:00,Saturday,SN-B03,Zone B,67.1,33.1,35.1,41.7,404.0,0.0,Numeric,0.0,False
1147,2026-05-16T20:00:00,2026-05-16 20:00:00,2026-05-16,20:00:00,Saturday,SN-C01,Zone C,46.7,31.3,35.3,37.5,410.0,87.3,Numeric,0.0,False
1148,2026-05-16T20:00:00,2026-05-16 20:00:00,2026-05-16,20:00:00,Saturday,SN-C02,Zone C,41.3,31.2,35.3,37.5,410.0,94.8,Numeric,0.0,False
1149,2026-05-16T20:00:00,2026-05-16 20:00:00,2026-05-16,20:00:00,Saturday,SN-C03,Zone C,43.8,32.1,35.3,37.5,410.0,89.0,Numeric,0.0,False
1150,2026-05-16T20:00:00,2026-05-16 20:00:00,2026-05-16,20:00:00,Saturday,SN-D01,Zone D,79.9,28.277777777777782,33.333333333333336,38.3,813.0,92.2,Numeric,0.0,False
1151,2026-05-16T20:00:00,2026-05-16 20:00:00,2026-05-16,20:00:00,Saturday,SN-D02,Zone D,77.9,29.444444444444443,33.333333333333336,38.3,813.0,86.3,Numeric,0.0,False
1152,2026-05-16T20:00:00,2026-05-16 20:00:00,2026-05-16,20:00:00,Saturday,SN-D03,Zone D,78.4,28.6,33.3,38.3,813.0,86.5,Numeric,0.0,False
1153,2026-05-17T00:00:00,2026-05-17 00:00:00,2026-05-17,00:00:00,Sunday,SN-A01,Zone A,,23.6,28.1,62.2,1.0,,Numeric,0.0,False
1154,2026-05-17T00:00:00,2026-05-17 00:00:00,2026-05-17,00:00:00,Sunday,SN-A02,Zone A,72.6,22.2,28.1,62.2,1.0,85.1,Numeric,0.0,False
1155,2026-05-17T00:00:00,2026-05-17 00:00:00,2026-05-17,00:00:00,Sunday,SN-A03,Zone A,74.8,23.4,28.1,62.2,,87.2,Numeric,0.0,False
1156,2026-05-17T00:00:00,2026-05-17 00:00:00,2026-05-17,00:00:00,Sunday,SN-B01,Zone B,,,,,,1.1,Numeric,0.0,False
1157,2026-05-17T00:00:00,2026-05-17 00:00:00,2026-05-17,00:00:00,Sunday,SN-B02,Zone B,65.8,,27.9,62.6,349.0,0.0,Numeric,0.0,False
1158,2026-05-17T00:00:00,2026-05-17 00:00:00,2026-05-17,00:00:00,Sunday,SN-B03,Zone B,67.2,24.0,27.9,62.6,349.0,,Non-Numeric,0.0,False
1159,2026-05-17T00:00:00,2026-05-17 00:00:00,2026-05-17,00:00:00,Sunday,SN-C01,Zone C,41.8,23.7,,59.5,231.0,86.0,Numeric,0.0,False
1160,2026-05-17T00:00:00,2026-05-17 00:00:00,2026-05-17,00:00:00,Sunday,SN-C02,Zone C,40.1,,26.6,59.5,231.0,93.7,Numeric,0.0,False
1161,2026-05-17T00:00:00,2026-05-17 00:00:00,2026-05-17,00:00:00,Sunday,SN-C03,Zone C,39.4,23.5,26.6,59.5,,87.8,Numeric,0.0,False
1162,2026-05-17T00:00:00,2026-05-17 00:00:00,2026-05-17,00:00:00,Sunday,SN-D01,Zone D,75.5,27.333333333333332,29.72222222222222,58.5,626.0,91.1,Numeric,0.0,
1163,2026-05-17T00:00:00,2026-05-17 00:00:00,2026-05-17,00:00:00,Sunday,SN-D02,Zone D,75.8,26.555555555555557,29.72222222222222,58.5,,85.3,Numeric,0.0,False
1164,2026-05-17T00:00:00,2026-05-17 00:00:00,2026-05-17,00:00:00,Sunday,SN-D03,Zone D,79.4,27.1,29.7,58.5,626.0,85.5,Numeric,0.0,False
1165,2026-05-17T04:00:00,2026-05-17 04:00:00,2026-05-17,04:00:00,Sunday,SN-A01,Zone A,,,,,,0.0,Numeric,0.0,True
1166,2026-05-17T04:00:00,2026-05-17 04:00:00,2026-05-17,04:00:00,Sunday,SN-A02,Zone A,,,,,,,Numeric,,
1167,2026-05-17T04:00:00,2026-05-17 04:00:00,2026-05-17,04:00:00,Sunday,SN-A03,Zone A,75.2,25.5,29.1,66.5,0.0,86.0,Numeric,0.0,True
1168,2026-05-17T04:00:00,2026-05-17 04:00:00,2026-05-17,04:00:00,Sunday,SN-B01,Zone B,70.6,22.8,26.3,60.0,0.0,0.1,Numeric,0.0,True
1169,2026-05-17T04:00:00,2026-05-17 04:00:00,2026-05-17,04:00:00,Sunday,SN-B02,Zone B,,,,,,-0.0,Numeric,0.0,
1170,2026-05-17T04:00:00,2026-05-17 04:00:00,2026-05-17,04:00:00,Sunday,SN-B03,Zone B,72.6,21.1,26.3,60.0,0.0,98.9,Numeric,0.0,True
1171,2026-05-17T04:00:00,2026-05-17 04:00:00,2026-05-17,04:00:00,Sunday,SN-C01,Zone C,47.2,24.0,28.1,65.4,220.0,84.9,Numeric,0.0,True
1172,2026-05-17T04:00:00,2026-05-17 04:00:00,2026-05-17,04:00:00,Sunday,SN-C02,Zone C,45.4,24.8,28.1,65.4,220.0,92.5,Numeric,0.0,True
1173,2026-05-17T04:00:00,2026-05-17 04:00:00,2026-05-17,04:00:00,Sunday,SN-C03,Zone C,42.3,22.7,28.1,65.4,220.0,86.9,Numeric,0.0,True
1174,2026-05-17T04:00:00,2026-05-17 04:00:00,2026-05-17,04:00:00,Sunday,SN-D01,Zone D,,24.72222222222222,28.111111111111107,58.1,503.0,90.1,Numeric,,True
1175,2026-05-17T04:00:00,2026-05-17 04:00:00,2026-05-17,04:00:00,Sunday,SN-D02,Zone D,80.3,25.222222222222225,28.111111111111107,58.1,503.0,84.3,Numeric,0.0,True
1176,2026-05-17T04:00:00,2026-05-17 04:00:00,2026-05-17,04:00:00,Sunday,SN-D03,Zone D,83.6,23.9,28.1,58.1,503.0,84.3,Numeric,0.0,True
1177,2026-05-17T08:00:00,2026-05-17 08:00:00,2026-05-17,08:00:00,Sunday,SN-A01,Zone A,75.2,29.4,33.2,37.3,26715.0,0.0,Numeric,,False
1178,2026-05-17T08:00:00,2026-05-17 08:00:00,2026-05-17,08:00:00,Sunday,SN-A02,Zone A,75.4,27.5,33.2,37.3,26715.0,82.9,Numeric,0.0,False
1179,2026-05-17T08:00:00,2026-05-17 08:00:00,2026-05-17,08:00:00,Sunday,SN-A03,Zone A,74.6,27.6,33.2,37.3,26715.0,85.1,Numeric,0.0,False
1180,2026-05-17T08:00:00,2026-05-17 08:00:00,2026-05-17,08:00:00,Sunday,SN-B01,Zone B,67.6,27.5,30.9,44.7,28484.0,0.0,Numeric,0.0,False
1181,2026-05-17T08:00:00,2026-05-17 08:00:00,2026-05-17,08:00:00,Sunday,SN-B02,Zone B,69.0,25.1,30.9,44.7,28484.0,0.0,Numeric,0.0,False
1182,2026-05-17T08:00:00,2026-05-17 08:00:00,2026-05-17,08:00:00,Sunday,SN-B03,Zone B,64.8,27.9,30.9,,28484.0,97.7,Numeric,0.0,False
1183,2026-05-17T08:00:00,2026-05-17 08:00:00,2026-05-17,08:00:00,Sunday,SN-C01,Zone C,44.0,29.4,32.3,45.0,25000.0,,Numeric,0.0,False
1184,2026-05-17T08:00:00,2026-05-17 08:00:00,2026-05-17,08:00:00,Sunday,SN-C02,Zone C,43.7,28.9,,45.0,25000.0,91.3,Numeric,0.0,False
1185,,,,,,SN-C03,Zone C,39.6,28.6,32.3,45.0,25000.0,85.9,Numeric,0.0,False
1186,2026-05-17T08:00:00,2026-05-17 08:00:00,2026-05-17,08:00:00,Sunday,SN-D01,Zone D,80.3,28.333333333333332,31.666666666666668,40.2,24993.0,89.0,Numeric,0.0,False
1187,2026-05-17T08:00:00,2026-05-17 08:00:00,2026-05-17,08:00:00,Sunday,SN-D02,Zone D,78.9,25.27777777777778,31.666666666666668,40.2,24993.0,83.4,Numeric,,False
1188,2026-05-17T08:00:00,2026-05-17 08:00:00,2026-05-17,08:00:00,Sunday,SN-D03,Zone D,79.7,28.1,31.7,40.2,24993.0,83.3,Numeric,0.0,False
1189,2026-05-17T12:00:00,2026-05-17 12:00:00,2026-05-17,12:00:00,Sunday,SN-A01,Zone A,73.9,37.5,41.3,27.5,101209.0,0.0,Numeric,0.0,False
1190,2026-05-17T12:00:00,2026-05-17 12:00:00,2026-05-17,12:00:00,Sunday,SN-A02,Zone A,73.0,38.0,41.3,27.5,101209.0,81.7,Numeric,0.0,False
1191,2026-05-17T12:00:00,2026-05-17 12:00:00,2026-05-17,12:00:00,Sunday,SN-A03,Zone A,71.0,38.8,41.3,27.5,101209.0,84.1,Numeric,0.0,False
1192,2026-05-17T12:00:00,2026-05-17 12:00:00,2026-05-17,12:00:00,Sunday,SN-B01,Zone B,65.4,37.0,43.0,25.6,88906.0,0.0,Numeric,0.0,False
1193,2026-05-17T12:00:00,2026-05-17 12:00:00,2026-05-17,12:00:00,Sunday,SN-B02,Zone B,66.8,40.7,43.0,25.6,88906.0,0.0,Numeric,0.0,False
1194,2026-05-17T12:00:00,2026-05-17 12:00:00,2026-05-17,12:00:00,Sunday,SN-B03,Zone B,66.1,42.6,43.0,25.6,88906.0,96.7,Numeric,0.0,False
1195,2026-05-17T12:00:00,2026-05-17 12:00:00,2026-05-17,12:00:00,Sunday,SN-C01,Zone C,42.1,36.1,40.3,24.9,84393.0,82.7,Numeric,0.0,False
1196,2026-05-17T12:00:00,2026-05-17 12:00:00,2026-05-17,12:00:00,Sunday,SN-C02,Zone C,40.5,35.2,40.3,24.9,84393.0,90.3,Numeric,0.0,False
1197,2026-05-17T12:00:00,2026-05-17 12:00:00,2026-05-17,12:00:00,Sunday,SN-C03,Zone C,40.5,36.9,40.3,24.9,84393.0,85.0,Numeric,0.0,False
1198,2026-05-17T12:00:00,2026-05-17 12:00:00,2026-05-17,12:00:00,Sunday,SN-D01,Zone D,75.4,37.5,41.55555555555556,22.5,103283.0,88.0,Numeric,,False
1199,2026-05-17T12:00:00,2026-05-17 12:00:00,2026-05-17,12:00:00,Sunday,SN-D02,Zone D,76.0,39.77777777777778,41.55555555555556,22.5,103283.0,82.3,Numeric,0.0,False
1200,2026-05-17T12:00:00,2026-05-17 12:00:00,2026-05-17,12:00:00,Sunday,SN-D03,Zone D,78.2,37.7,41.5,22.5,103283.0,82.0,Numeric,,False
1201,2026-05-17T16:00:00,2026-05-17 16:00:00,2026-05-17,16:00:00,Sunday,SN-A01,Zone A,,,,,,0.0,Numeric,0.0,True
1202,2026-05-17T16:00:00,2026-05-17 16:00:00,2026-05-17,16:00:00,Sunday,SN-A02,Zone A,76.8,41.0,43.7,23.2,60169.0,80.6,Numeric,0.0,True
1203,2026-05-17T16:00:00,2026-05-17 16:00:00,2026-05-17,16:00:00,Sunday,SN-A03,Zone A,76.4,39.2,43.7,23.2,60169.0,83.0,Numeric,0.0,True
1204,2026-05-17T16:00:00,2026-05-17 16:00:00,2026-05-17,16:00:00,Sunday,SN-B01,Zone B,71.6,37.9,40.7,33.7,59356.0,0.0,Numeric,0.0,True
1205,2026-05-17T16:00:00,2026-05-17 16:00:00,2026-05-17,16:00:00,Sunday,SN-B02,Zone B,71.8,37.0,40.7,33.7,59356.0,0.0,Numeric,0.0,True
1206,2026-05-17T16:00:00,2026-05-17 16:00:00,2026-05-17,16:00:00,Sunday,SN-B03,Zone B,71.4,37.1,40.7,33.7,59356.0,95.7,Numeric,0.0,True
1207,2026-05-17T16:00:00,2026-05-17 16:00:00,2026-05-17,16:00:00,Sunday,SN-C01,Zone C,46.1,39.1,42.3,25.0,56692.0,81.5,Numeric,0.0,True
1208,2026-05-17T16:00:00,2026-05-17 16:00:00,2026-05-17,16:00:00,Sunday,SN-C02,Zone C,47.5,38.6,42.3,25.0,56692.0,89.1,Numeric,0.0,True
1209,2026-05-17T16:00:00,2026-05-17 16:00:00,2026-05-17,16:00:00,Sunday,SN-C03,Zone C,45.4,38.0,42.3,25.0,56692.0,84.0,Numeric,0.0,True
1210,2026-05-17T16:00:00,2026-05-17 16:00:00,2026-05-17,16:00:00,Sunday,SN-D01,Zone D,82.2,37.77777777777778,42.611111111111114,29.4,50884.0,87.1,Numeric,0.0,True
1211,,,,,,SN-D02,Zone D,79.9,38.22222222222222,42.611111111111114,29.4,50884.0,81.1,Numeric,0.0,True
1212,2026-05-17T16:00:00,2026-05-17 16:00:00,2026-05-17,16:00:00,Sunday,SN-D03,Zone D,82.0,37.5,42.6,29.4,50884.0,81.0,Numeric,0.0,True
1213,2026-05-17T20:00:00,2026-05-17 20:00:00,2026-05-17,20:00:00,Sunday,SN-A01,Zone A,,,,,,0.0,Numeric,0.0,False
1214,2026-05-17T20:00:00,2026-05-17 20:00:00,2026-05-17,20:00:00,Sunday,SN-A02,Zone A,73.0,30.3,34.6,38.1,505.0,79.7,Numeric,0.0,False
1215,2026-05-17T20:00:00,2026-05-17 20:00:00,2026-05-17,20:00:00,Sunday,SN-A03,Zone A,75.6,29.5,34.6,38.1,505.0,81.8,Numeric,0.0,False
1216,2026-05-17T20:00:00,2026-05-17 20:00:00,2026-05-17,20:00:00,Sunday,SN-B01,Zone B,68.3,30.1,35.9,41.1,758.0,0.0,Numeric,0.0,False
1217,2026-05-17T20:00:00,2026-05-17 20:00:00,2026-05-17,20:00:00,Sunday,SN-B02,Zone B,67.6,31.1,35.9,41.1,758.0,0.0,Numeric,0.0,False
1218,,,,,,SN-B03,Zone B,69.6,32.4,35.9,41.1,758.0,94.7,Numeric,0.0,False
1219,2026-05-17T20:00:00,2026-05-17 20:00:00,2026-05-17,20:00:00,Sunday,SN-C01,Zone C,44.0,33.2,35.5,43.6,460.0,80.3,Numeric,0.0,False
1220,2026-05-17T20:00:00,2026-05-17 20:00:00,2026-05-17,20:00:00,Sunday,SN-C02,Zone C,43.4,32.0,35.5,43.6,460.0,88.3,Numeric,0.0,False
1221,2026-05-17T20:00:00,2026-05-17 20:00:00,2026-05-17,20:00:00,Sunday,SN-C03,Zone C,44.8,34.8,35.5,43.6,460.0,83.0,Numeric,0.0,False
1222,2026-05-17T20:00:00,2026-05-17 20:00:00,2026-05-17,20:00:00,Sunday,SN-D01,Zone D,81.0,30.944444444444443,35.72222222222222,42.3,691.0,85.9,Numeric,0.0,False
1223,2026-05-17T20:00:00,2026-05-17 20:00:00,2026-05-17,20:00:00,Sunday,SN-D02,Zone D,79.4,30.72222222222222,35.72222222222222,42.3,691.0,80.1,Numeric,0.0,False
1224,2026-05-17T20:00:00,2026-05-17 20:00:00,2026-05-17,20:00:00,Sunday,SN-D03,Zone D,,32.1,,42.3,691.0,79.9,Numeric,0.0,False
1225,2026-05-18T00:00:00,2026-05-18 00:00:00,2026-05-18,00:00:00,Monday,SN-A01,Zone A,,,,,,-0.0,Numeric,1.6,False
1226,2026-05-18T00:00:00,2026-05-18 00:00:00,2026-05-18,00:00:00,Monday,SN-A02,Zone A,74.2,24.8,28.8,67.1,235.0,78.8,Numeric,1.6,False
1227,2026-05-18T00:00:00,2026-05-18 00:00:00,2026-05-18,00:00:00,Monday,SN-A03,Zone A,77.9,25.4,28.8,67.1,235.0,81.0,Numeric,1.6,False
1228,2026-05-18T00:00:00,2026-05-18 00:00:00,2026-05-18,00:00:00,Monday,SN-B01,Zone B,73.8,23.6,27.9,62.1,189.0,0.0,Numeric,8.4,False
1229,2026-05-18T00:00:00,2026-05-18 00:00:00,2026-05-18,00:00:00,Monday,SN-B02,Zone B,72.8,23.7,27.9,62.1,189.0,0.0,Numeric,8.4,False
1230,2026-05-18T00:00:00,2026-05-18 00:00:00,2026-05-18,00:00:00,Monday,SN-B03,Zone B,73.6,22.9,27.9,62.1,189.0,93.8,Numeric,8.4,False
1231,2026-05-18T00:00:00,2026-05-18 00:00:00,2026-05-18,00:00:00,Monday,SN-C01,Zone C,47.1,20.6,26.7,,633.0,79.1,Numeric,,False
1232,2026-05-18T00:00:00,2026-05-18 00:00:00,2026-05-18,00:00:00,Monday,SN-C02,Zone C,49.7,21.0,26.7,69.2,633.0,87.1,Numeric,2.9,False
1233,2026-05-18T00:00:00,2026-05-18 00:00:00,2026-05-18,00:00:00,Monday,SN-C03,Zone C,49.7,23.2,26.7,69.2,633.0,82.0,Numeric,2.9,False
1234,2026-05-18T00:00:00,2026-05-18 00:00:00,2026-05-18,00:00:00,Monday,SN-D01,Zone D,83.4,22.944444444444443,27.61111111111111,69.7,0.0,84.8,Numeric,8.2,False
1235,,,,,,SN-D02,Zone D,,25.33333333333333,27.61111111111111,69.7,0.0,79.3,Numeric,,False
1236,2026-05-18T00:00:00,2026-05-18 00:00:00,2026-05-18,00:00:00,Monday,SN-D03,Zone D,,23.5,27.6,69.7,0.0,78.9,Numeric,8.2,False
1237,2026-05-18T04:00:00,2026-05-18 04:00:00,2026-05-18,04:00:00,Monday,SN-A01,Zone A,84.0,25.1,26.8,73.5,62.0,0.0,Numeric,2.7,True
1238,2026-05-18T04:00:00,2026-05-18 04:00:00,2026-05-18,04:00:00,Monday,SN-A02,Zone A,85.8,22.2,26.8,73.5,62.0,77.8,Numeric,2.7,True
1239,2026-05-18T04:00:00,2026-05-18 04:00:00,2026-05-18,04:00:00,Monday,SN-A03,Zone A,86.6,23.9,26.8,73.5,62.0,79.7,Numeric,2.7,True
1240,2026-05-18T04:00:00,2026-05-18 04:00:00,2026-05-18,04:00:00,Monday,SN-B01,Zone B,,,,,,0.0,Numeric,,True
1241,2026-05-18T04:00:00,2026-05-18 04:00:00,2026-05-18,04:00:00,Monday,SN-B02,Zone B,82.2,24.4,27.8,73.3,343.0,0.0,Numeric,7.3,True
1242,2026-05-18T04:00:00,2026-05-18 04:00:00,2026-05-18,04:00:00,Monday,SN-B03,Zone B,80.4,25.7,27.8,73.3,343.0,93.0,Numeric,7.3,True
1243,2026-05-18T04:00:00,2026-05-18 04:00:00,2026-05-18,04:00:00,Monday,SN-C01,Zone C,53.9,23.3,28.5,65.9,394.0,78.2,Numeric,2.3,True
1244,2026-05-18T04:00:00,2026-05-18 04:00:00,2026-05-18,04:00:00,Monday,SN-C02,Zone C,55.6,23.3,28.5,65.9,394.0,86.0,Numeric,2.3,True
1245,2026-05-18T04:00:00,2026-05-18 04:00:00,2026-05-18,04:00:00,Monday,SN-C03,Zone C,51.0,22.6,28.5,65.9,394.0,,Numeric,2.3,True
1246,,,,,,SN-D01,Zone D,88.2,21.77777777777778,26.166666666666664,70.2,0.0,84.0,Numeric,,True
1247,2026-05-18T04:00:00,2026-05-18 04:00:00,2026-05-18,04:00:00,Monday,SN-D02,Zone D,90.4,23.166666666666668,26.166666666666664,70.2,0.0,78.3,Numeric,4.5,True
1248,2026-05-18T04:00:00,2026-05-18 04:00:00,2026-05-18,04:00:00,Monday,SN-D03,Zone D,,,,,,,Numeric,,
1249,2026-05-18T08:00:00,2026-05-18 08:00:00,2026-05-18,08:00:00,Monday,SN-A01,Zone A,,,,,,0.0,Numeric,8.0,False
1250,2026-05-18T08:00:00,2026-05-18 08:00:00,2026-05-18,08:00:00,Monday,SN-A02,Zone A,91.1,30.4,32.8,56.2,29558.0,76.5,Numeric,8.0,False
1251,2026-05-18T08:00:00,2026-05-18 08:00:00,2026-05-18,08:00:00,Monday,SN-A03,Zone A,86.4,28.4,32.8,56.2,29558.0,78.8,Numeric,8.0,False
1252,2026-05-18T08:00:00,2026-05-18 08:00:00,2026-05-18,08:00:00,Monday,SN-B01,Zone B,85.4,29.1,34.9,49.4,26332.0,0.0,Numeric,3.4,False
1253,2026-05-18T08:00:00,2026-05-18 08:00:00,2026-05-18,08:00:00,Monday,SN-B02,Zone B,85.3,29.3,34.9,49.4,26332.0,0.0,Numeric,3.4,False
1254,2026-05-18T08:00:00,2026-05-18 08:00:00,2026-05-18,08:00:00,Monday,SN-B03,Zone B,83.5,28.1,34.9,49.4,26332.0,91.8,Numeric,3.4,False
1255,2026-05-18T08:00:00,2026-05-18 08:00:00,2026-05-18,08:00:00,Monday,SN-C01,Zone C,56.2,30.5,33.0,53.1,26430.0,77.2,Numeric,7.6,False
1256,2026-05-18T08:00:00,2026-05-18 08:00:00,2026-05-18,08:00:00,Monday,SN-C02,Zone C,59.1,29.2,33.0,53.1,26430.0,84.8,Numeric,7.6,False
1257,2026-05-18T08:00:00,2026-05-18 08:00:00,2026-05-18,08:00:00,Monday,SN-C03,Zone C,52.8,27.6,33.0,53.1,26430.0,80.1,Numeric,7.6,False
1258,2026-05-18T08:00:00,2026-05-18 08:00:00,2026-05-18,08:00:00,Monday,SN-D01,Zone D,91.0,30.333333333333332,33.888888888888886,58.3,26900.0,83.0,Numeric,1.5,False
1259,2026-05-18T08:00:00,2026-05-18 08:00:00,2026-05-18,08:00:00,Monday,SN-D02,Zone D,92.4,30.166666666666668,33.888888888888886,58.3,26900.0,77.4,Numeric,1.5,False
1260,2026-05-18T08:00:00,2026-05-18 08:00:00,2026-05-18,08:00:00,Monday,SN-D03,Zone D,93.7,31.7,33.9,58.3,26900.0,76.4,Numeric,1.5,False
1261,2026-05-18T12:00:00,2026-05-18 12:00:00,2026-05-18,12:00:00,Monday,SN-A01,Zone A,89.5,36.9,41.3,35.6,84454.0,0.0,Numeric,7.4,False
1262,2026-05-18T12:00:00,2026-05-18 12:00:00,2026-05-18,12:00:00,Monday,SN-A02,Zone A,92.3,35.4,41.3,35.6,84454.0,75.3,Numeric,7.4,False
1263,2026-05-18T12:00:00,2026-05-18 12:00:00,2026-05-18,12:00:00,Monday,SN-A03,Zone A,91.8,38.2,41.3,35.6,84454.0,77.7,Numeric,7.4,False
1264,2026-05-18T12:00:00,2026-05-18 12:00:00,2026-05-18,12:00:00,Monday,SN-B01,Zone B,88.3,36.1,40.3,39.6,98921.0,0.0,Numeric,,False
1265,2026-05-18T12:00:00,2026-05-18 12:00:00,2026-05-18,12:00:00,Monday,SN-B02,Zone B,88.7,34.3,40.3,39.6,98921.0,0.0,Numeric,8.9,False
1266,2026-05-18T12:00:00,2026-05-18 12:00:00,2026-05-18,12:00:00,Monday,SN-B03,Zone B,,37.0,40.3,39.6,98921.0,90.6,Numeric,8.9,False
1267,2026-05-18T12:00:00,2026-05-18 12:00:00,2026-05-18,12:00:00,Monday,SN-C01,Zone C,60.6,38.8,41.6,42.3,89103.0,76.2,Numeric,6.3,False
1268,2026-05-18T12:00:00,2026-05-18 12:00:00,2026-05-18,12:00:00,Monday,SN-C02,Zone C,,37.2,41.6,42.3,89103.0,83.7,Numeric,6.3,False
1269,2026-05-18T12:00:00,2026-05-18 12:00:00,2026-05-18,12:00:00,Monday,SN-C03,Zone C,57.1,36.8,41.6,42.3,89103.0,79.2,Numeric,,False
1270,2026-05-18T12:00:00,2026-05-18 12:00:00,2026-05-18,12:00:00,Monday,SN-D01,Zone D,93.8,38.22222222222222,42.166666666666664,,91831.0,81.8,Numeric,6.3,False
1271,2026-05-18T12:00:00,2026-05-18 12:00:00,2026-05-18,12:00:00,Monday,SN-D02,Zone D,97.8,39.0,42.166666666666664,32.7,91831.0,76.3,Numeric,6.3,False
1272,2026-05-18T12:00:00,2026-05-18 12:00:00,2026-05-18,12:00:00,Monday,SN-D03,Zone D,93.7,37.8,42.2,32.7,,75.1,Numeric,6.3,False
1273,2026-05-18T16:00:00,2026-05-18 16:00:00,2026-05-18,16:00:00,Monday,SN-A01,Zone A,87.8,36.1,41.4,38.3,69161.0,0.0,Numeric,4.6,True
1274,2026-05-18T16:00:00,2026-05-18 16:00:00,2026-05-18,16:00:00,Monday,SN-A02,Zone A,87.5,38.5,41.4,38.3,69161.0,74.3,Numeric,4.6,True
1275,2026-05-18T16:00:00,2026-05-18 16:00:00,2026-05-18,16:00:00,Monday,SN-A03,Zone A,86.9,37.2,41.4,38.3,69161.0,76.4,Numeric,4.6,True
1276,2026-05-18T16:00:00,2026-05-18 16:00:00,2026-05-18,16:00:00,Monday,SN-B01,Zone B,,,,,,0.0,Numeric,2.2,True
1277,2026-05-18T16:00:00,2026-05-18 16:00:00,2026-05-18,16:00:00,Monday,SN-B02,Zone B,83.3,35.2,39.9,35.1,54814.0,0.0,Numeric,2.2,True
1278,2026-05-18T16:00:00,2026-05-18 16:00:00,2026-05-18,16:00:00,Monday,SN-B03,Zone B,83.9,36.8,39.9,35.1,54814.0,89.5,Numeric,2.2,True
1279,2026-05-18T16:00:00,2026-05-18 16:00:00,2026-05-18,16:00:00,Monday,SN-C01,Zone C,57.4,38.1,42.1,37.4,58239.0,75.1,Numeric,6.0,True
1280,2026-05-18T16:00:00,2026-05-18 16:00:00,2026-05-18,16:00:00,Monday,SN-C02,Zone C,58.5,38.8,42.1,37.4,58239.0,82.4,Numeric,6.0,True
1281,2026-05-18T16:00:00,2026-05-18 16:00:00,2026-05-18,16:00:00,Monday,SN-C03,Zone C,56.9,35.7,42.1,37.4,58239.0,78.2,Numeric,6.0,True
1282,2026-05-18T16:00:00,2026-05-18 16:00:00,2026-05-18,16:00:00,Monday,SN-D01,Zone D,,36.72222222222222,42.27777777777778,37.9,55501.0,80.8,Numeric,4.8,True
1283,2026-05-18T16:00:00,2026-05-18 16:00:00,2026-05-18,16:00:00,Monday,SN-D02,Zone D,94.5,40.27777777777778,42.27777777777778,37.9,55501.0,75.1,Numeric,4.8,True
1284,2026-05-18T16:00:00,2026-05-18 16:00:00,2026-05-18,16:00:00,Monday,SN-D03,Zone D,89.6,39.9,42.3,37.9,55501.0,,Non-Numeric,4.8,True
1285,2026-05-18T20:00:00,2026-05-18 20:00:00,2026-05-18,20:00:00,Monday,SN-A01,Zone A,,,,,,0.0,Numeric,6.3,False
1286,2026-05-18T20:00:00,2026-05-18 20:00:00,2026-05-18,20:00:00,Monday,SN-A02,Zone A,91.4,32.5,34.9,54.8,839.0,,Non-Numeric,6.3,False
1287,2026-05-18T20:00:00,2026-05-18 20:00:00,2026-05-18,20:00:00,Monday,SN-A03,Zone A,89.9,28.5,34.9,54.8,839.0,75.6,Numeric,6.3,False
1288,2026-05-18T20:00:00,2026-05-18 20:00:00,2026-05-18,20:00:00,Monday,SN-B01,Zone B,87.9,29.9,34.4,48.1,114.0,100.0,Numeric,5.1,False
1289,2026-05-18T20:00:00,2026-05-18 20:00:00,2026-05-18,20:00:00,Monday,SN-B02,Zone B,,,,,,0.0,Numeric,5.1,False
1290,2026-05-18T20:00:00,2026-05-18 20:00:00,2026-05-18,20:00:00,Monday,SN-B03,Zone B,89.6,30.5,34.4,48.1,114.0,88.2,Numeric,5.1,False
1291,2026-05-18T20:00:00,2026-05-18 20:00:00,2026-05-18,20:00:00,Monday,SN-C01,Zone C,59.7,27.5,33.4,54.2,717.0,74.3,Numeric,8.4,False
1292,2026-05-18T20:00:00,2026-05-18 20:00:00,2026-05-18,20:00:00,Monday,SN-C02,Zone C,65.0,29.2,33.4,54.2,717.0,81.6,Numeric,8.4,False
1293,2026-05-18T20:00:00,2026-05-18 20:00:00,2026-05-18,20:00:00,Monday,SN-C03,Zone C,60.3,29.6,33.4,54.2,717.0,77.2,Numeric,8.4,False
1294,2026-05-18T20:00:00,2026-05-18 20:00:00,2026-05-18,20:00:00,Monday,SN-D01,Zone D,95.0,33.111111111111114,37.0,49.3,175.0,79.9,Numeric,3.2,False
1295,2026-05-18T20:00:00,2026-05-18 20:00:00,2026-05-18,20:00:00,Monday,SN-D02,Zone D,97.5,32.666666666666664,37.0,49.3,175.0,73.8,Numeric,3.2,False
1296,2026-05-18T20:00:00,2026-05-18 20:00:00,2026-05-18,20:00:00,Monday,SN-D03,Zone D,95.5,33.6,37.0,49.3,175.0,73.3,Numeric,3.2,False
1297,2026-05-19T00:00:00,2026-05-19 00:00:00,2026-05-19,00:00:00,Tuesday,SN-A01,Zone A,84.9,22.8,28.1,53.5,,0.0,Numeric,0.0,True
1298,2026-05-19T00:00:00,2026-05-19 00:00:00,2026-05-19,00:00:00,Tuesday,SN-A02,Zone A,85.9,22.8,28.1,53.5,448.0,72.3,Numeric,0.0,True
1299,2026-05-19T00:00:00,2026-05-19 00:00:00,2026-05-19,00:00:00,Tuesday,SN-A03,Zone A,83.6,23.2,,53.5,448.0,74.6,Numeric,0.0,True
1300,2026-05-19T00:00:00,2026-05-19 00:00:00,2026-05-19,00:00:00,Tuesday,SN-B01,Zone B,85.4,24.7,28.2,52.9,0.0,98.8,Numeric,0.0,
1301,2026-05-19T00:00:00,2026-05-19 00:00:00,2026-05-19,00:00:00,Tuesday,SN-B02,Zone B,83.3,25.9,28.2,52.9,0.0,100.0,Numeric,0.0,False
1302,2026-05-19T00:00:00,2026-05-19 00:00:00,2026-05-19,00:00:00,Tuesday,SN-B03,Zone B,87.4,24.5,28.2,52.9,0.0,87.0,Numeric,0.0,False
1303,2026-05-19T00:00:00,2026-05-19 00:00:00,2026-05-19,00:00:00,Tuesday,SN-C01,Zone C,62.7,23.0,27.1,63.8,261.0,73.2,Numeric,0.0,False
1304,2026-05-19T00:00:00,2026-05-19 00:00:00,2026-05-19,00:00:00,Tuesday,SN-C02,Zone C,62.3,23.2,27.1,63.8,261.0,80.5,Numeric,0.0,False
1305,2026-05-19T00:00:00,2026-05-19 00:00:00,2026-05-19,00:00:00,Tuesday,SN-C03,Zone C,57.5,23.8,27.1,63.8,261.0,76.2,Numeric,,False
1306,2026-05-19T00:00:00,2026-05-19 00:00:00,2026-05-19,00:00:00,Tuesday,SN-D01,Zone D,92.2,24.555555555555557,27.944444444444443,53.5,403.0,79.0,Numeric,0.0,False
1307,2026-05-19T00:00:00,2026-05-19 00:00:00,2026-05-19,00:00:00,Tuesday,SN-D02,Zone D,94.4,23.166666666666668,27.944444444444443,53.5,403.0,72.8,Numeric,0.0,False
1308,2026-05-19T00:00:00,2026-05-19 00:00:00,2026-05-19,00:00:00,Tuesday,SN-D03,Zone D,90.9,23.8,27.9,,403.0,72.2,Numeric,0.0,False
1309,2026-05-19T04:00:00,2026-05-19 04:00:00,2026-05-19,04:00:00,Tuesday,SN-A01,Zone A,82.6,22.3,26.5,66.0,274.0,0.0,Numeric,0.0,True
1310,2026-05-19T04:00:00,2026-05-19 04:00:00,2026-05-19,04:00:00,Tuesday,SN-A02,Zone A,80.8,23.4,26.5,66.0,274.0,,Non-Numeric,,True
1311,2026-05-19T04:00:00,2026-05-19 04:00:00,2026-05-19,04:00:00,Tuesday,SN-A03,Zone A,81.7,22.0,26.5,66.0,274.0,73.4,Numeric,0.0,True
1312,2026-05-19T04:00:00,2026-05-19 04:00:00,2026-05-19,04:00:00,Tuesday,SN-B01,Zone B,,22.4,25.8,56.4,0.0,97.7,Numeric,0.0,True
1313,2026-05-19T04:00:00,2026-05-19 04:00:00,2026-05-19,04:00:00,Tuesday,SN-B02,Zone B,76.6,23.4,25.8,56.4,0.0,99.1,Numeric,0.0,True
1314,2026-05-19T04:00:00,2026-05-19 04:00:00,2026-05-19,04:00:00,Tuesday,SN-B03,Zone B,80.6,21.3,25.8,56.4,0.0,,Numeric,0.0,True
1315,2026-05-19T04:00:00,2026-05-19 04:00:00,2026-05-19,04:00:00,Tuesday,SN-C01,Zone C,51.8,22.2,26.2,56.8,259.0,72.2,Numeric,,True
1316,2026-05-19T04:00:00,2026-05-19 04:00:00,2026-05-19,04:00:00,Tuesday,SN-C02,Zone C,53.8,21.4,26.2,56.8,259.0,79.6,Numeric,0.0,True
1317,2026-05-19T04:00:00,2026-05-19 04:00:00,2026-05-19,04:00:00,Tuesday,SN-C03,Zone C,50.7,21.3,26.2,56.8,259.0,74.9,Numeric,0.0,True
1318,2026-05-19T04:00:00,2026-05-19 04:00:00,2026-05-19,04:00:00,Tuesday,SN-D01,Zone D,88.3,,,60.1,0.0,77.7,Numeric,0.0,True
1319,2026-05-19T04:00:00,2026-05-19 04:00:00,2026-05-19,04:00:00,Tuesday,SN-D02,Zone D,87.1,22.277777777777775,26.833333333333332,60.1,0.0,71.6,Numeric,0.0,True
1320,,,,,,SN-D03,Zone D,88.3,21.5,26.8,60.1,0.0,71.2,Numeric,0.0,True
1321,2026-05-19T08:00:00,2026-05-19 08:00:00,2026-05-19,08:00:00,Tuesday,SN-A01,Zone A,80.1,28.1,31.7,37.3,27439.0,0.0,Numeric,0.0,True
1322,2026-05-19T08:00:00,2026-05-19 08:00:00,2026-05-19,08:00:00,Tuesday,SN-A02,Zone A,80.3,27.5,31.7,37.3,27439.0,,Non-Numeric,0.0,True
1323,2026-05-19T08:00:00,2026-05-19 08:00:00,2026-05-19,08:00:00,Tuesday,SN-A03,Zone A,78.8,29.2,31.7,,27439.0,72.2,Numeric,0.0,True
1324,,,,,,SN-B01,Zone B,78.3,30.9,33.3,46.1,26345.0,96.4,Numeric,,False
1325,2026-05-19T08:00:00,2026-05-19 08:00:00,2026-05-19,08:00:00,Tuesday,SN-B02,Zone B,73.5,29.0,33.3,46.1,26345.0,98.2,Numeric,0.0,False
1326,2026-05-19T08:00:00,2026-05-19 08:00:00,2026-05-19,08:00:00,Tuesday,SN-B03,Zone B,76.3,29.0,33.3,46.1,26345.0,84.6,Numeric,0.0,False
1327,2026-05-19T08:00:00,2026-05-19 08:00:00,2026-05-19,08:00:00,Tuesday,SN-C01,Zone C,51.7,,32.9,38.7,31317.0,71.3,Numeric,0.0,False
1328,2026-05-19T08:00:00,2026-05-19 08:00:00,2026-05-19,08:00:00,Tuesday,SN-C02,Zone C,53.4,28.0,32.9,38.7,31317.0,78.6,Numeric,0.0,False
1329,2026-05-19T08:00:00,2026-05-19 08:00:00,2026-05-19,08:00:00,Tuesday,SN-C03,Zone C,47.8,27.3,32.9,38.7,31317.0,74.0,Numeric,0.0,False
1330,2026-05-19T08:00:00,2026-05-19 08:00:00,2026-05-19,08:00:00,Tuesday,SN-D01,Zone D,83.4,24.444444444444443,29.38888888888889,45.2,28132.0,,Non-Numeric,0.0,False
1331,2026-05-19T08:00:00,2026-05-19 08:00:00,2026-05-19,08:00:00,Tuesday,SN-D02,Zone D,88.6,24.444444444444443,29.38888888888889,45.2,28132.0,70.6,Numeric,,False
1332,,,,,,SN-D03,Zone D,82.0,26.0,29.4,45.2,28132.0,70.0,Numeric,0.0,False
1333,,,,,,SN-A01,Zone A,80.2,35.5,39.9,30.1,105555.0,0.0,Numeric,0.0,True
1334,2026-05-19T12:00:00,2026-05-19 12:00:00,2026-05-19,12:00:00,Tuesday,SN-A02,Zone A,79.4,36.9,39.9,30.1,105555.0,69.6,Numeric,0.0,
1335,2026-05-19T12:00:00,2026-05-19 12:00:00,2026-05-19,12:00:00,Tuesday,SN-A03,Zone A,80.1,36.9,39.9,30.1,105555.0,71.1,Numeric,0.0,True
1336,2026-05-19T12:00:00,2026-05-19 12:00:00,2026-05-19,12:00:00,Tuesday,SN-B01,Zone B,75.8,37.3,42.1,10.0,86017.0,95.4,Numeric,0.0,False
1337,2026-05-19T12:00:00,2026-05-19 12:00:00,2026-05-19,12:00:00,Tuesday,SN-B02,Zone B,72.4,39.4,42.1,10.0,86017.0,97.1,Numeric,0.0,False
1338,2026-05-19T12:00:00,2026-05-19 12:00:00,2026-05-19,12:00:00,Tuesday,SN-B03,Zone B,74.7,40.1,42.1,10.0,86017.0,83.7,Numeric,0.0,False
1339,2026-05-19T12:00:00,2026-05-19 12:00:00,2026-05-19,12:00:00,Tuesday,SN-C01,Zone C,45.6,39.6,43.9,16.8,86741.0,70.3,Numeric,0.0,False
1340,2026-05-19T12:00:00,2026-05-19 12:00:00,2026-05-19,12:00:00,Tuesday,SN-C02,Zone C,49.0,41.2,43.9,16.8,86741.0,77.7,Numeric,0.0,False
1341,2026-05-19T12:00:00,2026-05-19 12:00:00,2026-05-19,12:00:00,Tuesday,SN-C03,Zone C,,40.3,43.9,16.8,86741.0,73.0,Numeric,,False
1342,2026-05-19T12:00:00,2026-05-19 12:00:00,2026-05-19,12:00:00,Tuesday,SN-D01,Zone D,80.5,36.27777777777778,39.611111111111114,16.8,100348.0,75.5,Numeric,0.0,False
1343,2026-05-19T12:00:00,2026-05-19 12:00:00,2026-05-19,12:00:00,Tuesday,SN-D02,Zone D,84.2,,39.611111111111114,16.8,100348.0,69.6,Numeric,0.0,False
1344,2026-05-19T12:00:00,2026-05-19 12:00:00,2026-05-19,12:00:00,Tuesday,SN-D03,Zone D,82.1,,39.6,16.8,100348.0,69.0,Numeric,0.0,
1345,,,,,,SN-A01,Zone A,,,,,,,Numeric,0.0,True
1346,2026-05-19T16:00:00,2026-05-19 16:00:00,2026-05-19,16:00:00,Tuesday,SN-A02,Zone A,80.9,38.0,40.5,23.8,58982.0,68.8,Numeric,0.0,True
1347,2026-05-19T16:00:00,2026-05-19 16:00:00,2026-05-19,16:00:00,Tuesday,SN-A03,Zone A,80.6,38.1,,23.8,58982.0,70.2,Numeric,0.0,True
1348,2026-05-19T16:00:00,2026-05-19 16:00:00,2026-05-19,16:00:00,Tuesday,SN-B01,Zone B,75.4,,41.8,23.5,50923.0,94.5,Numeric,0.0,True
1349,2026-05-19T16:00:00,2026-05-19 16:00:00,2026-05-19,16:00:00,Tuesday,SN-B02,Zone B,74.6,37.5,41.8,23.5,50923.0,96.2,Numeric,0.0,True
1350,2026-05-19T16:00:00,2026-05-19 16:00:00,2026-05-19,16:00:00,Tuesday,SN-B03,Zone B,73.3,37.3,41.8,23.5,50923.0,82.7,Numeric,0.0,
1351,2026-05-19T16:00:00,2026-05-19 16:00:00,2026-05-19,16:00:00,Tuesday,SN-C01,Zone C,47.9,36.7,40.2,20.4,63360.0,69.3,Numeric,0.0,True
1352,2026-05-19T16:00:00,2026-05-19 16:00:00,2026-05-19,16:00:00,Tuesday,SN-C02,Zone C,49.7,36.0,40.2,20.4,63360.0,76.7,Numeric,0.0,True
1353,2026-05-19T16:00:00,2026-05-19 16:00:00,2026-05-19,16:00:00,Tuesday,SN-C03,Zone C,47.1,35.2,40.2,20.4,63360.0,72.0,Numeric,0.0,True
1354,2026-05-19T16:00:00,2026-05-19 16:00:00,2026-05-19,16:00:00,Tuesday,SN-D01,Zone D,83.1,38.55555555555556,40.94444444444444,,65016.0,74.2,Numeric,0.0,True
1355,2026-05-19T16:00:00,2026-05-19 16:00:00,2026-05-19,16:00:00,Tuesday,SN-D02,Zone D,86.1,37.333333333333336,40.94444444444444,33.8,65016.0,68.5,Numeric,0.0,True
1356,2026-05-19T16:00:00,2026-05-19 16:00:00,2026-05-19,16:00:00,Tuesday,SN-D03,Zone D,83.4,37.5,40.9,,65016.0,68.1,Numeric,0.0,True
1357,2026-05-19T20:00:00,2026-05-19 20:00:00,2026-05-19,20:00:00,Tuesday,SN-A01,Zone A,79.3,30.1,35.2,42.8,376.0,0.0,Numeric,0.0,True
1358,2026-05-19T20:00:00,2026-05-19 20:00:00,2026-05-19,20:00:00,Tuesday,SN-A02,Zone A,78.8,30.7,35.2,42.8,376.0,67.5,Numeric,0.0,True
1359,2026-05-19T20:00:00,2026-05-19 20:00:00,2026-05-19,20:00:00,Tuesday,SN-A03,Zone A,78.7,29.4,35.2,42.8,376.0,68.9,Numeric,0.0,True
1360,2026-05-19T20:00:00,2026-05-19 20:00:00,2026-05-19,20:00:00,Tuesday,SN-B01,Zone B,72.7,33.5,37.3,42.4,404.0,93.4,Numeric,0.0,False
1361,2026-05-19T20:00:00,2026-05-19 20:00:00,2026-05-19,20:00:00,Tuesday,SN-B02,Zone B,70.6,34.8,37.3,42.4,404.0,95.3,Numeric,0.0,False
1362,2026-05-19T20:00:00,2026-05-19 20:00:00,2026-05-19,20:00:00,Tuesday,SN-B03,Zone B,71.7,33.5,37.3,42.4,,81.6,Numeric,0.0,False
1363,2026-05-19T20:00:00,2026-05-19 20:00:00,2026-05-19,20:00:00,Tuesday,SN-C01,Zone C,42.2,31.0,34.2,41.6,552.0,68.0,Numeric,0.0,False
1364,2026-05-19T20:00:00,2026-05-19 20:00:00,2026-05-19,20:00:00,Tuesday,SN-C02,Zone C,45.5,150.0,34.2,41.6,552.0,,Numeric,0.0,False
1365,2026-05-19T20:00:00,2026-05-19 20:00:00,2026-05-19,20:00:00,Tuesday,SN-C03,Zone C,45.9,33.2,34.2,41.6,552.0,70.8,Numeric,0.0,False
1366,2026-05-19T20:00:00,2026-05-19 20:00:00,2026-05-19,20:00:00,Tuesday,SN-D01,Zone D,82.4,31.5,36.55555555555556,36.7,695.0,73.2,Numeric,0.0,False
1367,2026-05-19T20:00:00,2026-05-19 20:00:00,2026-05-19,20:00:00,Tuesday,SN-D02,Zone D,81.8,32.0,36.55555555555556,36.7,695.0,67.6,Numeric,0.0,False
1368,2026-05-19T20:00:00,2026-05-19 20:00:00,2026-05-19,20:00:00,Tuesday,SN-D03,Zone D,81.3,33.8,36.5,36.7,695.0,67.2,Numeric,0.0,False
1369,2026-05-20T00:00:00,2026-05-20 00:00:00,2026-05-20,00:00:00,Wednesday,SN-A01,Zone A,76.2,24.2,27.9,57.8,616.0,100.0,Numeric,0.0,True
1370,2026-05-20T00:00:00,2026-05-20 00:00:00,2026-05-20,00:00:00,Wednesday,SN-A02,Zone A,77.3,25.1,27.9,57.8,616.0,66.6,Numeric,0.0,True
1371,2026-05-20T00:00:00,2026-05-20 00:00:00,2026-05-20,00:00:00,Wednesday,SN-A03,Zone A,79.7,23.6,27.9,57.8,616.0,67.8,Numeric,0.0,True
1372,2026-05-20T00:00:00,2026-05-20 00:00:00,2026-05-20,00:00:00,Wednesday,SN-B01,Zone B,70.7,24.9,30.2,53.4,0.0,92.2,Numeric,0.0,False
1373,2026-05-20T00:00:00,2026-05-20 00:00:00,2026-05-20,00:00:00,Wednesday,SN-B02,Zone B,69.9,26.4,30.2,53.4,0.0,94.4,Numeric,0.0,
1374,2026-05-20T00:00:00,2026-05-20 00:00:00,2026-05-20,00:00:00,Wednesday,SN-B03,Zone B,,,30.2,53.4,0.0,80.7,Numeric,0.0,False
1375,2026-05-20T00:00:00,2026-05-20 00:00:00,2026-05-20,00:00:00,Wednesday,SN-C01,Zone C,42.9,25.9,30.7,56.9,0.0,,Numeric,0.0,False
1376,2026-05-20T00:00:00,2026-05-20 00:00:00,2026-05-20,00:00:00,Wednesday,SN-C02,Zone C,43.2,24.8,30.7,56.9,,74.9,Numeric,0.0,False
1377,2026-05-20T00:00:00,2026-05-20 00:00:00,2026-05-20,00:00:00,Wednesday,SN-C03,Zone C,45.2,26.5,30.7,56.9,0.0,69.8,Numeric,0.0,False
1378,2026-05-20T00:00:00,2026-05-20 00:00:00,2026-05-20,00:00:00,Wednesday,SN-D01,Zone D,78.7,27.83333333333333,29.77777777777778,56.7,180.0,72.2,Numeric,0.0,False
1379,2026-05-20T00:00:00,2026-05-20 00:00:00,2026-05-20,00:00:00,Wednesday,SN-D02,Zone D,79.4,,29.77777777777778,56.7,180.0,66.7,Numeric,0.0,False
1380,2026-05-20T00:00:00,2026-05-20 00:00:00,2026-05-20,00:00:00,Wednesday,SN-D03,Zone D,78.2,26.0,29.8,56.7,180.0,66.2,Numeric,0.0,False
1381,2026-05-20T04:00:00,2026-05-20 04:00:00,2026-05-20,04:00:00,Wednesday,SN-A01,Zone A,77.2,23.8,28.5,68.4,125.0,99.1,Numeric,0.0,True
1382,2026-05-20T04:00:00,2026-05-20 04:00:00,2026-05-20,04:00:00,Wednesday,SN-A02,Zone A,78.6,,28.5,68.4,125.0,,Numeric,0.0,True
1383,2026-05-20T04:00:00,2026-05-20 04:00:00,2026-05-20,04:00:00,Wednesday,SN-A03,Zone A,80.3,22.8,28.5,68.4,125.0,,Non-Numeric,0.0,True
1384,2026-05-20T04:00:00,2026-05-20 04:00:00,2026-05-20,04:00:00,Wednesday,SN-B01,Zone B,72.6,22.3,26.6,64.2,0.0,91.3,Numeric,0.0,True
1385,2026-05-20T04:00:00,2026-05-20 04:00:00,2026-05-20,04:00:00,Wednesday,SN-B02,Zone B,70.1,22.8,26.6,64.2,0.0,93.5,Numeric,0.0,True
1386,2026-05-20T04:00:00,2026-05-20 04:00:00,2026-05-20,04:00:00,Wednesday,SN-B03,Zone B,70.7,22.1,26.6,,0.0,79.7,Numeric,0.0,True
1387,2026-05-20T04:00:00,2026-05-20 04:00:00,2026-05-20,04:00:00,Wednesday,SN-C01,Zone C,46.4,25.1,28.6,57.2,303.0,65.9,Numeric,0.0,True
1388,2026-05-20T04:00:00,2026-05-20 04:00:00,2026-05-20,04:00:00,Wednesday,SN-C02,Zone C,45.8,24.3,28.6,57.2,303.0,73.7,Numeric,0.0,True
1389,2026-05-20T04:00:00,2026-05-20 04:00:00,2026-05-20,04:00:00,Wednesday,SN-C03,Zone C,48.3,24.3,28.6,57.2,303.0,68.5,Numeric,0.0,True
1390,2026-05-20T04:00:00,2026-05-20 04:00:00,2026-05-20,04:00:00,Wednesday,SN-D01,Zone D,81.2,23.166666666666668,26.999999999999996,60.2,578.0,71.0,Numeric,0.0,True
1391,2026-05-20T04:00:00,2026-05-20 04:00:00,2026-05-20,04:00:00,Wednesday,SN-D02,Zone D,84.3,22.666666666666668,26.999999999999996,60.2,578.0,65.8,Numeric,0.0,True
1392,2026-05-20T04:00:00,2026-05-20 04:00:00,2026-05-20,04:00:00,Wednesday,SN-D03,Zone D,81.1,24.7,27.0,60.2,578.0,65.1,Numeric,0.0,True
1393,2026-05-20T08:00:00,2026-05-20 08:00:00,2026-05-20,08:00:00,Wednesday,SN-A01,Zone A,,28.6,33.3,49.3,30562.0,98.0,Numeric,0.0,True
1394,2026-05-20T08:00:00,2026-05-20 08:00:00,2026-05-20,08:00:00,Wednesday,SN-A02,Zone A,79.4,29.8,33.3,49.3,30562.0,64.3,Numeric,0.0,True
1395,2026-05-20T08:00:00,2026-05-20 08:00:00,2026-05-20,08:00:00,Wednesday,SN-A03,Zone A,77.3,26.8,33.3,49.3,30562.0,65.9,Numeric,0.0,True
1396,2026-05-20T08:00:00,2026-05-20 08:00:00,2026-05-20,08:00:00,Wednesday,SN-B01,Zone B,68.8,28.0,33.6,45.7,28530.0,90.4,Numeric,0.0,False
1397,2026-05-20T08:00:00,2026-05-20 08:00:00,2026-05-20,08:00:00,Wednesday,SN-B02,Zone B,67.3,29.7,33.6,45.7,28530.0,92.7,Numeric,0.0,False
1398,2026-05-20T08:00:00,2026-05-20 08:00:00,2026-05-20,08:00:00,Wednesday,SN-B03,Zone B,68.6,30.3,33.6,45.7,28530.0,78.6,Numeric,0.0,False
1399,2026-05-20T08:00:00,2026-05-20 08:00:00,2026-05-20,08:00:00,Wednesday,SN-C01,Zone C,44.3,28.7,32.4,49.2,28820.0,64.9,Numeric,0.0,False
1400,2026-05-20T08:00:00,2026-05-20 08:00:00,2026-05-20,08:00:00,Wednesday,SN-C02,Zone C,46.8,29.4,32.4,49.2,,72.6,Numeric,0.0,False
1401,2026-05-20T08:00:00,2026-05-20 08:00:00,2026-05-20,08:00:00,Wednesday,SN-C03,Zone C,44.6,28.2,32.4,49.2,28820.0,67.6,Numeric,0.0,False
1402,2026-05-20T08:00:00,2026-05-20 08:00:00,2026-05-20,08:00:00,Wednesday,SN-D01,Zone D,77.1,30.944444444444443,32.77777777777778,45.0,28624.0,70.0,Numeric,0.0,
1403,2026-05-20T08:00:00,2026-05-20 08:00:00,2026-05-20,08:00:00,Wednesday,SN-D02,Zone D,81.2,29.5,32.77777777777778,45.0,28624.0,64.6,Numeric,0.0,
1404,2026-05-20T08:00:00,2026-05-20 08:00:00,2026-05-20,08:00:00,Wednesday,SN-D03,Zone D,,27.5,32.8,,28624.0,63.9,Numeric,0.0,False
1405,2026-05-20T12:00:00,2026-05-20 12:00:00,2026-05-20,12:00:00,Wednesday,SN-A01,Zone A,78.8,36.4,40.3,23.8,106541.0,96.9,Numeric,0.0,True
1406,2026-05-20T12:00:00,2026-05-20 12:00:00,2026-05-20,12:00:00,Wednesday,SN-A02,Zone A,,36.7,40.3,23.8,106541.0,63.0,Numeric,0.0,True
1407,2026-05-20T12:00:00,2026-05-20 12:00:00,2026-05-20,12:00:00,Wednesday,SN-A03,Zone A,79.2,37.0,40.3,23.8,106541.0,65.1,Numeric,0.0,True
1408,2026-05-20T12:00:00,2026-05-20 12:00:00,2026-05-20,12:00:00,Wednesday,SN-B01,Zone B,67.7,39.0,,23.2,95928.0,89.4,Numeric,0.0,False
1409,2026-05-20T12:00:00,2026-05-20 12:00:00,2026-05-20,12:00:00,Wednesday,SN-B02,Zone B,67.5,41.2,44.3,23.2,95928.0,91.8,Numeric,0.0,False
1410,2026-05-20T12:00:00,2026-05-20 12:00:00,2026-05-20,12:00:00,Wednesday,SN-B03,Zone B,69.1,38.6,44.3,23.2,95928.0,77.3,Numeric,0.0,False
1411,2026-05-20T12:00:00,2026-05-20 12:00:00,2026-05-20,12:00:00,Wednesday,SN-C01,Zone C,42.5,,43.3,25.9,90627.0,64.1,Numeric,0.0,False
1412,,,,,,SN-C02,Zone C,,39.0,43.3,25.9,90627.0,71.5,Numeric,0.0,False
1413,2026-05-20T12:00:00,2026-05-20 12:00:00,2026-05-20,12:00:00,Wednesday,SN-C03,Zone C,43.4,41.0,43.3,25.9,90627.0,66.4,Numeric,0.0,False
1414,2026-05-20T12:00:00,2026-05-20 12:00:00,2026-05-20,12:00:00,Wednesday,SN-D01,Zone D,77.0,40.94444444444444,45.22222222222222,26.1,89407.0,69.2,Numeric,0.0,False
1415,2026-05-20T12:00:00,2026-05-20 12:00:00,2026-05-20,12:00:00,Wednesday,SN-D02,Zone D,79.5,42.0,45.22222222222222,26.1,89407.0,63.6,Numeric,0.0,False
1416,2026-05-20T12:00:00,2026-05-20 12:00:00,2026-05-20,12:00:00,Wednesday,SN-D03,Zone D,76.2,41.7,45.2,26.1,89407.0,62.7,Numeric,0.0,False
1417,2026-05-20T16:00:00,2026-05-20 16:00:00,2026-05-20,16:00:00,Wednesday,SN-A01,Zone A,80.0,38.5,41.1,28.6,51746.0,95.8,Numeric,0.0,True
1418,2026-05-20T16:00:00,2026-05-20 16:00:00,2026-05-20,16:00:00,Wednesday,SN-A02,Zone A,77.8,39.2,41.1,28.6,,61.8,Numeric,0.0,True
1419,2026-05-20T16:00:00,2026-05-20 16:00:00,2026-05-20,16:00:00,Wednesday,SN-A03,Zone A,79.3,36.4,41.1,28.6,51746.0,63.8,Numeric,0.0,True
1420,2026-05-20T16:00:00,2026-05-20 16:00:00,2026-05-20,16:00:00,Wednesday,SN-B01,Zone B,72.8,37.5,40.4,23.3,51317.0,88.5,Numeric,,True
1421,2026-05-20T16:00:00,2026-05-20 16:00:00,2026-05-20,16:00:00,Wednesday,SN-B02,Zone B,70.3,38.1,40.4,23.3,51317.0,90.6,Numeric,0.0,True
1422,2026-05-20T16:00:00,2026-05-20 16:00:00,2026-05-20,16:00:00,Wednesday,SN-B03,Zone B,75.3,37.8,,23.3,51317.0,76.5,Numeric,0.0,True
1423,2026-05-20T16:00:00,2026-05-20 16:00:00,2026-05-20,16:00:00,Wednesday,SN-C01,Zone C,44.4,36.9,40.7,30.9,51908.0,63.1,Numeric,0.0,
1424,2026-05-20T16:00:00,2026-05-20 16:00:00,2026-05-20,16:00:00,Wednesday,SN-C02,Zone C,45.9,38.2,40.7,30.9,51908.0,70.3,Numeric,0.0,True
1425,2026-05-20T16:00:00,2026-05-20 16:00:00,2026-05-20,16:00:00,Wednesday,SN-C03,Zone C,44.6,35.6,40.7,30.9,51908.0,65.1,Numeric,0.0,True
1426,2026-05-20T16:00:00,2026-05-20 16:00:00,2026-05-20,16:00:00,Wednesday,SN-D01,Zone D,81.7,36.888888888888886,40.611111111111114,31.5,64326.0,67.9,Numeric,0.0,True
1427,2026-05-20T16:00:00,2026-05-20 16:00:00,2026-05-20,16:00:00,Wednesday,SN-D02,Zone D,83.2,35.111111111111114,40.611111111111114,31.5,64326.0,62.8,Numeric,0.0,True
1428,2026-05-20T16:00:00,2026-05-20 16:00:00,2026-05-20,16:00:00,Wednesday,SN-D03,Zone D,82.7,35.5,40.6,,64326.0,61.8,Numeric,0.0,True
1429,2026-05-20T20:00:00,2026-05-20 20:00:00,2026-05-20,20:00:00,Wednesday,SN-A01,Zone A,79.6,32.2,37.1,40.7,254.0,94.8,Numeric,0.0,True
1430,2026-05-20T20:00:00,2026-05-20 20:00:00,2026-05-20,20:00:00,Wednesday,SN-A02,Zone A,79.7,34.7,37.1,40.7,254.0,60.8,Numeric,0.0,True
1431,2026-05-20T20:00:00,2026-05-20 20:00:00,2026-05-20,20:00:00,Wednesday,SN-A03,Zone A,77.8,32.5,37.1,40.7,254.0,62.7,Numeric,0.0,True
1432,2026-05-20T20:00:00,2026-05-20 20:00:00,2026-05-20,20:00:00,Wednesday,SN-B01,Zone B,68.8,31.4,34.1,31.5,427.0,87.3,Numeric,,False
1433,2026-05-20T20:00:00,2026-05-20 20:00:00,2026-05-20,20:00:00,Wednesday,SN-B02,Zone B,69.6,31.8,34.1,31.5,427.0,89.4,Numeric,0.0,False
1434,2026-05-20T20:00:00,2026-05-20 20:00:00,2026-05-20,20:00:00,Wednesday,SN-B03,Zone B,67.7,30.9,34.1,31.5,427.0,75.5,Numeric,,False
1435,2026-05-20T20:00:00,2026-05-20 20:00:00,2026-05-20,20:00:00,Wednesday,SN-C01,Zone C,43.6,30.0,33.9,39.9,609.0,62.0,Numeric,0.0,False
1436,2026-05-20T20:00:00,2026-05-20 20:00:00,2026-05-20,20:00:00,Wednesday,SN-C02,Zone C,46.4,30.6,,39.9,609.0,69.2,Numeric,0.0,False
1437,2026-05-20T20:00:00,2026-05-20 20:00:00,2026-05-20,20:00:00,Wednesday,SN-C03,Zone C,45.0,30.1,33.9,39.9,609.0,63.8,Numeric,0.0,False
1438,2026-05-20T20:00:00,2026-05-20 20:00:00,2026-05-20,20:00:00,Wednesday,SN-D01,Zone D,81.8,29.333333333333332,33.22222222222222,35.7,557.0,66.8,Numeric,0.0,False
1439,2026-05-20T20:00:00,2026-05-20 20:00:00,2026-05-20,20:00:00,Wednesday,SN-D02,Zone D,78.2,27.83333333333333,33.22222222222222,35.7,557.0,61.7,Numeric,0.0,False
1440,2026-05-20T20:00:00,2026-05-20 20:00:00,2026-05-20,20:00:00,Wednesday,SN-D03,Zone D,78.5,30.1,33.2,35.7,557.0,60.6,Numeric,0.0,False
1441,2026-05-21T00:00:00,2026-05-21 00:00:00,2026-05-21,00:00:00,Thursday,SN-A01,Zone A,80.1,23.5,27.9,53.9,291.0,,Non-Numeric,0.0,True
1442,2026-05-21T00:00:00,2026-05-21 00:00:00,2026-05-21,00:00:00,Thursday,SN-A02,Zone A,81.5,23.0,27.9,53.9,291.0,,Numeric,0.0,True
1443,2026-05-21T00:00:00,2026-05-21 00:00:00,2026-05-21,00:00:00,Thursday,SN-A03,Zone A,79.7,25.7,27.9,53.9,291.0,61.7,Numeric,0.0,True
1444,2026-05-21T00:00:00,2026-05-21 00:00:00,2026-05-21,00:00:00,Thursday,SN-B01,Zone B,69.7,23.8,27.6,,75.0,,Numeric,0.0,False
1445,2026-05-21T00:00:00,2026-05-21 00:00:00,2026-05-21,00:00:00,Thursday,SN-B02,Zone B,66.3,23.9,27.6,51.5,75.0,88.5,Numeric,0.0,False
1446,2026-05-21T00:00:00,2026-05-21 00:00:00,2026-05-21,00:00:00,Thursday,SN-B03,Zone B,63.2,23.8,,51.5,75.0,74.6,Numeric,0.0,False
1447,2026-05-21T00:00:00,2026-05-21 00:00:00,2026-05-21,00:00:00,Thursday,SN-C01,Zone C,41.4,22.3,28.2,59.6,102.0,61.2,Numeric,0.0,False
1448,2026-05-21T00:00:00,2026-05-21 00:00:00,2026-05-21,00:00:00,Thursday,SN-C02,Zone C,42.7,24.8,28.2,59.6,102.0,68.2,Numeric,0.0,False
1449,2026-05-21T00:00:00,2026-05-21 00:00:00,2026-05-21,00:00:00,Thursday,SN-C03,Zone C,42.7,22.4,28.2,,102.0,62.7,Numeric,0.0,False
1450,2026-05-21T00:00:00,2026-05-21 00:00:00,2026-05-21,00:00:00,Thursday,SN-D01,Zone D,79.9,21.22222222222222,27.38888888888889,55.5,0.0,65.9,Numeric,0.0,False
1451,2026-05-21T00:00:00,2026-05-21 00:00:00,2026-05-21,00:00:00,Thursday,SN-D02,Zone D,76.2,21.22222222222222,27.38888888888889,55.5,0.0,60.6,Numeric,,False
1452,2026-05-21T00:00:00,2026-05-21 00:00:00,2026-05-21,00:00:00,Thursday,SN-D03,Zone D,78.6,,27.4,55.5,0.0,59.5,Numeric,0.0,False
1453,2026-05-21T04:00:00,2026-05-21 04:00:00,2026-05-21,04:00:00,Thursday,SN-A01,Zone A,80.0,23.8,27.0,58.9,0.0,93.0,Numeric,0.0,True
1454,2026-05-21T04:00:00,2026-05-21 04:00:00,2026-05-21,04:00:00,Thursday,SN-A02,Zone A,79.3,20.8,27.0,58.9,,58.9,Numeric,0.0,True
1455,2026-05-21T04:00:00,2026-05-21 04:00:00,2026-05-21,04:00:00,Thursday,SN-A03,Zone A,,22.6,27.0,58.9,0.0,60.7,Numeric,0.0,True
1456,2026-05-21T04:00:00,2026-05-21 04:00:00,2026-05-21,04:00:00,Thursday,SN-B01,Zone B,71.5,24.9,27.5,56.0,0.0,85.5,Numeric,0.0,True
1457,2026-05-21T04:00:00,2026-05-21 04:00:00,2026-05-21,04:00:00,Thursday,SN-B02,Zone B,70.5,24.6,27.5,56.0,0.0,87.4,Numeric,0.0,True
1458,2026-05-21T04:00:00,2026-05-21 04:00:00,2026-05-21,04:00:00,Thursday,SN-B03,Zone B,72.8,22.0,,56.0,0.0,73.7,Numeric,0.0,True
1459,2026-05-21T04:00:00,2026-05-21 04:00:00,2026-05-21,04:00:00,Thursday,SN-C01,Zone C,44.0,21.8,26.6,58.8,200.0,60.0,Numeric,0.0,True
1460,2026-05-21T04:00:00,2026-05-21 04:00:00,2026-05-21,04:00:00,Thursday,SN-C02,Zone C,49.5,,26.6,,200.0,67.0,Numeric,0.0,True
1461,2026-05-21T04:00:00,2026-05-21 04:00:00,2026-05-21,04:00:00,Thursday,SN-C03,Zone C,44.7,21.1,26.6,58.8,200.0,61.7,Numeric,0.0,True
1462,2026-05-21T04:00:00,2026-05-21 04:00:00,2026-05-21,04:00:00,Thursday,SN-D01,Zone D,83.9,24.111111111111114,28.77777777777778,59.6,248.0,64.9,Numeric,0.0,True
1463,2026-05-21T04:00:00,2026-05-21 04:00:00,2026-05-21,04:00:00,Thursday,SN-D02,Zone D,81.8,26.333333333333336,28.77777777777778,59.6,248.0,59.4,Numeric,0.0,True
1464,2026-05-21T04:00:00,2026-05-21 04:00:00,2026-05-21,04:00:00,Thursday,SN-D03,Zone D,80.6,24.6,28.8,59.6,248.0,58.6,Numeric,,True
1465,2026-05-21T08:00:00,2026-05-21 08:00:00,2026-05-21,08:00:00,Thursday,SN-A01,Zone A,77.8,27.6,31.6,49.7,28335.0,91.8,Numeric,,True
1466,2026-05-21T08:00:00,2026-05-21 08:00:00,2026-05-21,08:00:00,Thursday,SN-A02,Zone A,77.6,26.4,31.6,49.7,28335.0,57.9,Numeric,0.0,True
1467,2026-05-21T08:00:00,2026-05-21 08:00:00,2026-05-21,08:00:00,Thursday,SN-A03,Zone A,78.1,26.6,31.6,49.7,28335.0,59.5,Numeric,0.0,True
1468,2026-05-21T08:00:00,2026-05-21 08:00:00,2026-05-21,08:00:00,Thursday,SN-B01,Zone B,67.9,29.7,34.1,45.2,30992.0,84.6,Numeric,0.0,False
1469,2026-05-21T08:00:00,2026-05-21 08:00:00,2026-05-21,08:00:00,Thursday,SN-B02,Zone B,68.7,31.2,34.1,45.2,30992.0,86.1,Numeric,0.0,False
1470,2026-05-21T08:00:00,2026-05-21 08:00:00,2026-05-21,08:00:00,Thursday,SN-B03,Zone B,68.4,30.8,150.0,45.2,30992.0,72.5,Numeric,0.0,False
1471,2026-05-21T08:00:00,2026-05-21 08:00:00,2026-05-21,08:00:00,Thursday,SN-C01,Zone C,44.2,28.2,32.6,39.1,27783.0,58.7,Numeric,0.0,False
1472,2026-05-21T08:00:00,2026-05-21 08:00:00,2026-05-21,08:00:00,Thursday,SN-C02,Zone C,45.8,29.3,32.6,39.1,27783.0,65.7,Numeric,0.0,False
1473,2026-05-21T08:00:00,2026-05-21 08:00:00,2026-05-21,08:00:00,Thursday,SN-C03,Zone C,43.7,28.7,32.6,39.1,27783.0,60.4,Numeric,0.0,False
1474,2026-05-21T08:00:00,2026-05-21 08:00:00,2026-05-21,08:00:00,Thursday,SN-D01,Zone D,82.5,31.0,34.5,44.6,24932.0,63.8,Numeric,0.0,False
1475,2026-05-21T08:00:00,2026-05-21 08:00:00,2026-05-21,08:00:00,Thursday,SN-D02,Zone D,80.3,29.77777777777778,34.5,44.6,24932.0,58.3,Numeric,0.0,False
1476,2026-05-21T08:00:00,2026-05-21 08:00:00,2026-05-21,08:00:00,Thursday,SN-D03,Zone D,77.6,31.0,34.5,,24932.0,57.6,Numeric,0.0,False
1477,2026-05-21T12:00:00,2026-05-21 12:00:00,2026-05-21,12:00:00,Thursday,SN-A01,Zone A,79.1,36.0,40.6,18.3,102655.0,,Numeric,0.0,True
1478,2026-05-21T12:00:00,2026-05-21 12:00:00,2026-05-21,12:00:00,Thursday,SN-A02,Zone A,79.5,37.5,40.6,18.3,102655.0,56.9,Numeric,0.0,True
1479,2026-05-21T12:00:00,2026-05-21 12:00:00,2026-05-21,12:00:00,Thursday,SN-A03,Zone A,79.8,35.1,40.6,18.3,102655.0,58.5,Numeric,0.0,True
1480,2026-05-21T12:00:00,2026-05-21 12:00:00,2026-05-21,12:00:00,Thursday,SN-B01,Zone B,68.5,38.2,40.7,23.8,97766.0,83.3,Numeric,0.0,False
1481,2026-05-21T12:00:00,2026-05-21 12:00:00,2026-05-21,12:00:00,Thursday,SN-B02,Zone B,66.5,38.9,40.7,23.8,97766.0,85.2,Numeric,0.0,False
1482,2026-05-21T12:00:00,2026-05-21 12:00:00,2026-05-21,12:00:00,Thursday,SN-B03,Zone B,,38.2,40.7,23.8,97766.0,71.6,Numeric,0.0,False
1483,2026-05-21T12:00:00,2026-05-21 12:00:00,2026-05-21,12:00:00,Thursday,SN-C01,Zone C,,38.6,42.3,29.8,100733.0,,Non-Numeric,0.0,False
1484,2026-05-21T12:00:00,2026-05-21 12:00:00,2026-05-21,12:00:00,Thursday,SN-C02,Zone C,44.0,36.6,42.3,29.8,100733.0,64.9,Numeric,0.0,False
1485,2026-05-21T12:00:00,2026-05-21 12:00:00,2026-05-21,12:00:00,Thursday,SN-C03,Zone C,39.2,38.8,42.3,29.8,100733.0,,Numeric,0.0,False
1486,2026-05-21T12:00:00,2026-05-21 12:00:00,2026-05-21,12:00:00,Thursday,SN-D01,Zone D,75.7,,42.77777777777778,28.8,97329.0,62.5,Numeric,0.0,False
1487,2026-05-21T12:00:00,2026-05-21 12:00:00,2026-05-21,12:00:00,Thursday,SN-D02,Zone D,75.2,38.0,42.77777777777778,28.8,97329.0,57.3,Numeric,0.0,False
1488,2026-05-21T12:00:00,2026-05-21 12:00:00,2026-05-21,12:00:00,Thursday,SN-D03,Zone D,76.6,37.5,42.8,28.8,97329.0,56.7,Numeric,0.0,False
1489,2026-05-21T16:00:00,2026-05-21 16:00:00,2026-05-21,16:00:00,Thursday,SN-A01,Zone A,,38.0,41.5,24.1,67812.0,90.0,Numeric,0.0,True
1490,2026-05-21T16:00:00,2026-05-21 16:00:00,2026-05-21,16:00:00,Thursday,SN-A02,Zone A,81.2,37.7,41.5,24.1,67812.0,55.9,Numeric,0.0,True
1491,2026-05-21T16:00:00,2026-05-21 16:00:00,2026-05-21,16:00:00,Thursday,SN-A03,Zone A,79.2,35.8,41.5,24.1,67812.0,57.5,Numeric,0.0,True
1492,2026-05-21T16:00:00,2026-05-21 16:00:00,2026-05-21,16:00:00,Thursday,SN-B01,Zone B,73.2,37.1,41.1,30.5,57585.0,82.1,Numeric,0.0,True
1493,2026-05-21T16:00:00,2026-05-21 16:00:00,2026-05-21,16:00:00,Thursday,SN-B02,Zone B,,38.2,41.1,30.5,57585.0,84.3,Numeric,0.0,True
1494,2026-05-21T16:00:00,2026-05-21 16:00:00,2026-05-21,16:00:00,Thursday,SN-B03,Zone B,72.9,35.8,41.1,30.5,57585.0,70.3,Numeric,0.0,True
1495,2026-05-21T16:00:00,2026-05-21 16:00:00,2026-05-21,16:00:00,Thursday,SN-C01,Zone C,49.5,36.5,41.2,23.5,55906.0,56.5,Numeric,0.0,True
1496,2026-05-21T16:00:00,2026-05-21 16:00:00,2026-05-21,16:00:00,Thursday,SN-C02,Zone C,47.8,34.8,41.2,,55906.0,63.9,Numeric,0.0,
1497,2026-05-21T16:00:00,2026-05-21 16:00:00,2026-05-21,16:00:00,Thursday,SN-C03,Zone C,45.1,36.1,41.2,23.5,55906.0,58.1,Numeric,0.0,
1498,2026-05-21T16:00:00,2026-05-21 16:00:00,2026-05-21,16:00:00,Thursday,SN-D01,Zone D,82.4,36.0,40.611111111111114,23.5,50786.0,61.3,Numeric,0.0,True
1499,2026-05-21T16:00:00,2026-05-21 16:00:00,2026-05-21,16:00:00,Thursday,SN-D02,Zone D,82.5,,40.611111111111114,23.5,,56.0,Numeric,0.0,True
1500,2026-05-21T16:00:00,2026-05-21 16:00:00,2026-05-21,16:00:00,Thursday,SN-D03,Zone D,81.0,37.1,40.6,23.5,50786.0,,Numeric,,True
1501,2026-05-21T20:00:00,2026-05-21 20:00:00,2026-05-21,20:00:00,Thursday,SN-A01,Zone A,79.7,,34.1,35.9,69.0,89.1,Numeric,0.0,True
1502,2026-05-21T20:00:00,2026-05-21 20:00:00,2026-05-21,20:00:00,Thursday,SN-A02,Zone A,79.8,30.1,34.1,35.9,69.0,55.0,Numeric,0.0,True
1503,2026-05-21T20:00:00,2026-05-21 20:00:00,2026-05-21,20:00:00,Thursday,SN-A03,Zone A,76.6,31.2,34.1,35.9,69.0,56.4,Numeric,0.0,True
1504,2026-05-21T20:00:00,2026-05-21 20:00:00,2026-05-21,20:00:00,Thursday,SN-B01,Zone B,70.7,29.5,34.9,39.9,109.0,81.1,Numeric,0.0,False
1505,2026-05-21T20:00:00,2026-05-21 20:00:00,2026-05-21,20:00:00,Thursday,SN-B02,Zone B,68.1,33.1,34.9,39.9,109.0,83.4,Numeric,0.0,False
1506,2026-05-21T20:00:00,2026-05-21 20:00:00,2026-05-21,20:00:00,Thursday,SN-B03,Zone B,70.3,32.2,34.9,39.9,109.0,69.3,Numeric,0.0,False
1507,2026-05-21T20:00:00,2026-05-21 20:00:00,2026-05-21,20:00:00,Thursday,SN-C01,Zone C,45.6,35.0,38.6,39.0,126.0,55.3,Numeric,0.0,False
1508,2026-05-21T20:00:00,2026-05-21 20:00:00,2026-05-21,20:00:00,Thursday,SN-C02,Zone C,46.0,35.4,38.6,39.0,126.0,63.0,Numeric,0.0,False
1509,2026-05-21T20:00:00,2026-05-21 20:00:00,2026-05-21,20:00:00,Thursday,SN-C03,Zone C,44.7,34.7,38.6,39.0,126.0,56.9,Numeric,0.0,False
1510,2026-05-21T20:00:00,2026-05-21 20:00:00,2026-05-21,20:00:00,Thursday,SN-D01,Zone D,80.4,26.666666666666668,32.55555555555556,38.3,545.0,60.5,Numeric,0.0,False
1511,2026-05-21T20:00:00,2026-05-21 20:00:00,2026-05-21,20:00:00,Thursday,SN-D02,Zone D,79.5,25.611111111111107,32.55555555555556,38.3,545.0,54.8,Numeric,0.0,False
1512,2026-05-21T20:00:00,2026-05-21 20:00:00,2026-05-21,20:00:00,Thursday,SN-D03,Zone D,81.4,29.8,32.6,38.3,545.0,54.5,Numeric,0.0,False
1513,2026-05-22T00:00:00,2026-05-22 00:00:00,2026-05-22,00:00:00,Friday,SN-A01,Zone A,79.1,22.8,26.0,56.6,0.0,88.3,Numeric,0.0,False
1514,2026-05-22T00:00:00,2026-05-22 00:00:00,2026-05-22,00:00:00,Friday,SN-A02,Zone A,76.3,24.0,26.0,56.6,,53.7,Numeric,0.0,False
1515,2026-05-22T00:00:00,2026-05-22 00:00:00,2026-05-22,00:00:00,Friday,SN-A03,Zone A,76.9,22.6,26.0,56.6,0.0,55.2,Numeric,0.0,False
1516,2026-05-22T00:00:00,2026-05-22 00:00:00,2026-05-22,00:00:00,Friday,SN-B01,Zone B,69.3,27.1,29.2,58.3,112.0,80.1,Numeric,0.0,
1517,2026-05-22T00:00:00,2026-05-22 00:00:00,2026-05-22,00:00:00,Friday,SN-B02,Zone B,68.7,26.0,29.2,58.3,112.0,82.1,Numeric,0.0,False
1518,2026-05-22T00:00:00,2026-05-22 00:00:00,2026-05-22,00:00:00,Friday,SN-B03,Zone B,68.6,25.3,29.2,58.3,112.0,68.2,Numeric,0.0,False
1519,2026-05-22T00:00:00,2026-05-22 00:00:00,2026-05-22,00:00:00,Friday,SN-C01,Zone C,44.0,24.2,27.4,53.4,817.0,54.4,Numeric,0.0,False
1520,2026-05-22T00:00:00,2026-05-22 00:00:00,2026-05-22,00:00:00,Friday,SN-C02,Zone C,43.1,21.7,27.4,53.4,817.0,62.0,Numeric,0.0,False
1521,2026-05-22T00:00:00,2026-05-22 00:00:00,2026-05-22,00:00:00,Friday,SN-C03,Zone C,39.8,25.9,27.4,53.4,817.0,55.7,Numeric,0.0,False
1522,2026-05-22T00:00:00,2026-05-22 00:00:00,2026-05-22,00:00:00,Friday,SN-D01,Zone D,77.7,24.833333333333332,27.722222222222225,55.1,6.0,59.7,Numeric,0.0,False
1523,2026-05-22T00:00:00,2026-05-22 00:00:00,2026-05-22,00:00:00,Friday,SN-D02,Zone D,77.3,22.88888888888889,27.722222222222225,55.1,6.0,54.0,Numeric,0.0,False
1524,2026-05-22T00:00:00,2026-05-22 00:00:00,2026-05-22,00:00:00,Friday,SN-D03,Zone D,75.4,23.1,27.7,55.1,6.0,53.7,Numeric,0.0,False
1525,2026-05-22T04:00:00,2026-05-22 04:00:00,2026-05-22,04:00:00,Friday,SN-A01,Zone A,80.5,23.2,27.8,58.7,114.0,87.4,Numeric,0.0,True
1526,2026-05-22T04:00:00,2026-05-22 04:00:00,2026-05-22,04:00:00,Friday,SN-A02,Zone A,78.3,23.0,27.8,58.7,,52.9,Numeric,0.0,True
1527,2026-05-22T04:00:00,2026-05-22 04:00:00,2026-05-22,04:00:00,Friday,SN-A03,Zone A,77.3,25.2,27.8,58.7,114.0,54.1,Numeric,0.0,True
1528,2026-05-22T04:00:00,2026-05-22 04:00:00,2026-05-22,04:00:00,Friday,SN-B01,Zone B,71.3,23.8,27.6,67.6,0.0,79.0,Numeric,0.0,True
1529,2026-05-22T04:00:00,2026-05-22 04:00:00,2026-05-22,04:00:00,Friday,SN-B02,Zone B,69.6,24.2,27.6,67.6,0.0,81.0,Numeric,0.0,True
1530,2026-05-22T04:00:00,2026-05-22 04:00:00,2026-05-22,04:00:00,Friday,SN-B03,Zone B,74.3,22.2,27.6,67.6,,67.4,Numeric,0.0,True
1531,2026-05-22T04:00:00,2026-05-22 04:00:00,2026-05-22,04:00:00,Friday,SN-C01,Zone C,47.7,22.0,26.8,66.1,0.0,53.2,Numeric,0.0,True
1532,2026-05-22T04:00:00,2026-05-22 04:00:00,2026-05-22,04:00:00,Friday,SN-C02,Zone C,48.7,23.4,26.8,66.1,0.0,61.0,Numeric,0.0,True
1533,2026-05-22T04:00:00,2026-05-22 04:00:00,2026-05-22,04:00:00,Friday,SN-C03,Zone C,45.7,23.8,26.8,66.1,0.0,54.8,Numeric,0.0,True
1534,,,,,,SN-D01,Zone D,,20.055555555555554,25.555555555555557,62.1,0.0,58.8,Numeric,0.0,True
1535,2026-05-22T04:00:00,2026-05-22 04:00:00,2026-05-22,04:00:00,Friday,SN-D02,Zone D,81.2,19.499999999999996,,62.1,,52.8,Numeric,0.0,True
1536,2026-05-22T04:00:00,2026-05-22 04:00:00,2026-05-22,04:00:00,Friday,SN-D03,Zone D,81.6,20.9,25.6,62.1,0.0,52.4,Numeric,0.0,True
1537,2026-05-22T08:00:00,2026-05-22 08:00:00,2026-05-22,08:00:00,Friday,SN-A01,Zone A,77.3,30.2,33.4,45.5,27953.0,86.5,Numeric,0.0,False
1538,2026-05-22T08:00:00,2026-05-22 08:00:00,2026-05-22,08:00:00,Friday,SN-A02,Zone A,75.2,28.9,33.4,45.5,27953.0,52.1,Numeric,0.0,False
1539,2026-05-22T08:00:00,2026-05-22 08:00:00,2026-05-22,08:00:00,Friday,SN-A03,Zone A,75.9,26.7,33.4,45.5,27953.0,52.9,Numeric,0.0,False
1540,2026-05-22T08:00:00,2026-05-22 08:00:00,2026-05-22,08:00:00,Friday,SN-B01,Zone B,70.4,26.8,32.7,41.1,27114.0,77.9,Numeric,0.0,False
1541,2026-05-22T08:00:00,2026-05-22 08:00:00,2026-05-22,08:00:00,Friday,SN-B02,Zone B,70.1,27.9,32.7,41.1,27114.0,80.1,Numeric,0.0,False
1542,2026-05-22T08:00:00,2026-05-22 08:00:00,2026-05-22,08:00:00,Friday,SN-B03,Zone B,69.6,27.7,32.7,41.1,27114.0,66.4,Numeric,0.0,False
1543,2026-05-22T08:00:00,2026-05-22 08:00:00,2026-05-22,08:00:00,Friday,SN-C01,Zone C,45.3,31.0,34.0,45.2,27357.0,51.9,Numeric,,False
1544,2026-05-22T08:00:00,2026-05-22 08:00:00,2026-05-22,08:00:00,Friday,SN-C02,Zone C,43.9,30.9,34.0,45.2,27357.0,60.2,Numeric,0.0,False
1545,,,,,,SN-C03,Zone C,42.5,28.0,34.0,45.2,27357.0,53.7,Numeric,0.0,False
1546,2026-05-22T08:00:00,2026-05-22 08:00:00,2026-05-22,08:00:00,Friday,SN-D01,Zone D,80.3,28.166666666666668,32.888888888888886,46.6,28035.0,57.9,Numeric,0.0,False
1547,2026-05-22T08:00:00,2026-05-22 08:00:00,2026-05-22,08:00:00,Friday,SN-D02,Zone D,79.1,28.333333333333332,32.888888888888886,46.6,28035.0,51.5,Numeric,0.0,False
1548,2026-05-22T08:00:00,2026-05-22 08:00:00,2026-05-22,08:00:00,Friday,SN-D03,Zone D,79.3,,32.9,46.6,28035.0,51.5,Numeric,0.0,False
1549,2026-05-22T12:00:00,2026-05-22 12:00:00,2026-05-22,12:00:00,Friday,SN-A01,Zone A,72.8,36.7,41.4,26.1,91887.0,85.5,Numeric,0.0,False
1550,2026-05-22T12:00:00,2026-05-22 12:00:00,2026-05-22,12:00:00,Friday,SN-A02,Zone A,76.1,39.0,41.4,26.1,91887.0,,Numeric,0.0,False
1551,2026-05-22T12:00:00,2026-05-22 12:00:00,2026-05-22,12:00:00,Friday,SN-A03,Zone A,73.1,36.8,41.4,26.1,91887.0,51.7,Numeric,0.0,False
1552,2026-05-22T12:00:00,2026-05-22 12:00:00,2026-05-22,12:00:00,Friday,SN-B01,Zone B,,38.2,42.9,23.4,94216.0,,Numeric,0.0,False
1553,2026-05-22T12:00:00,2026-05-22 12:00:00,2026-05-22,12:00:00,Friday,SN-B02,Zone B,70.5,41.2,42.9,23.4,94216.0,79.2,Numeric,0.0,False
1554,2026-05-22T12:00:00,2026-05-22 12:00:00,2026-05-22,12:00:00,Friday,SN-B03,Zone B,69.3,37.6,42.9,23.4,94216.0,65.5,Numeric,0.0,False
1555,2026-05-22T12:00:00,2026-05-22 12:00:00,2026-05-22,12:00:00,Friday,SN-C01,Zone C,41.1,40.3,43.2,33.7,88362.0,50.7,Numeric,0.0,False
1556,2026-05-22T12:00:00,2026-05-22 12:00:00,2026-05-22,12:00:00,Friday,SN-C02,Zone C,42.6,39.0,,33.7,88362.0,59.0,Numeric,0.0,False
1557,2026-05-22T12:00:00,2026-05-22 12:00:00,2026-05-22,12:00:00,Friday,SN-C03,Zone C,41.7,38.8,43.2,33.7,88362.0,52.4,Numeric,0.0,
1558,2026-05-22T12:00:00,2026-05-22 12:00:00,2026-05-22,12:00:00,Friday,SN-D01,Zone D,75.6,36.05555555555556,41.611111111111114,26.3,88202.0,56.6,Numeric,0.0,False
1559,2026-05-22T12:00:00,2026-05-22 12:00:00,2026-05-22,12:00:00,Friday,SN-D02,Zone D,74.9,35.666666666666664,41.611111111111114,26.3,88202.0,50.3,Numeric,0.0,False
1560,2026-05-22T12:00:00,2026-05-22 12:00:00,2026-05-22,12:00:00,Friday,SN-D03,Zone D,75.9,36.4,41.6,26.3,88202.0,50.2,Numeric,0.0,
1561,2026-05-22T16:00:00,2026-05-22 16:00:00,2026-05-22,16:00:00,Friday,SN-A01,Zone A,,35.0,40.4,36.0,61759.0,84.7,Numeric,0.0,True
1562,2026-05-22T16:00:00,2026-05-22 16:00:00,2026-05-22,16:00:00,Friday,SN-A02,Zone A,78.1,35.8,40.4,36.0,61759.0,49.7,Numeric,0.0,True
1563,2026-05-22T16:00:00,2026-05-22 16:00:00,2026-05-22,16:00:00,Friday,SN-A03,Zone A,74.9,,40.4,36.0,61759.0,50.6,Numeric,0.0,True
1564,2026-05-22T16:00:00,2026-05-22 16:00:00,2026-05-22,16:00:00,Friday,SN-B01,Zone B,71.1,35.4,39.0,23.5,63109.0,75.8,Numeric,0.0,True
1565,2026-05-22T16:00:00,2026-05-22 16:00:00,2026-05-22,16:00:00,Friday,SN-B02,Zone B,71.1,33.7,39.0,23.5,63109.0,78.2,Numeric,0.0,True
1566,2026-05-22T16:00:00,2026-05-22 16:00:00,2026-05-22,16:00:00,Friday,SN-B03,Zone B,70.1,32.7,39.0,23.5,63109.0,64.3,Numeric,,True
1567,2026-05-22T16:00:00,2026-05-22 16:00:00,2026-05-22,16:00:00,Friday,SN-C01,Zone C,50.6,37.9,42.6,32.5,51577.0,49.8,Numeric,0.0,True
1568,2026-05-22T16:00:00,2026-05-22 16:00:00,2026-05-22,16:00:00,Friday,SN-C02,Zone C,46.6,40.2,42.6,32.5,51577.0,57.9,Numeric,,True
1569,2026-05-22T16:00:00,2026-05-22 16:00:00,2026-05-22,16:00:00,Friday,SN-C03,Zone C,44.0,40.3,42.6,32.5,51577.0,51.5,Numeric,0.0,True
1570,2026-05-22T16:00:00,2026-05-22 16:00:00,2026-05-22,16:00:00,Friday,SN-D01,Zone D,77.7,38.333333333333336,40.72222222222222,26.0,62985.0,55.7,Numeric,0.0,True
1571,2026-05-22T16:00:00,2026-05-22 16:00:00,2026-05-22,16:00:00,Friday,SN-D02,Zone D,81.8,33.833333333333336,40.72222222222222,26.0,62985.0,49.2,Numeric,0.0,True
1572,2026-05-22T16:00:00,2026-05-22 16:00:00,2026-05-22,16:00:00,Friday,SN-D03,Zone D,82.2,36.7,40.7,26.0,62985.0,49.3,Numeric,0.0,True
1573,2026-05-22T20:00:00,2026-05-22 20:00:00,2026-05-22,20:00:00,Friday,SN-A01,Zone A,74.1,31.5,34.2,39.0,728.0,83.4,Numeric,0.0,False
1574,2026-05-22T20:00:00,2026-05-22 20:00:00,2026-05-22,20:00:00,Friday,SN-A02,Zone A,74.8,30.6,34.2,39.0,728.0,48.5,Numeric,0.0,False
1575,2026-05-22T20:00:00,2026-05-22 20:00:00,2026-05-22,20:00:00,Friday,SN-A03,Zone A,73.7,29.5,34.2,39.0,,,Non-Numeric,0.0,False
1576,2026-05-22T20:00:00,2026-05-22 20:00:00,2026-05-22,20:00:00,Friday,SN-B01,Zone B,70.8,33.8,37.0,41.7,,74.7,Numeric,0.0,False
1577,2026-05-22T20:00:00,2026-05-22 20:00:00,2026-05-22,20:00:00,Friday,SN-B02,Zone B,69.8,32.3,37.0,41.7,864.0,77.1,Numeric,0.0,False
1578,2026-05-22T20:00:00,2026-05-22 20:00:00,2026-05-22,20:00:00,Friday,SN-B03,Zone B,67.5,34.3,37.0,41.7,864.0,63.5,Numeric,0.0,False
1579,2026-05-22T20:00:00,2026-05-22 20:00:00,2026-05-22,20:00:00,Friday,SN-C01,Zone C,43.0,32.8,35.8,45.9,445.0,48.5,Numeric,0.0,False
1580,2026-05-22T20:00:00,2026-05-22 20:00:00,2026-05-22,20:00:00,Friday,SN-C02,Zone C,44.0,33.0,35.8,45.9,445.0,56.7,Numeric,0.0,False
1581,2026-05-22T20:00:00,2026-05-22 20:00:00,2026-05-22,20:00:00,Friday,SN-C03,Zone C,42.2,32.3,35.8,45.9,,50.5,Numeric,0.0,False
1582,2026-05-22T20:00:00,2026-05-22 20:00:00,2026-05-22,20:00:00,Friday,SN-D01,Zone D,74.7,31.055555555555557,34.611111111111114,50.1,371.0,54.7,Numeric,0.0,False
1583,2026-05-22T20:00:00,2026-05-22 20:00:00,2026-05-22,20:00:00,Friday,SN-D02,Zone D,81.2,31.61111111111111,34.611111111111114,50.1,371.0,48.0,Numeric,0.0,False
1584,2026-05-22T20:00:00,2026-05-22 20:00:00,2026-05-22,20:00:00,Friday,SN-D03,Zone D,76.6,32.2,34.6,50.1,371.0,48.2,Numeric,,False
1585,2026-05-23T00:00:00,2026-05-23 00:00:00,2026-05-23,00:00:00,Saturday,SN-A01,Zone A,74.9,22.9,26.6,57.7,0.0,82.1,Numeric,0.0,False
1586,2026-05-23T00:00:00,2026-05-23 00:00:00,2026-05-23,00:00:00,Saturday,SN-A02,Zone A,72.5,21.8,26.6,57.7,0.0,47.3,Numeric,0.0,False
1587,2026-05-23T00:00:00,2026-05-23 00:00:00,2026-05-23,00:00:00,Saturday,SN-A03,Zone A,,,26.6,57.7,0.0,48.0,Numeric,0.0,False
1588,2026-05-23T00:00:00,2026-05-23 00:00:00,2026-05-23,00:00:00,Saturday,SN-B01,Zone B,65.1,22.1,27.6,55.0,0.0,73.9,Numeric,0.0,False
1589,2026-05-23T00:00:00,2026-05-23 00:00:00,2026-05-23,00:00:00,Saturday,SN-B02,Zone B,67.6,24.5,27.6,55.0,0.0,76.0,Numeric,0.0,False
1590,2026-05-23T00:00:00,2026-05-23 00:00:00,2026-05-23,00:00:00,Saturday,SN-B03,Zone B,65.6,24.6,27.6,55.0,0.0,62.6,Numeric,0.0,False
1591,2026-05-23T00:00:00,2026-05-23 00:00:00,2026-05-23,00:00:00,Saturday,SN-C01,Zone C,43.6,22.2,26.1,55.8,0.0,47.5,Numeric,0.0,False
1592,2026-05-23T00:00:00,2026-05-23 00:00:00,2026-05-23,00:00:00,Saturday,SN-C02,Zone C,43.5,20.0,26.1,55.8,0.0,55.6,Numeric,0.0,False
1593,2026-05-23T00:00:00,2026-05-23 00:00:00,2026-05-23,00:00:00,Saturday,SN-C03,Zone C,40.0,21.3,26.1,55.8,0.0,49.3,Numeric,,
1594,2026-05-23T00:00:00,2026-05-23 00:00:00,2026-05-23,00:00:00,Saturday,SN-D01,Zone D,74.1,23.166666666666668,26.888888888888893,55.8,98.0,53.5,Numeric,,
1595,2026-05-23T00:00:00,2026-05-23 00:00:00,2026-05-23,00:00:00,Saturday,SN-D02,Zone D,76.5,21.944444444444443,26.888888888888893,55.8,98.0,46.9,Numeric,0.0,False
1596,2026-05-23T00:00:00,2026-05-23 00:00:00,2026-05-23,00:00:00,Saturday,SN-D03,Zone D,75.9,20.7,26.9,,98.0,47.1,Numeric,0.0,False
1597,2026-05-23T04:00:00,2026-05-23 04:00:00,2026-05-23,04:00:00,Saturday,SN-A01,Zone A,74.9,21.4,28.1,61.5,361.0,81.2,Numeric,0.0,True
1598,,,,,,SN-A02,Zone A,76.7,150.0,28.1,,361.0,46.3,Numeric,0.0,True
1599,2026-05-23T04:00:00,2026-05-23 04:00:00,2026-05-23,04:00:00,Saturday,SN-A03,Zone A,,26.4,28.1,61.5,361.0,46.7,Numeric,0.0,True
1600,2026-05-23T04:00:00,2026-05-23 04:00:00,2026-05-23,04:00:00,Saturday,SN-B01,Zone B,,24.2,27.5,60.7,0.0,73.0,Numeric,0.0,True
1601,2026-05-23T04:00:00,2026-05-23 04:00:00,2026-05-23,04:00:00,Saturday,SN-B02,Zone B,70.4,22.4,27.5,60.7,0.0,75.1,Numeric,0.0,True
1602,2026-05-23T04:00:00,2026-05-23 04:00:00,2026-05-23,04:00:00,Saturday,SN-B03,Zone B,71.5,22.7,27.5,60.7,0.0,61.5,Numeric,0.0,True
1603,2026-05-23T04:00:00,2026-05-23 04:00:00,2026-05-23,04:00:00,Saturday,SN-C01,Zone C,46.1,21.2,26.8,,,46.2,Numeric,0.0,True
1604,2026-05-23T04:00:00,2026-05-23 04:00:00,2026-05-23,04:00:00,Saturday,SN-C02,Zone C,48.4,22.4,26.8,60.8,1.0,54.7,Numeric,0.0,True
1605,2026-05-23T04:00:00,2026-05-23 04:00:00,2026-05-23,04:00:00,Saturday,SN-C03,Zone C,45.5,22.8,26.8,60.8,1.0,,Numeric,0.0,True
1606,2026-05-23T04:00:00,2026-05-23 04:00:00,2026-05-23,04:00:00,Saturday,SN-D01,Zone D,81.3,21.611111111111114,26.11111111111111,60.6,0.0,52.4,Numeric,0.0,True
1607,2026-05-23T04:00:00,2026-05-23 04:00:00,2026-05-23,04:00:00,Saturday,SN-D02,Zone D,81.3,23.77777777777778,26.11111111111111,60.6,0.0,46.0,Numeric,0.0,True
1608,2026-05-23T04:00:00,2026-05-23 04:00:00,2026-05-23,04:00:00,Saturday,SN-D03,Zone D,81.6,23.4,26.1,60.6,0.0,46.0,Numeric,0.0,True
1609,2026-05-23T08:00:00,2026-05-23 08:00:00,2026-05-23,08:00:00,Saturday,SN-A01,Zone A,74.4,29.8,31.9,43.5,24890.0,80.0,Numeric,0.0,False
1610,2026-05-23T08:00:00,2026-05-23 08:00:00,2026-05-23,08:00:00,Saturday,SN-A02,Zone A,71.3,27.1,31.9,43.5,24890.0,45.4,Numeric,0.0,False
1611,2026-05-23T08:00:00,2026-05-23 08:00:00,2026-05-23,08:00:00,Saturday,SN-A03,Zone A,75.0,27.6,31.9,43.5,24890.0,45.4,Numeric,0.0,False
1612,2026-05-23T08:00:00,2026-05-23 08:00:00,2026-05-23,08:00:00,Saturday,SN-B01,Zone B,70.9,31.9,34.8,46.3,,71.9,Numeric,0.0,False
1613,2026-05-23T08:00:00,2026-05-23 08:00:00,2026-05-23,08:00:00,Saturday,SN-B02,Zone B,68.5,32.1,34.8,46.3,27366.0,74.3,Numeric,0.0,False
1614,2026-05-23T08:00:00,2026-05-23 08:00:00,2026-05-23,08:00:00,Saturday,SN-B03,Zone B,68.3,30.2,34.8,46.3,27366.0,60.4,Numeric,0.0,False
1615,2026-05-23T08:00:00,2026-05-23 08:00:00,2026-05-23,08:00:00,Saturday,SN-C01,Zone C,44.5,33.1,34.6,48.7,26132.0,45.3,Numeric,0.0,False
1616,2026-05-23T08:00:00,2026-05-23 08:00:00,2026-05-23,08:00:00,Saturday,SN-C02,Zone C,45.5,30.3,34.6,48.7,26132.0,53.6,Numeric,0.0,False
1617,2026-05-23T08:00:00,2026-05-23 08:00:00,2026-05-23,08:00:00,Saturday,SN-C03,Zone C,42.9,31.4,34.6,48.7,26132.0,47.0,Numeric,0.0,False
1618,2026-05-23T08:00:00,2026-05-23 08:00:00,2026-05-23,08:00:00,Saturday,SN-D01,Zone D,77.0,30.666666666666668,34.833333333333336,45.9,30631.0,51.5,Numeric,,False
1619,2026-05-23T08:00:00,2026-05-23 08:00:00,2026-05-23,08:00:00,Saturday,SN-D02,Zone D,79.1,29.61111111111111,34.833333333333336,45.9,30631.0,44.8,Numeric,0.0,False
1620,2026-05-23T08:00:00,2026-05-23 08:00:00,2026-05-23,08:00:00,Saturday,SN-D03,Zone D,79.6,30.5,34.8,45.9,,44.8,Numeric,0.0,False
1621,2026-05-23T12:00:00,2026-05-23 12:00:00,2026-05-23,12:00:00,Saturday,SN-A01,Zone A,72.7,39.3,42.1,22.9,91853.0,78.8,Numeric,0.0,False
1622,2026-05-23T12:00:00,2026-05-23 12:00:00,2026-05-23,12:00:00,Saturday,SN-A02,Zone A,69.0,35.9,999.0,22.9,,44.1,Numeric,0.0,False
1623,2026-05-23T12:00:00,2026-05-23 12:00:00,2026-05-23,12:00:00,Saturday,SN-A03,Zone A,74.5,39.0,42.1,22.9,91853.0,44.4,Numeric,0.0,False
1624,2026-05-23T12:00:00,2026-05-23 12:00:00,2026-05-23,12:00:00,Saturday,SN-B01,Zone B,69.6,40.2,44.3,33.1,89205.0,70.8,Numeric,0.0,False
1625,2026-05-23T12:00:00,2026-05-23 12:00:00,2026-05-23,12:00:00,Saturday,SN-B02,Zone B,65.9,38.3,44.3,33.1,89205.0,73.2,Numeric,0.0,False
1626,2026-05-23T12:00:00,2026-05-23 12:00:00,2026-05-23,12:00:00,Saturday,SN-B03,Zone B,69.5,39.9,44.3,33.1,89205.0,,Non-Numeric,0.0,False
1627,2026-05-23T12:00:00,2026-05-23 12:00:00,2026-05-23,12:00:00,Saturday,SN-C01,Zone C,43.3,38.1,40.6,21.9,,44.1,Numeric,0.0,False
1628,2026-05-23T12:00:00,2026-05-23 12:00:00,2026-05-23,12:00:00,Saturday,SN-C02,Zone C,41.8,35.7,40.6,21.9,91019.0,52.4,Numeric,0.0,False
1629,2026-05-23T12:00:00,2026-05-23 12:00:00,2026-05-23,12:00:00,Saturday,SN-C03,Zone C,43.2,35.3,40.6,21.9,,45.8,Numeric,0.0,False
1630,2026-05-23T12:00:00,2026-05-23 12:00:00,2026-05-23,12:00:00,Saturday,SN-D01,Zone D,74.5,35.166666666666664,39.72222222222222,23.2,100361.0,50.2,Numeric,0.0,False
1631,2026-05-23T12:00:00,2026-05-23 12:00:00,2026-05-23,12:00:00,Saturday,SN-D02,Zone D,80.3,36.55555555555556,39.72222222222222,23.2,100361.0,43.9,Numeric,0.0,False
1632,2026-05-23T12:00:00,2026-05-23 12:00:00,2026-05-23,12:00:00,Saturday,SN-D03,Zone D,75.9,37.8,39.7,23.2,100361.0,43.7,Numeric,0.0,False
1633,2026-05-23T16:00:00,2026-05-23 16:00:00,2026-05-23,16:00:00,Saturday,SN-A01,Zone A,76.4,,41.6,30.6,56835.0,78.0,Numeric,0.0,True
1634,2026-05-23T16:00:00,2026-05-23 16:00:00,2026-05-23,16:00:00,Saturday,SN-A02,Zone A,77.2,38.0,41.6,30.6,56835.0,43.2,Numeric,0.0,True
1635,2026-05-23T16:00:00,2026-05-23 16:00:00,2026-05-23,16:00:00,Saturday,SN-A03,Zone A,74.2,38.6,41.6,30.6,56835.0,43.1,Numeric,0.0,True
1636,2026-05-23T16:00:00,2026-05-23 16:00:00,2026-05-23,16:00:00,Saturday,SN-B01,Zone B,71.2,34.9,39.0,28.4,66173.0,69.7,Numeric,0.0,True
1637,2026-05-23T16:00:00,2026-05-23 16:00:00,2026-05-23,16:00:00,Saturday,SN-B02,Zone B,70.3,34.3,39.0,28.4,66173.0,72.0,Numeric,0.0,True
1638,2026-05-23T16:00:00,2026-05-23 16:00:00,2026-05-23,16:00:00,Saturday,SN-B03,Zone B,72.0,34.1,39.0,28.4,66173.0,58.2,Numeric,0.0,True
1639,2026-05-23T16:00:00,2026-05-23 16:00:00,2026-05-23,16:00:00,Saturday,SN-C01,Zone C,46.1,36.8,41.2,27.1,63841.0,43.3,Numeric,0.0,True
1640,2026-05-23T16:00:00,2026-05-23 16:00:00,2026-05-23,16:00:00,Saturday,SN-C02,Zone C,48.3,36.3,41.2,27.1,63841.0,51.5,Numeric,0.0,True
1641,2026-05-23T16:00:00,2026-05-23 16:00:00,2026-05-23,16:00:00,Saturday,SN-C03,Zone C,46.1,,41.2,27.1,63841.0,44.8,Numeric,0.0,True
1642,2026-05-23T16:00:00,2026-05-23 16:00:00,2026-05-23,16:00:00,Saturday,SN-D01,Zone D,79.3,39.388888888888886,42.55555555555556,26.5,55152.0,49.0,Numeric,0.0,True
1643,2026-05-23T16:00:00,2026-05-23 16:00:00,2026-05-23,16:00:00,Saturday,SN-D02,Zone D,82.2,37.166666666666664,42.55555555555556,26.5,55152.0,43.1,Numeric,0.0,True
1644,2026-05-23T16:00:00,2026-05-23 16:00:00,2026-05-23,16:00:00,Saturday,SN-D03,Zone D,79.4,37.8,42.5,26.5,55152.0,,Non-Numeric,0.0,True
1645,2026-05-23T20:00:00,2026-05-23 20:00:00,2026-05-23,20:00:00,Saturday,SN-A01,Zone A,76.5,34.4,37.4,34.8,1185.0,76.7,Numeric,0.0,False
1646,2026-05-23T20:00:00,2026-05-23 20:00:00,2026-05-23,20:00:00,Saturday,SN-A02,Zone A,76.0,32.5,37.4,34.8,,42.3,Numeric,0.0,False
1647,2026-05-23T20:00:00,2026-05-23 20:00:00,2026-05-23,20:00:00,Saturday,SN-A03,Zone A,72.8,34.0,37.4,34.8,1185.0,41.9,Numeric,,False
1648,2026-05-23T20:00:00,2026-05-23 20:00:00,2026-05-23,20:00:00,Saturday,SN-B01,Zone B,69.8,32.1,35.4,38.4,331.0,68.5,Numeric,0.0,False
1649,2026-05-23T20:00:00,2026-05-23 20:00:00,2026-05-23,20:00:00,Saturday,SN-B02,Zone B,69.6,30.3,35.4,38.4,331.0,,Non-Numeric,0.0,False
1650,2026-05-23T20:00:00,2026-05-23 20:00:00,2026-05-23,20:00:00,Saturday,SN-B03,Zone B,70.9,31.2,35.4,38.4,331.0,57.2,Numeric,0.0,False
1651,2026-05-23T20:00:00,2026-05-23 20:00:00,2026-05-23,20:00:00,Saturday,SN-C01,Zone C,45.4,30.9,34.6,40.5,388.0,42.3,Numeric,0.0,False
1652,2026-05-23T20:00:00,2026-05-23 20:00:00,2026-05-23,20:00:00,Saturday,SN-C02,Zone C,43.5,32.2,34.6,40.5,388.0,50.5,Numeric,,False
1653,2026-05-23T20:00:00,2026-05-23 20:00:00,2026-05-23,20:00:00,Saturday,SN-C03,Zone C,44.7,30.7,34.6,40.5,388.0,43.5,Numeric,0.0,False
1654,2026-05-23T20:00:00,2026-05-23 20:00:00,2026-05-23,20:00:00,Saturday,SN-D01,Zone D,77.3,30.5,33.5,41.3,254.0,48.1,Numeric,0.0,False
1655,2026-05-23T20:00:00,2026-05-23 20:00:00,2026-05-23,20:00:00,Saturday,SN-D02,Zone D,78.9,28.61111111111111,33.5,41.3,254.0,42.1,Numeric,0.0,False
1656,2026-05-23T20:00:00,2026-05-23 20:00:00,2026-05-23,20:00:00,Saturday,SN-D03,Zone D,75.9,29.9,33.5,41.3,254.0,41.5,Numeric,0.0,False
1657,2026-05-24T00:00:00,2026-05-24 00:00:00,2026-05-24,00:00:00,Sunday,SN-A01,Zone A,71.1,23.2,28.3,59.5,0.0,75.8,Numeric,0.0,False
1658,2026-05-24T00:00:00,2026-05-24 00:00:00,2026-05-24,00:00:00,Sunday,SN-A02,Zone A,71.0,21.5,28.3,59.5,0.0,41.4,Numeric,0.0,False
1659,2026-05-24T00:00:00,2026-05-24 00:00:00,2026-05-24,00:00:00,Sunday,SN-A03,Zone A,70.8,22.7,28.3,59.5,0.0,41.0,Numeric,0.0,False
1660,2026-05-24T00:00:00,2026-05-24 00:00:00,2026-05-24,00:00:00,Sunday,SN-B01,Zone B,66.8,25.7,27.8,56.1,0.0,67.5,Numeric,0.0,False
1661,2026-05-24T00:00:00,2026-05-24 00:00:00,2026-05-24,00:00:00,Sunday,SN-B02,Zone B,67.1,24.5,27.8,56.1,0.0,70.0,Numeric,0.0,False
1662,2026-05-24T00:00:00,2026-05-24 00:00:00,2026-05-24,00:00:00,Sunday,SN-B03,Zone B,68.1,22.4,27.8,56.1,0.0,56.4,Numeric,0.0,False
1663,2026-05-24T00:00:00,2026-05-24 00:00:00,2026-05-24,00:00:00,Sunday,SN-C01,Zone C,44.8,22.4,26.2,55.9,72.0,41.2,Numeric,0.0,False
1664,2026-05-24T00:00:00,2026-05-24 00:00:00,2026-05-24,00:00:00,Sunday,SN-C02,Zone C,41.3,20.7,26.2,55.9,72.0,49.2,Numeric,0.0,False
1665,2026-05-24T00:00:00,2026-05-24 00:00:00,2026-05-24,00:00:00,Sunday,SN-C03,Zone C,42.9,,26.2,55.9,72.0,42.2,Numeric,0.0,False
1666,2026-05-24T00:00:00,2026-05-24 00:00:00,2026-05-24,00:00:00,Sunday,SN-D01,Zone D,76.2,24.555555555555557,28.000000000000004,53.7,170.0,46.8,Numeric,0.0,False
1667,,,,,,SN-D02,Zone D,,22.555555555555554,28.000000000000004,,170.0,40.9,Numeric,0.0,
1668,2026-05-24T00:00:00,2026-05-24 00:00:00,2026-05-24,00:00:00,Sunday,SN-D03,Zone D,71.5,23.6,28.0,53.7,170.0,40.7,Numeric,0.0,False
1669,2026-05-24T04:00:00,2026-05-24 04:00:00,2026-05-24,04:00:00,Sunday,SN-A01,Zone A,,25.0,27.0,57.2,0.0,74.5,Numeric,0.0,True
1670,2026-05-24T04:00:00,2026-05-24 04:00:00,2026-05-24,04:00:00,Sunday,SN-A02,Zone A,77.7,23.9,27.0,57.2,0.0,40.2,Numeric,0.0,True
1671,2026-05-24T04:00:00,2026-05-24 04:00:00,2026-05-24,04:00:00,Sunday,SN-A03,Zone A,73.3,23.2,27.0,57.2,0.0,39.8,Numeric,0.0,True
1672,2026-05-24T04:00:00,2026-05-24 04:00:00,2026-05-24,04:00:00,Sunday,SN-B01,Zone B,72.8,20.0,25.7,56.7,267.0,66.4,Numeric,0.0,True
1673,2026-05-24T04:00:00,2026-05-24 04:00:00,2026-05-24,04:00:00,Sunday,SN-B02,Zone B,71.0,20.8,25.7,56.7,267.0,68.9,Numeric,0.0,True
1674,2026-05-24T04:00:00,2026-05-24 04:00:00,2026-05-24,04:00:00,Sunday,SN-B03,Zone B,72.1,19.8,25.7,56.7,267.0,55.6,Numeric,0.0,True
1675,2026-05-24T04:00:00,2026-05-24 04:00:00,2026-05-24,04:00:00,Sunday,SN-C01,Zone C,48.0,21.5,25.3,62.5,0.0,40.4,Numeric,0.0,True
1676,2026-05-24T04:00:00,2026-05-24 04:00:00,2026-05-24,04:00:00,Sunday,SN-C02,Zone C,47.8,19.9,25.3,62.5,0.0,48.0,Numeric,0.0,True
1677,2026-05-24T04:00:00,2026-05-24 04:00:00,2026-05-24,04:00:00,Sunday,SN-C03,Zone C,46.1,22.3,25.3,62.5,0.0,41.4,Numeric,0.0,True
1678,2026-05-24T04:00:00,2026-05-24 04:00:00,2026-05-24,04:00:00,Sunday,SN-D01,Zone D,83.1,20.444444444444443,25.888888888888886,60.6,109.0,45.9,Numeric,0.0,True
1679,2026-05-24T04:00:00,2026-05-24 04:00:00,2026-05-24,04:00:00,Sunday,SN-D02,Zone D,84.3,22.055555555555557,25.888888888888886,60.6,109.0,39.7,Numeric,0.0,True
1680,2026-05-24T04:00:00,2026-05-24 04:00:00,2026-05-24,04:00:00,Sunday,SN-D03,Zone D,80.9,24.9,25.9,60.6,109.0,39.7,Numeric,0.0,True
1681,2026-05-24T08:00:00,2026-05-24 08:00:00,2026-05-24,08:00:00,Sunday,SN-A01,Zone A,72.9,25.8,32.2,42.0,26046.0,73.6,Numeric,0.0,False
1682,2026-05-24T08:00:00,2026-05-24 08:00:00,2026-05-24,08:00:00,Sunday,SN-A02,Zone A,76.3,,32.2,42.0,26046.0,39.0,Numeric,0.0,False
1683,2026-05-24T08:00:00,2026-05-24 08:00:00,2026-05-24,08:00:00,Sunday,SN-A03,Zone A,,28.0,32.2,42.0,26046.0,38.6,Numeric,0.0,False
1684,2026-05-24T08:00:00,2026-05-24 08:00:00,2026-05-24,08:00:00,Sunday,SN-B01,Zone B,69.1,27.2,31.3,45.1,31708.0,65.4,Numeric,0.0,False
1685,2026-05-24T08:00:00,2026-05-24 08:00:00,2026-05-24,08:00:00,Sunday,SN-B02,Zone B,69.3,27.1,31.3,45.1,31708.0,67.9,Numeric,0.0,False
1686,2026-05-24T08:00:00,2026-05-24 08:00:00,2026-05-24,08:00:00,Sunday,SN-B03,Zone B,,27.2,31.3,45.1,31708.0,54.6,Numeric,0.0,False
1687,2026-05-24T08:00:00,2026-05-24 08:00:00,2026-05-24,08:00:00,Sunday,SN-C01,Zone C,48.2,30.5,34.5,53.2,31205.0,39.2,Numeric,0.0,False
1688,2026-05-24T08:00:00,2026-05-24 08:00:00,2026-05-24,08:00:00,Sunday,SN-C02,Zone C,45.8,29.4,34.5,53.2,31205.0,46.8,Numeric,0.0,False
1689,2026-05-24T08:00:00,2026-05-24 08:00:00,2026-05-24,08:00:00,Sunday,SN-C03,Zone C,44.2,30.0,34.5,53.2,,,Non-Numeric,0.0,False
1690,2026-05-24T08:00:00,2026-05-24 08:00:00,2026-05-24,08:00:00,Sunday,SN-D01,Zone D,80.9,28.72222222222222,32.888888888888886,41.7,25905.0,,Non-Numeric,0.0,False
1691,2026-05-24T08:00:00,2026-05-24 08:00:00,2026-05-24,08:00:00,Sunday,SN-D02,Zone D,82.0,27.722222222222225,32.888888888888886,41.7,25905.0,38.8,Numeric,0.0,False
1692,2026-05-24T08:00:00,2026-05-24 08:00:00,2026-05-24,08:00:00,Sunday,SN-D03,Zone D,77.6,28.4,32.9,41.7,25905.0,38.6,Numeric,0.0,False
1693,2026-05-24T12:00:00,2026-05-24 12:00:00,2026-05-24,12:00:00,Sunday,SN-A01,Zone A,72.3,38.4,41.8,21.6,96714.0,72.6,Numeric,0.0,False
1694,2026-05-24T12:00:00,2026-05-24 12:00:00,2026-05-24,12:00:00,Sunday,SN-A02,Zone A,72.2,40.4,41.8,21.6,96714.0,38.2,Numeric,0.0,False
1695,2026-05-24T12:00:00,2026-05-24 12:00:00,2026-05-24,12:00:00,Sunday,SN-A03,Zone A,70.8,37.7,41.8,21.6,96714.0,37.7,Numeric,,False
1696,2026-05-24T12:00:00,2026-05-24 12:00:00,2026-05-24,12:00:00,Sunday,SN-B01,Zone B,68.5,40.1,44.3,21.9,83883.0,64.3,Numeric,0.0,False
1697,2026-05-24T12:00:00,2026-05-24 12:00:00,2026-05-24,12:00:00,Sunday,SN-B02,Zone B,68.4,38.9,44.3,21.9,83883.0,67.0,Numeric,0.0,False
1698,2026-05-24T12:00:00,2026-05-24 12:00:00,2026-05-24,12:00:00,Sunday,SN-B03,Zone B,69.9,43.3,44.3,21.9,83883.0,53.7,Numeric,0.0,False
1699,2026-05-24T12:00:00,2026-05-24 12:00:00,2026-05-24,12:00:00,Sunday,SN-C01,Zone C,42.3,38.6,41.6,,92105.0,38.1,Numeric,,False
1700,2026-05-24T12:00:00,2026-05-24 12:00:00,2026-05-24,12:00:00,Sunday,SN-C02,Zone C,42.1,35.4,41.6,,92105.0,45.9,Numeric,0.0,
1701,2026-05-24T12:00:00,2026-05-24 12:00:00,2026-05-24,12:00:00,Sunday,SN-C03,Zone C,41.8,38.9,41.6,24.5,92105.0,,Numeric,0.0,False
1702,2026-05-24T12:00:00,2026-05-24 12:00:00,2026-05-24,12:00:00,Sunday,SN-D01,Zone D,77.2,37.55555555555556,41.888888888888886,29.8,87470.0,43.6,Numeric,0.0,False
1703,2026-05-24T12:00:00,2026-05-24 12:00:00,2026-05-24,12:00:00,Sunday,SN-D02,Zone D,78.3,38.5,41.888888888888886,29.8,87470.0,37.8,Numeric,,False
1704,2026-05-24T12:00:00,2026-05-24 12:00:00,2026-05-24,12:00:00,Sunday,SN-D03,Zone D,80.4,37.3,41.9,,87470.0,37.7,Numeric,0.0,False
1705,2026-05-24T16:00:00,2026-05-24 16:00:00,2026-05-24,16:00:00,Sunday,SN-A01,Zone A,75.9,37.5,42.1,28.0,62242.0,71.3,Numeric,0.0,True
1706,2026-05-24T16:00:00,2026-05-24 16:00:00,2026-05-24,16:00:00,Sunday,SN-A02,Zone A,75.4,38.2,42.1,28.0,62242.0,37.1,Numeric,0.0,True
1707,2026-05-24T16:00:00,2026-05-24 16:00:00,2026-05-24,16:00:00,Sunday,SN-A03,Zone A,77.7,40.3,42.1,28.0,62242.0,36.8,Numeric,0.0,True
1708,2026-05-24T16:00:00,2026-05-24 16:00:00,2026-05-24,16:00:00,Sunday,SN-B01,Zone B,74.2,,40.7,32.2,63419.0,63.3,Numeric,0.0,True
1709,2026-05-24T16:00:00,2026-05-24 16:00:00,2026-05-24,16:00:00,Sunday,SN-B02,Zone B,71.4,36.9,40.7,32.2,63419.0,66.0,Numeric,0.0,True
1710,2026-05-24T16:00:00,2026-05-24 16:00:00,2026-05-24,16:00:00,Sunday,SN-B03,Zone B,74.4,35.0,40.7,32.2,63419.0,52.9,Numeric,0.0,True
1711,2026-05-24T16:00:00,2026-05-24 16:00:00,2026-05-24,16:00:00,Sunday,SN-C01,Zone C,48.0,37.4,41.7,28.4,51333.0,37.1,Numeric,,True
1712,2026-05-24T16:00:00,2026-05-24 16:00:00,2026-05-24,16:00:00,Sunday,SN-C02,Zone C,45.2,37.0,41.7,28.4,51333.0,44.7,Numeric,0.0,
1713,2026-05-24T16:00:00,2026-05-24 16:00:00,2026-05-24,16:00:00,Sunday,SN-C03,Zone C,46.8,35.3,41.7,28.4,51333.0,38.6,Numeric,0.0,True
1714,2026-05-24T16:00:00,2026-05-24 16:00:00,2026-05-24,16:00:00,Sunday,SN-D01,Zone D,81.1,38.27777777777778,40.05555555555556,28.8,52586.0,42.5,Numeric,0.0,True
1715,2026-05-24T16:00:00,2026-05-24 16:00:00,2026-05-24,16:00:00,Sunday,SN-D02,Zone D,82.9,36.55555555555556,40.05555555555556,28.8,52586.0,36.7,Numeric,0.0,True
1716,2026-05-24T16:00:00,2026-05-24 16:00:00,2026-05-24,16:00:00,Sunday,SN-D03,Zone D,79.4,36.3,40.0,28.8,52586.0,36.6,Numeric,0.0,True
1717,2026-05-24T20:00:00,2026-05-24 20:00:00,2026-05-24,20:00:00,Sunday,SN-A01,Zone A,72.6,30.5,35.6,35.5,482.0,,Non-Numeric,0.0,False
1718,,,,,,SN-A02,Zone A,75.3,31.2,35.6,35.5,482.0,36.0,Numeric,0.0,False
1719,2026-05-24T20:00:00,2026-05-24 20:00:00,2026-05-24,20:00:00,Sunday,SN-A03,Zone A,73.9,29.8,35.6,35.5,482.0,35.8,Numeric,0.0,False
1720,2026-05-24T20:00:00,2026-05-24 20:00:00,2026-05-24,20:00:00,Sunday,SN-B01,Zone B,68.0,28.9,,44.5,497.0,62.1,Numeric,0.0,False
1721,2026-05-24T20:00:00,2026-05-24 20:00:00,2026-05-24,20:00:00,Sunday,SN-B02,Zone B,71.8,28.6,33.8,44.5,497.0,64.8,Numeric,0.0,False
1722,2026-05-24T20:00:00,2026-05-24 20:00:00,2026-05-24,20:00:00,Sunday,SN-B03,Zone B,70.3,28.7,33.8,44.5,497.0,51.9,Numeric,,False
1723,2026-05-24T20:00:00,2026-05-24 20:00:00,2026-05-24,20:00:00,Sunday,SN-C01,Zone C,44.8,-40.0,34.7,41.8,243.0,36.1,Numeric,0.0,False
1724,2026-05-24T20:00:00,2026-05-24 20:00:00,2026-05-24,20:00:00,Sunday,SN-C02,Zone C,42.8,30.7,34.7,41.8,243.0,43.8,Numeric,0.0,False
1725,2026-05-24T20:00:00,2026-05-24 20:00:00,2026-05-24,20:00:00,Sunday,SN-C03,Zone C,46.1,32.1,34.7,,243.0,37.6,Numeric,0.0,False
1726,2026-05-24T20:00:00,2026-05-24 20:00:00,2026-05-24,20:00:00,Sunday,SN-D01,Zone D,77.5,28.055555555555557,33.111111111111114,45.2,634.0,41.7,Numeric,0.0,False
1727,2026-05-24T20:00:00,2026-05-24 20:00:00,2026-05-24,20:00:00,Sunday,SN-D02,Zone D,79.5,30.77777777777778,,45.2,634.0,35.6,Numeric,0.0,False
1728,2026-05-24T20:00:00,2026-05-24 20:00:00,2026-05-24,20:00:00,Sunday,SN-D03,Zone D,80.3,28.2,33.1,45.2,634.0,35.6,Numeric,0.0,False
1729,2026-05-25T00:00:00,2026-05-25 00:00:00,2026-05-25,00:00:00,Monday,SN-A01,Zone A,73.6,24.1,,63.0,382.0,69.1,Numeric,2.9,False
1730,2026-05-25T00:00:00,2026-05-25 00:00:00,2026-05-25,00:00:00,Monday,SN-A02,Zone A,77.4,22.5,,63.0,382.0,34.7,Numeric,2.9,False
1731,2026-05-25T00:00:00,2026-05-25 00:00:00,2026-05-25,00:00:00,Monday,SN-A03,Zone A,78.1,23.2,27.4,63.0,382.0,34.7,Numeric,2.9,False
1732,2026-05-25T00:00:00,2026-05-25 00:00:00,2026-05-25,00:00:00,Monday,SN-B01,Zone B,71.3,25.6,29.1,63.0,0.0,61.1,Numeric,5.4,False
1733,2026-05-25T00:00:00,2026-05-25 00:00:00,2026-05-25,00:00:00,Monday,SN-B02,Zone B,74.4,24.5,29.1,63.0,0.0,63.8,Numeric,5.4,False
1734,2026-05-25T00:00:00,2026-05-25 00:00:00,2026-05-25,00:00:00,Monday,SN-B03,Zone B,76.1,24.3,29.1,63.0,0.0,50.9,Numeric,5.4,False
1735,2026-05-25T00:00:00,2026-05-25 00:00:00,2026-05-25,00:00:00,Monday,SN-C01,Zone C,49.4,25.4,29.6,69.4,0.0,35.0,Numeric,6.4,False
1736,2026-05-25T00:00:00,2026-05-25 00:00:00,2026-05-25,00:00:00,Monday,SN-C02,Zone C,47.3,25.1,29.6,69.4,0.0,42.7,Numeric,6.4,
1737,2026-05-25T00:00:00,2026-05-25 00:00:00,2026-05-25,00:00:00,Monday,SN-C03,Zone C,48.8,25.3,29.6,69.4,0.0,36.4,Numeric,6.4,False
1738,2026-05-25T00:00:00,2026-05-25 00:00:00,2026-05-25,00:00:00,Monday,SN-D01,Zone D,84.3,23.77777777777778,27.77777777777778,65.4,74.0,40.4,Numeric,4.8,False
1739,2026-05-25T00:00:00,2026-05-25 00:00:00,2026-05-25,00:00:00,Monday,SN-D02,Zone D,83.0,23.88888888888889,27.77777777777778,65.4,74.0,34.3,Numeric,4.8,False
1740,,,,,,SN-D03,Zone D,82.3,23.5,27.8,65.4,74.0,34.7,Numeric,4.8,
1741,2026-05-25T04:00:00,2026-05-25 04:00:00,2026-05-25,04:00:00,Monday,SN-A01,Zone A,84.1,,28.2,70.4,0.0,68.2,Numeric,3.4,True
1742,2026-05-25T04:00:00,2026-05-25 04:00:00,2026-05-25,04:00:00,Monday,SN-A02,Zone A,82.4,21.7,28.2,70.4,0.0,33.5,Numeric,3.4,True
1743,2026-05-25T04:00:00,2026-05-25 04:00:00,2026-05-25,04:00:00,Monday,SN-A03,Zone A,82.0,22.9,28.2,70.4,0.0,33.7,Numeric,3.4,True
1744,2026-05-25T04:00:00,2026-05-25 04:00:00,2026-05-25,04:00:00,Monday,SN-B01,Zone B,79.7,23.4,,81.2,0.0,60.0,Numeric,3.1,True
1745,2026-05-25T04:00:00,2026-05-25 04:00:00,2026-05-25,04:00:00,Monday,SN-B02,Zone B,80.5,,28.1,81.2,0.0,62.6,Numeric,3.1,True
1746,2026-05-25T04:00:00,2026-05-25 04:00:00,2026-05-25,04:00:00,Monday,SN-B03,Zone B,78.5,25.3,28.1,81.2,0.0,49.9,Numeric,3.1,True
1747,2026-05-25T04:00:00,2026-05-25 04:00:00,2026-05-25,04:00:00,Monday,SN-C01,Zone C,54.1,22.8,26.7,62.2,0.0,33.9,Numeric,8.5,True
1748,2026-05-25T04:00:00,2026-05-25 04:00:00,2026-05-25,04:00:00,Monday,SN-C02,Zone C,,22.7,26.7,62.2,0.0,41.9,Numeric,8.5,
1749,2026-05-25T04:00:00,2026-05-25 04:00:00,2026-05-25,04:00:00,Monday,SN-C03,Zone C,52.2,21.7,26.7,62.2,0.0,,Numeric,8.5,True
1750,2026-05-25T04:00:00,2026-05-25 04:00:00,2026-05-25,04:00:00,Monday,SN-D01,Zone D,89.6,20.611111111111107,27.444444444444446,70.8,0.0,,Non-Numeric,1.6,True
1751,,,,,,SN-D02,Zone D,91.0,24.111111111111114,27.444444444444446,70.8,0.0,33.4,Numeric,1.6,True
1752,2026-05-25T04:00:00,2026-05-25 04:00:00,2026-05-25,04:00:00,Monday,SN-D03,Zone D,,25.5,27.4,70.8,0.0,33.9,Numeric,1.6,True
1753,2026-05-25T08:00:00,2026-05-25 08:00:00,2026-05-25,08:00:00,Monday,SN-A01,Zone A,86.6,30.0,32.2,61.5,31676.0,67.1,Numeric,7.1,False
1754,2026-05-25T08:00:00,2026-05-25 08:00:00,2026-05-25,08:00:00,Monday,SN-A02,Zone A,,,,,,,Numeric,,
1755,2026-05-25T08:00:00,2026-05-25 08:00:00,2026-05-25,08:00:00,Monday,SN-A03,Zone A,88.5,31.4,32.2,61.5,31676.0,32.6,Numeric,7.1,
1756,2026-05-25T08:00:00,2026-05-25 08:00:00,2026-05-25,08:00:00,Monday,SN-B01,Zone B,,31.2,,54.7,27184.0,58.8,Numeric,,False
1757,2026-05-25T08:00:00,2026-05-25 08:00:00,2026-05-25,08:00:00,Monday,SN-B02,Zone B,85.2,32.3,34.8,54.7,27184.0,61.6,Numeric,2.0,False
1758,2026-05-25T08:00:00,2026-05-25 08:00:00,2026-05-25,08:00:00,Monday,SN-B03,Zone B,84.6,30.4,34.8,54.7,27184.0,49.0,Numeric,2.0,False
1759,2026-05-25T08:00:00,2026-05-25 08:00:00,2026-05-25,08:00:00,Monday,SN-C01,Zone C,59.8,27.1,30.5,56.2,31766.0,33.1,Numeric,7.4,
1760,2026-05-25T08:00:00,2026-05-25 08:00:00,2026-05-25,08:00:00,Monday,SN-C02,Zone C,58.4,25.4,30.5,56.2,31766.0,41.0,Numeric,7.4,False
1761,2026-05-25T08:00:00,2026-05-25 08:00:00,2026-05-25,08:00:00,Monday,SN-C03,Zone C,55.7,23.0,30.5,56.2,31766.0,34.5,Numeric,7.4,False
1762,2026-05-25T08:00:00,2026-05-25 08:00:00,2026-05-25,08:00:00,Monday,SN-D01,Zone D,92.9,29.555555555555557,32.888888888888886,63.4,25585.0,38.5,Numeric,7.5,False
1763,2026-05-25T08:00:00,2026-05-25 08:00:00,2026-05-25,08:00:00,Monday,SN-D02,Zone D,93.0,27.444444444444446,32.888888888888886,63.4,25585.0,32.3,Numeric,7.5,False
1764,2026-05-25T08:00:00,2026-05-25 08:00:00,2026-05-25,08:00:00,Monday,SN-D03,Zone D,95.9,30.2,32.9,63.4,25585.0,33.0,Numeric,7.5,False
1765,2026-05-25T12:00:00,2026-05-25 12:00:00,2026-05-25,12:00:00,Monday,SN-A01,Zone A,91.9,37.2,40.3,30.4,108217.0,65.9,Numeric,8.3,False
1766,2026-05-25T12:00:00,2026-05-25 12:00:00,2026-05-25,12:00:00,Monday,SN-A02,Zone A,88.1,35.8,40.3,30.4,108217.0,31.3,Numeric,8.3,False
1767,2026-05-25T12:00:00,2026-05-25 12:00:00,2026-05-25,12:00:00,Monday,SN-A03,Zone A,89.9,36.5,40.3,30.4,108217.0,31.7,Numeric,8.3,False
1768,2026-05-25T12:00:00,2026-05-25 12:00:00,2026-05-25,12:00:00,Monday,SN-B01,Zone B,84.4,36.9,41.2,27.6,104367.0,58.0,Numeric,5.0,False
1769,2026-05-25T12:00:00,2026-05-25 12:00:00,2026-05-25,12:00:00,Monday,SN-B02,Zone B,90.3,36.8,41.2,27.6,104367.0,60.4,Numeric,5.0,False
1770,2026-05-25T12:00:00,2026-05-25 12:00:00,2026-05-25,12:00:00,Monday,SN-B03,Zone B,90.7,36.9,41.2,27.6,104367.0,47.8,Numeric,5.0,False
1771,2026-05-25T12:00:00,2026-05-25 12:00:00,2026-05-25,12:00:00,Monday,SN-C01,Zone C,60.8,36.3,40.3,30.3,88444.0,31.9,Numeric,7.1,False
1772,2026-05-25T12:00:00,2026-05-25 12:00:00,2026-05-25,12:00:00,Monday,SN-C02,Zone C,59.9,36.2,40.3,30.3,88444.0,39.8,Numeric,7.1,False
1773,2026-05-25T12:00:00,2026-05-25 12:00:00,2026-05-25,12:00:00,Monday,SN-C03,Zone C,58.7,37.1,40.3,30.3,88444.0,33.7,Numeric,,
1774,2026-05-25T12:00:00,2026-05-25 12:00:00,2026-05-25,12:00:00,Monday,SN-D01,Zone D,97.3,37.111111111111114,41.666666666666664,36.9,87633.0,37.4,Numeric,,False
1775,2026-05-25T12:00:00,2026-05-25 12:00:00,2026-05-25,12:00:00,Monday,SN-D02,Zone D,91.9,38.166666666666664,41.666666666666664,36.9,87633.0,31.2,Numeric,5.2,False
1776,2026-05-25T12:00:00,2026-05-25 12:00:00,2026-05-25,12:00:00,Monday,SN-D03,Zone D,98.8,-40.0,41.7,36.9,,31.9,Numeric,,False
1777,2026-05-25T16:00:00,2026-05-25 16:00:00,2026-05-25,16:00:00,Monday,SN-A01,Zone A,88.8,40.5,43.2,36.6,52766.0,65.0,Numeric,4.7,True
1778,2026-05-25T16:00:00,2026-05-25 16:00:00,2026-05-25,16:00:00,Monday,SN-A02,Zone A,89.6,40.5,43.2,,52766.0,30.0,Numeric,4.7,True
1779,2026-05-25T16:00:00,2026-05-25 16:00:00,2026-05-25,16:00:00,Monday,SN-A03,Zone A,89.0,38.8,43.2,36.6,52766.0,30.7,Numeric,4.7,True
1780,2026-05-25T16:00:00,2026-05-25 16:00:00,2026-05-25,16:00:00,Monday,SN-B01,Zone B,81.5,38.4,,38.0,62363.0,57.0,Numeric,7.4,True
1781,2026-05-25T16:00:00,2026-05-25 16:00:00,2026-05-25,16:00:00,Monday,SN-B02,Zone B,83.4,39.5,42.6,38.0,62363.0,59.3,Numeric,7.4,True
1782,2026-05-25T16:00:00,2026-05-25 16:00:00,2026-05-25,16:00:00,Monday,SN-B03,Zone B,86.6,38.2,42.6,38.0,62363.0,46.5,Numeric,7.4,True
1783,,,,,,SN-C01,Zone C,60.7,34.6,41.5,36.5,61194.0,31.0,Numeric,8.7,True
1784,2026-05-25T16:00:00,2026-05-25 16:00:00,2026-05-25,16:00:00,Monday,SN-C02,Zone C,56.8,36.6,41.5,36.5,61194.0,38.6,Numeric,8.7,True
1785,2026-05-25T16:00:00,2026-05-25 16:00:00,2026-05-25,16:00:00,Monday,SN-C03,Zone C,57.5,36.7,41.5,36.5,61194.0,32.4,Numeric,8.7,True
1786,2026-05-25T16:00:00,2026-05-25 16:00:00,2026-05-25,16:00:00,Monday,SN-D01,Zone D,92.1,39.111111111111114,42.0,35.5,,36.6,Numeric,,True
1787,2026-05-25T16:00:00,2026-05-25 16:00:00,2026-05-25,16:00:00,Monday,SN-D02,Zone D,94.4,38.666666666666664,42.0,,60916.0,30.1,Numeric,1.8,True
1788,2026-05-25T16:00:00,2026-05-25 16:00:00,2026-05-25,16:00:00,Monday,SN-D03,Zone D,92.3,34.8,42.0,35.5,60916.0,31.0,Numeric,1.8,True
1789,2026-05-25T20:00:00,2026-05-25 20:00:00,2026-05-25,20:00:00,Monday,SN-A01,Zone A,91.5,,34.8,50.8,130.0,64.2,Numeric,,False
1790,2026-05-25T20:00:00,2026-05-25 20:00:00,2026-05-25,20:00:00,Monday,SN-A02,Zone A,95.8,30.2,34.8,50.8,130.0,28.9,Numeric,8.5,False
1791,2026-05-25T20:00:00,2026-05-25 20:00:00,2026-05-25,20:00:00,Monday,SN-A03,Zone A,88.9,31.5,34.8,50.8,130.0,29.7,Numeric,8.5,False
1792,2026-05-25T20:00:00,2026-05-25 20:00:00,2026-05-25,20:00:00,Monday,SN-B01,Zone B,87.8,31.8,35.9,46.2,332.0,56.1,Numeric,5.9,False
1793,2026-05-25T20:00:00,2026-05-25 20:00:00,2026-05-25,20:00:00,Monday,SN-B02,Zone B,85.2,31.4,35.9,46.2,,58.3,Numeric,5.9,False
1794,2026-05-25T20:00:00,2026-05-25 20:00:00,2026-05-25,20:00:00,Monday,SN-B03,Zone B,87.2,32.5,35.9,46.2,332.0,45.3,Numeric,5.9,False
1795,2026-05-25T20:00:00,2026-05-25 20:00:00,2026-05-25,20:00:00,Monday,SN-C01,Zone C,60.7,31.5,36.1,,557.0,30.1,Numeric,4.1,False
1796,2026-05-25T20:00:00,2026-05-25 20:00:00,2026-05-25,20:00:00,Monday,SN-C02,Zone C,56.6,31.2,36.1,47.8,557.0,37.4,Numeric,4.1,False
1797,2026-05-25T20:00:00,2026-05-25 20:00:00,2026-05-25,20:00:00,Monday,SN-C03,Zone C,61.3,33.8,36.1,47.8,,31.4,Numeric,4.1,False
1798,2026-05-25T20:00:00,2026-05-25 20:00:00,2026-05-25,20:00:00,Monday,SN-D01,Zone D,94.7,29.0,33.666666666666664,54.7,386.0,35.5,Numeric,1.6,False
1799,2026-05-25T20:00:00,2026-05-25 20:00:00,2026-05-25,20:00:00,Monday,SN-D02,Zone D,97.2,30.166666666666668,33.666666666666664,,386.0,29.1,Numeric,1.6,False
1800,2026-05-25T20:00:00,2026-05-25 20:00:00,2026-05-25,20:00:00,Monday,SN-D03,Zone D,97.1,30.0,33.7,54.7,386.0,29.8,Numeric,1.6,False
1801,2026-05-26T00:00:00,2026-05-26 00:00:00,2026-05-26,00:00:00,Tuesday,SN-A01,Zone A,92.7,22.5,-40.0,55.7,366.0,63.4,Numeric,0.0,False
1802,2026-05-26T00:00:00,2026-05-26 00:00:00,2026-05-26,00:00:00,Tuesday,SN-A02,Zone A,93.3,24.5,26.3,55.7,366.0,27.6,Numeric,0.0,
1803,2026-05-26T00:00:00,2026-05-26 00:00:00,2026-05-26,00:00:00,Tuesday,SN-A03,Zone A,,22.1,26.3,55.7,366.0,28.8,Numeric,0.0,False
1804,2026-05-26T00:00:00,2026-05-26 00:00:00,2026-05-26,00:00:00,Tuesday,SN-B01,Zone B,84.8,24.4,28.6,56.8,0.0,55.0,Numeric,0.0,False
1805,2026-05-26T00:00:00,2026-05-26 00:00:00,2026-05-26,00:00:00,Tuesday,SN-B02,Zone B,,25.2,28.6,56.8,0.0,57.3,Numeric,,False
1806,2026-05-26T00:00:00,2026-05-26 00:00:00,2026-05-26,00:00:00,Tuesday,SN-B03,Zone B,82.9,24.8,28.6,56.8,0.0,44.4,Numeric,0.0,False
1807,2026-05-26T00:00:00,2026-05-26 00:00:00,2026-05-26,00:00:00,Tuesday,SN-C01,Zone C,58.4,24.1,26.8,50.3,18.0,29.2,Numeric,0.0,False
1808,2026-05-26T00:00:00,2026-05-26 00:00:00,2026-05-26,00:00:00,Tuesday,SN-C02,Zone C,57.2,21.1,26.8,50.3,18.0,36.2,Numeric,0.0,False
1809,2026-05-26T00:00:00,2026-05-26 00:00:00,2026-05-26,00:00:00,Tuesday,SN-C03,Zone C,55.2,23.0,26.8,50.3,18.0,30.4,Numeric,0.0,False
1810,2026-05-26T00:00:00,2026-05-26 00:00:00,2026-05-26,00:00:00,Tuesday,SN-D01,Zone D,95.4,20.888888888888886,27.77777777777778,57.6,542.0,34.3,Numeric,0.0,False
1811,2026-05-26T00:00:00,2026-05-26 00:00:00,2026-05-26,00:00:00,Tuesday,SN-D02,Zone D,95.2,23.277777777777782,27.77777777777778,57.6,,27.9,Numeric,0.0,False
1812,2026-05-26T00:00:00,2026-05-26 00:00:00,2026-05-26,00:00:00,Tuesday,SN-D03,Zone D,94.4,22.2,27.8,57.6,542.0,28.6,Numeric,0.0,False
1813,2026-05-26T04:00:00,2026-05-26 04:00:00,2026-05-26,04:00:00,Tuesday,SN-A01,Zone A,82.6,23.8,27.3,63.7,81.0,62.5,Numeric,0.0,True
1814,2026-05-26T04:00:00,2026-05-26 04:00:00,2026-05-26,04:00:00,Tuesday,SN-A02,Zone A,86.2,22.5,27.3,63.7,81.0,26.7,Numeric,0.0,True
1815,2026-05-26T04:00:00,2026-05-26 04:00:00,2026-05-26,04:00:00,Tuesday,SN-A03,Zone A,84.7,25.2,27.3,,81.0,27.7,Numeric,0.0,True
1816,2026-05-26T04:00:00,2026-05-26 04:00:00,2026-05-26,04:00:00,Tuesday,SN-B01,Zone B,76.3,25.3,26.5,63.2,0.0,53.9,Numeric,0.0,True
1817,2026-05-26T04:00:00,2026-05-26 04:00:00,2026-05-26,04:00:00,Tuesday,SN-B02,Zone B,78.9,23.1,26.5,63.2,0.0,56.3,Numeric,0.0,True
1818,2026-05-26T04:00:00,2026-05-26 04:00:00,2026-05-26,04:00:00,Tuesday,SN-B03,Zone B,76.8,150.0,26.5,63.2,0.0,43.4,Numeric,0.0,True
1819,2026-05-26T04:00:00,2026-05-26 04:00:00,2026-05-26,04:00:00,Tuesday,SN-C01,Zone C,55.0,26.7,28.4,59.5,0.0,28.3,Numeric,0.0,True
1820,2026-05-26T04:00:00,2026-05-26 04:00:00,2026-05-26,04:00:00,Tuesday,SN-C02,Zone C,51.4,25.4,28.4,59.5,0.0,34.9,Numeric,0.0,True
1821,,,,,,SN-C03,Zone C,57.0,24.9,28.4,59.5,0.0,29.6,Numeric,0.0,True
1822,2026-05-26T04:00:00,2026-05-26 04:00:00,2026-05-26,04:00:00,Tuesday,SN-D01,Zone D,87.7,24.72222222222222,27.83333333333333,60.3,0.0,33.1,Numeric,0.0,True
1823,2026-05-26T04:00:00,2026-05-26 04:00:00,2026-05-26,04:00:00,Tuesday,SN-D02,Zone D,87.8,23.77777777777778,27.83333333333333,60.3,0.0,27.1,Numeric,0.0,True
1824,2026-05-26T04:00:00,2026-05-26 04:00:00,2026-05-26,04:00:00,Tuesday,SN-D03,Zone D,87.4,22.2,27.9,60.3,0.0,27.3,Numeric,,True
1825,2026-05-26T08:00:00,2026-05-26 08:00:00,2026-05-26,08:00:00,Tuesday,SN-A01,Zone A,79.2,30.7,34.7,44.6,29930.0,61.5,Numeric,0.0,False
1826,2026-05-26T08:00:00,2026-05-26 08:00:00,2026-05-26,08:00:00,Tuesday,SN-A02,Zone A,83.1,30.5,34.7,44.6,29930.0,25.8,Numeric,0.0,False
1827,2026-05-26T08:00:00,2026-05-26 08:00:00,2026-05-26,08:00:00,Tuesday,SN-A03,Zone A,81.4,31.7,34.7,44.6,29930.0,26.5,Numeric,0.0,False
1828,2026-05-26T08:00:00,2026-05-26 08:00:00,2026-05-26,08:00:00,Tuesday,SN-B01,Zone B,76.9,30.3,32.4,42.1,30487.0,53.1,Numeric,0.0,False
1829,2026-05-26T08:00:00,2026-05-26 08:00:00,2026-05-26,08:00:00,Tuesday,SN-B02,Zone B,75.8,28.8,32.4,42.1,30487.0,55.2,Numeric,0.0,False
1830,2026-05-26T08:00:00,2026-05-26 08:00:00,2026-05-26,08:00:00,Tuesday,SN-B03,Zone B,72.9,29.6,32.4,42.1,30487.0,42.5,Numeric,0.0,False
1831,,,,,,SN-C01,Zone C,49.7,28.4,32.2,42.1,26196.0,27.3,Numeric,,False
1832,2026-05-26T08:00:00,2026-05-26 08:00:00,2026-05-26,08:00:00,Tuesday,SN-C02,Zone C,50.7,27.3,32.2,42.1,26196.0,33.6,Numeric,0.0,False
1833,2026-05-26T08:00:00,2026-05-26 08:00:00,2026-05-26,08:00:00,Tuesday,SN-C03,Zone C,50.9,29.0,32.2,42.1,26196.0,28.7,Numeric,0.0,False
1834,2026-05-26T08:00:00,2026-05-26 08:00:00,2026-05-26,08:00:00,Tuesday,SN-D01,Zone D,83.6,26.833333333333332,32.44444444444444,45.9,26939.0,32.1,Numeric,0.0,False
1835,2026-05-26T08:00:00,2026-05-26 08:00:00,2026-05-26,08:00:00,Tuesday,SN-D02,Zone D,86.2,28.444444444444443,32.44444444444444,,26939.0,25.8,Numeric,0.0,False
1836,2026-05-26T08:00:00,2026-05-26 08:00:00,2026-05-26,08:00:00,Tuesday,SN-D03,Zone D,83.9,28.6,32.4,,26939.0,26.4,Numeric,,False
1837,2026-05-26T12:00:00,2026-05-26 12:00:00,2026-05-26,12:00:00,Tuesday,SN-A01,Zone A,78.0,37.7,41.8,21.5,109011.0,60.3,Numeric,0.0,False
1838,2026-05-26T12:00:00,2026-05-26 12:00:00,2026-05-26,12:00:00,Tuesday,SN-A02,Zone A,82.1,36.7,41.8,21.5,109011.0,24.9,Numeric,0.0,False
1839,2026-05-26T12:00:00,2026-05-26 12:00:00,2026-05-26,12:00:00,Tuesday,SN-A03,Zone A,78.8,38.1,41.8,21.5,109011.0,25.4,Numeric,0.0,False
1840,2026-05-26T12:00:00,2026-05-26 12:00:00,2026-05-26,12:00:00,Tuesday,SN-B01,Zone B,73.6,39.1,43.2,25.5,,52.3,Numeric,0.0,False
1841,2026-05-26T12:00:00,2026-05-26 12:00:00,2026-05-26,12:00:00,Tuesday,SN-B02,Zone B,73.7,38.6,43.2,25.5,89450.0,54.2,Numeric,0.0,False
1842,2026-05-26T12:00:00,2026-05-26 12:00:00,2026-05-26,12:00:00,Tuesday,SN-B03,Zone B,70.1,38.2,43.2,25.5,89450.0,41.4,Numeric,0.0,False
1843,2026-05-26T12:00:00,2026-05-26 12:00:00,2026-05-26,12:00:00,Tuesday,SN-C01,Zone C,,35.4,41.4,25.1,82272.0,26.3,Numeric,0.0,False
1844,2026-05-26T12:00:00,2026-05-26 12:00:00,2026-05-26,12:00:00,Tuesday,SN-C02,Zone C,46.7,36.9,41.4,25.1,82272.0,32.5,Numeric,0.0,False
1845,,,,,,SN-C03,Zone C,49.0,36.7,41.4,25.1,82272.0,27.8,Numeric,0.0,False
1846,2026-05-26T12:00:00,2026-05-26 12:00:00,2026-05-26,12:00:00,Tuesday,SN-D01,Zone D,83.2,37.833333333333336,42.388888888888886,30.3,100720.0,31.3,Numeric,0.0,False
1847,2026-05-26T12:00:00,2026-05-26 12:00:00,2026-05-26,12:00:00,Tuesday,SN-D02,Zone D,83.6,38.0,42.388888888888886,30.3,100720.0,24.7,Numeric,0.0,False
1848,2026-05-26T12:00:00,2026-05-26 12:00:00,2026-05-26,12:00:00,Tuesday,SN-D03,Zone D,85.1,38.2,42.4,30.3,100720.0,25.1,Numeric,0.0,False
1849,2026-05-26T16:00:00,2026-05-26 16:00:00,2026-05-26,16:00:00,Tuesday,SN-A01,Zone A,77.4,38.9,41.8,28.2,66930.0,59.0,Numeric,0.0,True
1850,2026-05-26T16:00:00,2026-05-26 16:00:00,2026-05-26,16:00:00,Tuesday,SN-A02,Zone A,78.4,37.5,41.8,28.2,66930.0,23.7,Numeric,0.0,True
1851,2026-05-26T16:00:00,2026-05-26 16:00:00,2026-05-26,16:00:00,Tuesday,SN-A03,Zone A,77.3,36.3,41.8,28.2,66930.0,24.1,Numeric,0.0,True
1852,2026-05-26T16:00:00,2026-05-26 16:00:00,2026-05-26,16:00:00,Tuesday,SN-B01,Zone B,73.6,38.6,42.3,31.4,68536.0,,Non-Numeric,0.0,True
1853,2026-05-26T16:00:00,2026-05-26 16:00:00,2026-05-26,16:00:00,Tuesday,SN-B02,Zone B,73.3,39.2,42.3,31.4,68536.0,53.4,Numeric,0.0,True
1854,2026-05-26T16:00:00,2026-05-26 16:00:00,2026-05-26,16:00:00,Tuesday,SN-B03,Zone B,72.6,38.3,42.3,31.4,68536.0,40.2,Numeric,0.0,True
1855,2026-05-26T16:00:00,2026-05-26 16:00:00,2026-05-26,16:00:00,Tuesday,SN-C01,Zone C,49.1,38.8,40.6,34.1,57714.0,25.0,Numeric,0.0,True
1856,2026-05-26T16:00:00,2026-05-26 16:00:00,2026-05-26,16:00:00,Tuesday,SN-C02,Zone C,47.4,35.0,40.6,34.1,57714.0,31.5,Numeric,0.0,
1857,2026-05-26T16:00:00,2026-05-26 16:00:00,2026-05-26,16:00:00,Tuesday,SN-C03,Zone C,49.4,37.1,40.6,34.1,57714.0,26.9,Numeric,0.0,True
1858,2026-05-26T16:00:00,2026-05-26 16:00:00,2026-05-26,16:00:00,Tuesday,SN-D01,Zone D,82.2,36.0,40.94444444444444,33.7,67855.0,30.0,Numeric,0.0,True
1859,2026-05-26T16:00:00,2026-05-26 16:00:00,2026-05-26,16:00:00,Tuesday,SN-D02,Zone D,,37.94444444444444,40.94444444444444,33.7,67855.0,23.5,Numeric,0.0,True
1860,2026-05-26T16:00:00,2026-05-26 16:00:00,2026-05-26,16:00:00,Tuesday,SN-D03,Zone D,83.0,35.7,41.0,33.7,67855.0,24.0,Numeric,0.0,True
1861,2026-05-26T20:00:00,2026-05-26 20:00:00,2026-05-26,20:00:00,Tuesday,SN-A01,Zone A,74.0,29.2,34.2,36.6,598.0,57.9,Numeric,0.0,False
1862,,,,,,SN-A02,Zone A,75.6,,,36.6,598.0,22.6,Numeric,0.0,False
1863,2026-05-26T20:00:00,2026-05-26 20:00:00,2026-05-26,20:00:00,Tuesday,SN-A03,Zone A,73.0,31.4,34.2,36.6,598.0,23.1,Numeric,0.0,False
1864,2026-05-26T20:00:00,2026-05-26 20:00:00,2026-05-26,20:00:00,Tuesday,SN-B01,Zone B,71.0,31.7,35.2,,455.0,50.5,Numeric,0.0,False
1865,2026-05-26T20:00:00,2026-05-26 20:00:00,2026-05-26,20:00:00,Tuesday,SN-B02,Zone B,,31.7,35.2,45.1,455.0,52.5,Numeric,0.0,False
1866,2026-05-26T20:00:00,2026-05-26 20:00:00,2026-05-26,20:00:00,Tuesday,SN-B03,Zone B,67.9,32.1,35.2,45.1,455.0,39.2,Numeric,0.0,False
1867,2026-05-26T20:00:00,2026-05-26 20:00:00,2026-05-26,20:00:00,Tuesday,SN-C01,Zone C,45.8,30.5,34.2,39.9,919.0,24.0,Numeric,0.0,False
1868,2026-05-26T20:00:00,2026-05-26 20:00:00,2026-05-26,20:00:00,Tuesday,SN-C02,Zone C,44.5,28.7,34.2,39.9,919.0,30.4,Numeric,0.0,False
1869,2026-05-26T20:00:00,2026-05-26 20:00:00,2026-05-26,20:00:00,Tuesday,SN-C03,Zone C,49.4,28.4,34.2,39.9,919.0,25.7,Numeric,0.0,False
1870,2026-05-26T20:00:00,2026-05-26 20:00:00,2026-05-26,20:00:00,Tuesday,SN-D01,Zone D,81.1,31.333333333333332,34.111111111111114,39.0,410.0,28.8,Numeric,0.0,False
1871,2026-05-26T20:00:00,2026-05-26 20:00:00,2026-05-26,20:00:00,Tuesday,SN-D02,Zone D,82.8,30.88888888888889,34.111111111111114,39.0,410.0,,Non-Numeric,0.0,False
1872,2026-05-26T20:00:00,2026-05-26 20:00:00,2026-05-26,20:00:00,Tuesday,SN-D03,Zone D,84.2,29.7,34.1,39.0,410.0,22.8,Numeric,0.0,False
1873,2026-05-27T00:00:00,2026-05-27 00:00:00,2026-05-27,00:00:00,Wednesday,SN-A01,Zone A,,,27.6,58.1,0.0,56.9,Numeric,0.0,False
1874,2026-05-27T00:00:00,2026-05-27 00:00:00,2026-05-27,00:00:00,Wednesday,SN-A02,Zone A,73.7,25.2,27.6,58.1,0.0,21.3,Numeric,0.0,False
1875,2026-05-27T00:00:00,2026-05-27 00:00:00,2026-05-27,00:00:00,Wednesday,SN-A03,Zone A,76.2,24.6,27.6,58.1,0.0,22.2,Numeric,0.0,False
1876,2026-05-27T00:00:00,2026-05-27 00:00:00,2026-05-27,00:00:00,Wednesday,SN-B01,Zone B,68.9,25.2,29.8,61.2,56.0,49.3,Numeric,0.0,False
1877,2026-05-27T00:00:00,2026-05-27 00:00:00,2026-05-27,00:00:00,Wednesday,SN-B02,Zone B,68.6,,29.8,61.2,56.0,51.3,Numeric,0.0,
1878,2026-05-27T00:00:00,2026-05-27 00:00:00,2026-05-27,00:00:00,Wednesday,SN-B03,Zone B,67.6,26.0,29.8,61.2,56.0,38.0,Numeric,0.0,False
1879,,,,,,SN-C01,Zone C,44.9,23.5,28.6,57.0,0.0,23.0,Numeric,0.0,False
1880,2026-05-27T00:00:00,2026-05-27 00:00:00,2026-05-27,00:00:00,Wednesday,SN-C02,Zone C,43.3,25.3,999.0,57.0,0.0,29.3,Numeric,0.0,False
1881,2026-05-27T00:00:00,2026-05-27 00:00:00,2026-05-27,00:00:00,Wednesday,SN-C03,Zone C,44.9,24.6,28.6,57.0,0.0,24.9,Numeric,0.0,False
1882,2026-05-27T00:00:00,2026-05-27 00:00:00,2026-05-27,00:00:00,Wednesday,SN-D01,Zone D,77.4,22.055555555555557,27.666666666666668,53.3,7.0,27.9,Numeric,0.0,False
1883,2026-05-27T00:00:00,2026-05-27 00:00:00,2026-05-27,00:00:00,Wednesday,SN-D02,Zone D,78.8,23.111111111111107,,53.3,7.0,21.2,Numeric,0.0,False
1884,2026-05-27T00:00:00,2026-05-27 00:00:00,2026-05-27,00:00:00,Wednesday,SN-D03,Zone D,80.1,23.7,27.7,53.3,7.0,21.7,Numeric,0.0,False
1885,2026-05-27T04:00:00,2026-05-27 04:00:00,2026-05-27,04:00:00,Wednesday,SN-A01,Zone A,76.6,22.2,,,7.0,55.8,Numeric,0.0,True
1886,2026-05-27T04:00:00,2026-05-27 04:00:00,2026-05-27,04:00:00,Wednesday,SN-A02,Zone A,,23.8,27.7,55.4,7.0,20.5,Numeric,,True
1887,2026-05-27T04:00:00,2026-05-27 04:00:00,2026-05-27,04:00:00,Wednesday,SN-A03,Zone A,75.0,25.6,27.7,55.4,7.0,21.3,Numeric,,True
1888,2026-05-27T04:00:00,2026-05-27 04:00:00,2026-05-27,04:00:00,Wednesday,SN-B01,Zone B,72.5,19.7,24.9,58.9,0.0,48.1,Numeric,0.0,True
1889,2026-05-27T04:00:00,2026-05-27 04:00:00,2026-05-27,04:00:00,Wednesday,SN-B02,Zone B,72.4,24.0,24.9,58.9,0.0,50.0,Numeric,0.0,True
1890,2026-05-27T04:00:00,2026-05-27 04:00:00,2026-05-27,04:00:00,Wednesday,SN-B03,Zone B,72.7,20.4,24.9,58.9,0.0,37.2,Numeric,0.0,True
1891,2026-05-27T04:00:00,2026-05-27 04:00:00,2026-05-27,04:00:00,Wednesday,SN-C01,Zone C,46.0,23.5,26.6,65.3,0.0,,Non-Numeric,0.0,True
1892,2026-05-27T04:00:00,2026-05-27 04:00:00,2026-05-27,04:00:00,Wednesday,SN-C02,Zone C,45.3,23.7,26.6,65.3,0.0,28.2,Numeric,0.0,
1893,2026-05-27T04:00:00,2026-05-27 04:00:00,2026-05-27,04:00:00,Wednesday,SN-C03,Zone C,48.7,24.6,26.6,65.3,0.0,24.0,Numeric,0.0,True
1894,,,,,,SN-D01,Zone D,83.1,23.61111111111111,-40.0,57.6,0.0,27.0,Numeric,0.0,True
1895,2026-05-27T04:00:00,2026-05-27 04:00:00,2026-05-27,04:00:00,Wednesday,SN-D02,Zone D,81.7,21.444444444444443,26.77777777777778,57.6,0.0,20.0,Numeric,0.0,True
1896,2026-05-27T04:00:00,2026-05-27 04:00:00,2026-05-27,04:00:00,Wednesday,SN-D03,Zone D,80.8,23.7,26.8,57.6,0.0,20.4,Numeric,0.0,True
1897,2026-05-27T08:00:00,2026-05-27 08:00:00,2026-05-27,08:00:00,Wednesday,SN-A01,Zone A,75.4,29.2,33.3,51.7,,54.8,Numeric,,False
1898,2026-05-27T08:00:00,2026-05-27 08:00:00,2026-05-27,08:00:00,Wednesday,SN-A02,Zone A,74.2,28.2,33.3,51.7,24509.0,19.5,Numeric,0.0,False
1899,2026-05-27T08:00:00,2026-05-27 08:00:00,2026-05-27,08:00:00,Wednesday,SN-A03,Zone A,75.2,27.9,33.3,51.7,24509.0,20.1,Numeric,0.0,False
1900,2026-05-27T08:00:00,2026-05-27 08:00:00,2026-05-27,08:00:00,Wednesday,SN-B01,Zone B,66.9,28.5,,38.5,28759.0,47.1,Numeric,0.0,False
1901,2026-05-27T08:00:00,2026-05-27 08:00:00,2026-05-27,08:00:00,Wednesday,SN-B02,Zone B,68.9,26.6,30.8,38.5,28759.0,49.1,Numeric,0.0,False
1902,2026-05-27T08:00:00,2026-05-27 08:00:00,2026-05-27,08:00:00,Wednesday,SN-B03,Zone B,69.0,27.9,30.8,38.5,28759.0,36.1,Numeric,0.0,False
1903,2026-05-27T08:00:00,2026-05-27 08:00:00,2026-05-27,08:00:00,Wednesday,SN-C01,Zone C,45.3,150.0,32.6,50.2,29107.0,20.7,Numeric,,False
1904,2026-05-27T08:00:00,2026-05-27 08:00:00,2026-05-27,08:00:00,Wednesday,SN-C02,Zone C,43.2,27.2,32.6,50.2,29107.0,27.3,Numeric,0.0,False
1905,,,,,,SN-C03,Zone C,46.8,29.3,32.6,50.2,29107.0,22.7,Numeric,0.0,False
1906,2026-05-27T08:00:00,2026-05-27 08:00:00,2026-05-27,08:00:00,Wednesday,SN-D01,Zone D,81.9,30.333333333333332,34.0,42.0,27921.0,25.8,Numeric,,False
1907,2026-05-27T08:00:00,2026-05-27 08:00:00,2026-05-27,08:00:00,Wednesday,SN-D02,Zone D,79.8,28.666666666666668,34.0,42.0,27921.0,19.0,Numeric,0.0,False
1908,2026-05-27T08:00:00,2026-05-27 08:00:00,2026-05-27,08:00:00,Wednesday,SN-D03,Zone D,78.8,30.0,34.0,42.0,27921.0,19.6,Numeric,0.0,False
1909,2026-05-27T12:00:00,2026-05-27 12:00:00,2026-05-27,12:00:00,Wednesday,SN-A01,Zone A,74.0,35.8,41.5,19.8,91960.0,,Non-Numeric,,False
1910,2026-05-27T12:00:00,2026-05-27 12:00:00,2026-05-27,12:00:00,Wednesday,SN-A02,Zone A,,37.7,41.5,19.8,91960.0,18.5,Numeric,0.0,False
1911,2026-05-27T12:00:00,2026-05-27 12:00:00,2026-05-27,12:00:00,Wednesday,SN-A03,Zone A,72.7,,41.5,19.8,91960.0,19.3,Numeric,0.0,
1912,2026-05-27T12:00:00,2026-05-27 12:00:00,2026-05-27,12:00:00,Wednesday,SN-B01,Zone B,68.6,38.9,44.5,20.1,81011.0,46.1,Numeric,0.0,False
1913,2026-05-27T12:00:00,2026-05-27 12:00:00,2026-05-27,12:00:00,Wednesday,SN-B02,Zone B,68.1,38.5,44.5,20.1,81011.0,48.0,Numeric,0.0,False
1914,2026-05-27T12:00:00,2026-05-27 12:00:00,2026-05-27,12:00:00,Wednesday,SN-B03,Zone B,,40.6,44.5,20.1,81011.0,35.0,Numeric,0.0,False
1915,2026-05-27T12:00:00,2026-05-27 12:00:00,2026-05-27,12:00:00,Wednesday,SN-C01,Zone C,,,,,,,Numeric,,
1916,2026-05-27T12:00:00,2026-05-27 12:00:00,2026-05-27,12:00:00,Wednesday,SN-C02,Zone C,41.1,37.5,42.1,31.9,102104.0,26.5,Numeric,0.0,False
1917,2026-05-27T12:00:00,2026-05-27 12:00:00,2026-05-27,12:00:00,Wednesday,SN-C03,Zone C,42.3,38.1,42.1,31.9,102104.0,21.5,Numeric,0.0,False
1918,2026-05-27T12:00:00,2026-05-27 12:00:00,2026-05-27,12:00:00,Wednesday,SN-D01,Zone D,77.3,36.05555555555556,41.111111111111114,19.3,,24.8,Numeric,0.0,False
1919,2026-05-27T12:00:00,2026-05-27 12:00:00,2026-05-27,12:00:00,Wednesday,SN-D02,Zone D,77.0,37.77777777777778,41.111111111111114,19.3,84275.0,18.0,Numeric,0.0,False
1920,2026-05-27T12:00:00,2026-05-27 12:00:00,2026-05-27,12:00:00,Wednesday,SN-D03,Zone D,77.4,38.4,41.1,19.3,84275.0,18.4,Numeric,0.0,False
1921,2026-05-27T16:00:00,2026-05-27 16:00:00,2026-05-27,16:00:00,Wednesday,SN-A01,Zone A,75.7,38.1,43.0,28.1,66722.0,52.5,Numeric,0.0,True
1922,,,,,,SN-A02,Zone A,,,,,,,Numeric,,
1923,2026-05-27T16:00:00,2026-05-27 16:00:00,2026-05-27,16:00:00,Wednesday,SN-A03,Zone A,75.2,38.6,43.0,28.1,66722.0,18.1,Numeric,,True
1924,2026-05-27T16:00:00,2026-05-27 16:00:00,2026-05-27,16:00:00,Wednesday,SN-B01,Zone B,70.3,36.8,40.2,33.7,64774.0,44.9,Numeric,0.0,True
1925,2026-05-27T16:00:00,2026-05-27 16:00:00,2026-05-27,16:00:00,Wednesday,SN-B02,Zone B,71.2,36.7,40.2,33.7,64774.0,46.9,Numeric,0.0,True
1926,2026-05-27T16:00:00,2026-05-27 16:00:00,2026-05-27,16:00:00,Wednesday,SN-B03,Zone B,70.6,35.3,40.2,33.7,64774.0,33.9,Numeric,0.0,True
1927,2026-05-27T16:00:00,2026-05-27 16:00:00,2026-05-27,16:00:00,Wednesday,SN-C01,Zone C,47.4,35.2,39.1,28.1,52546.0,18.5,Numeric,,True
1928,2026-05-27T16:00:00,2026-05-27 16:00:00,2026-05-27,16:00:00,Wednesday,SN-C02,Zone C,48.9,36.0,39.1,28.1,52546.0,25.3,Numeric,0.0,True
1929,2026-05-27T16:00:00,2026-05-27 16:00:00,2026-05-27,16:00:00,Wednesday,SN-C03,Zone C,47.4,34.8,39.1,28.1,52546.0,20.4,Numeric,0.0,True
1930,2026-05-27T16:00:00,2026-05-27 16:00:00,2026-05-27,16:00:00,Wednesday,SN-D01,Zone D,84.2,38.44444444444444,41.94444444444444,26.2,59857.0,23.6,Numeric,0.0,True
1931,2026-05-27T16:00:00,2026-05-27 16:00:00,2026-05-27,16:00:00,Wednesday,SN-D02,Zone D,82.9,37.111111111111114,41.94444444444444,26.2,59857.0,17.1,Numeric,0.0,True
1932,2026-05-27T16:00:00,2026-05-27 16:00:00,2026-05-27,16:00:00,Wednesday,SN-D03,Zone D,80.3,37.8,42.0,26.2,,17.6,Numeric,0.0,True
1933,2026-05-27T20:00:00,2026-05-27 20:00:00,2026-05-27,20:00:00,Wednesday,SN-A01,Zone A,75.1,29.9,34.5,33.9,319.0,51.4,Numeric,0.0,False
1934,2026-05-27T20:00:00,2026-05-27 20:00:00,2026-05-27,20:00:00,Wednesday,SN-A02,Zone A,75.3,31.4,34.5,33.9,319.0,16.3,Numeric,0.0,False
1935,2026-05-27T20:00:00,2026-05-27 20:00:00,2026-05-27,20:00:00,Wednesday,SN-A03,Zone A,73.5,29.9,34.5,33.9,319.0,17.1,Numeric,0.0,False
1936,2026-05-27T20:00:00,2026-05-27 20:00:00,2026-05-27,20:00:00,Wednesday,SN-B01,Zone B,68.3,29.7,34.6,38.5,472.0,44.1,Numeric,0.0,False
1937,2026-05-27T20:00:00,2026-05-27 20:00:00,2026-05-27,20:00:00,Wednesday,SN-B02,Zone B,68.7,33.3,34.6,38.5,472.0,45.8,Numeric,0.0,False
1938,2026-05-27T20:00:00,2026-05-27 20:00:00,2026-05-27,20:00:00,Wednesday,SN-B03,Zone B,68.8,31.6,34.6,38.5,,32.8,Numeric,0.0,False
1939,2026-05-27T20:00:00,2026-05-27 20:00:00,2026-05-27,20:00:00,Wednesday,SN-C01,Zone C,42.8,31.1,35.3,34.7,1074.0,17.7,Numeric,0.0,False
1940,2026-05-27T20:00:00,2026-05-27 20:00:00,2026-05-27,20:00:00,Wednesday,SN-C02,Zone C,44.2,33.8,35.3,34.7,1074.0,24.1,Numeric,0.0,False
1941,2026-05-27T20:00:00,2026-05-27 20:00:00,2026-05-27,20:00:00,Wednesday,SN-C03,Zone C,46.6,30.5,35.3,34.7,1074.0,19.5,Numeric,0.0,False
1942,2026-05-27T20:00:00,2026-05-27 20:00:00,2026-05-27,20:00:00,Wednesday,SN-D01,Zone D,79.6,28.22222222222222,33.94444444444444,38.0,1207.0,22.6,Numeric,0.0,False
1943,2026-05-27T20:00:00,2026-05-27 20:00:00,2026-05-27,20:00:00,Wednesday,SN-D02,Zone D,77.7,,33.94444444444444,38.0,,,Numeric,0.0,False
1944,2026-05-27T20:00:00,2026-05-27 20:00:00,2026-05-27,20:00:00,Wednesday,SN-D03,Zone D,78.8,28.3,33.9,38.0,1207.0,,Numeric,0.0,
1945,2026-05-28T00:00:00,2026-05-28 00:00:00,2026-05-28,00:00:00,Thursday,SN-A01,Zone A,74.0,26.2,30.6,55.2,0.0,50.4,Numeric,,False
1946,2026-05-28T00:00:00,2026-05-28 00:00:00,2026-05-28,00:00:00,Thursday,SN-A02,Zone A,70.0,28.3,30.6,55.2,0.0,15.4,Numeric,0.0,False
1947,2026-05-28T00:00:00,2026-05-28 00:00:00,2026-05-28,00:00:00,Thursday,SN-A03,Zone A,70.6,27.1,30.6,55.2,0.0,15.9,Numeric,0.0,False
1948,2026-05-28T00:00:00,2026-05-28 00:00:00,2026-05-28,00:00:00,Thursday,SN-B01,Zone B,,24.9,29.4,55.1,11.0,43.1,Numeric,0.0,False
1949,2026-05-28T00:00:00,2026-05-28 00:00:00,2026-05-28,00:00:00,Thursday,SN-B02,Zone B,66.9,24.1,29.4,55.1,11.0,45.0,Numeric,0.0,False
1950,2026-05-28T00:00:00,2026-05-28 00:00:00,2026-05-28,00:00:00,Thursday,SN-B03,Zone B,65.5,25.9,29.4,55.1,11.0,31.8,Numeric,0.0,False
1951,2026-05-28T00:00:00,2026-05-28 00:00:00,2026-05-28,00:00:00,Thursday,SN-C01,Zone C,43.5,22.0,27.1,49.5,640.0,16.6,Numeric,0.0,False
1952,2026-05-28T00:00:00,2026-05-28 00:00:00,2026-05-28,00:00:00,Thursday,SN-C02,Zone C,41.7,25.1,27.1,49.5,640.0,22.9,Numeric,0.0,False
1953,2026-05-28T00:00:00,2026-05-28 00:00:00,2026-05-28,00:00:00,Thursday,SN-C03,Zone C,42.1,22.6,27.1,49.5,640.0,18.7,Numeric,0.0,False
1954,2026-05-28T00:00:00,2026-05-28 00:00:00,2026-05-28,00:00:00,Thursday,SN-D01,Zone D,,22.38888888888889,26.11111111111111,53.4,0.0,21.4,Numeric,0.0,False
1955,2026-05-28T00:00:00,2026-05-28 00:00:00,2026-05-28,00:00:00,Thursday,SN-D02,Zone D,77.7,20.777777777777782,26.11111111111111,53.4,0.0,15.1,Numeric,0.0,False
1956,2026-05-28T00:00:00,2026-05-28 00:00:00,2026-05-28,00:00:00,Thursday,SN-D03,Zone D,73.3,22.8,26.1,53.4,0.0,15.5,Numeric,0.0,False
1957,2026-05-28T04:00:00,2026-05-28 04:00:00,2026-05-28,04:00:00,Thursday,SN-A01,Zone A,76.8,24.0,26.5,58.4,,49.5,Numeric,0.0,True
1958,2026-05-28T04:00:00,2026-05-28 04:00:00,2026-05-28,04:00:00,Thursday,SN-A02,Zone A,79.6,22.9,26.5,58.4,242.0,14.1,Numeric,0.0,True
1959,2026-05-28T04:00:00,2026-05-28 04:00:00,2026-05-28,04:00:00,Thursday,SN-A03,Zone A,,,,,,,Numeric,0.0,True
1960,,,,,,SN-B01,Zone B,70.0,22.6,26.9,53.6,380.0,42.1,Numeric,0.0,True
1961,2026-05-28T04:00:00,2026-05-28 04:00:00,2026-05-28,04:00:00,Thursday,SN-B02,Zone B,73.8,20.3,26.9,53.6,380.0,43.8,Numeric,0.0,True
1962,2026-05-28T04:00:00,2026-05-28 04:00:00,2026-05-28,04:00:00,Thursday,SN-B03,Zone B,71.7,23.0,26.9,53.6,380.0,30.6,Numeric,0.0,True
1963,2026-05-28T04:00:00,2026-05-28 04:00:00,2026-05-28,04:00:00,Thursday,SN-C01,Zone C,44.6,26.5,28.4,57.4,170.0,15.6,Numeric,0.0,True
1964,2026-05-28T04:00:00,2026-05-28 04:00:00,2026-05-28,04:00:00,Thursday,SN-C02,Zone C,45.9,22.7,28.4,57.4,170.0,,Numeric,0.0,True
1965,2026-05-28T04:00:00,2026-05-28 04:00:00,2026-05-28,04:00:00,Thursday,SN-C03,Zone C,48.3,26.4,28.4,57.4,170.0,17.9,Numeric,0.0,True
1966,2026-05-28T04:00:00,2026-05-28 04:00:00,2026-05-28,04:00:00,Thursday,SN-D01,Zone D,83.9,23.555555555555557,26.0,65.5,127.0,20.6,Numeric,0.0,True
1967,2026-05-28T04:00:00,2026-05-28 04:00:00,2026-05-28,04:00:00,Thursday,SN-D02,Zone D,85.0,22.5,26.0,65.5,127.0,13.8,Numeric,,True
1968,2026-05-28T04:00:00,2026-05-28 04:00:00,2026-05-28,04:00:00,Thursday,SN-D03,Zone D,,,,,,14.7,Numeric,0.0,True
1969,2026-05-28T08:00:00,2026-05-28 08:00:00,2026-05-28,08:00:00,Thursday,SN-A01,Zone A,76.7,30.6,34.0,47.1,26673.0,48.3,Numeric,0.0,False
1970,2026-05-28T08:00:00,2026-05-28 08:00:00,2026-05-28,08:00:00,Thursday,SN-A02,Zone A,75.9,27.4,34.0,47.1,26673.0,13.1,Numeric,0.0,False
1971,2026-05-28T08:00:00,2026-05-28 08:00:00,2026-05-28,08:00:00,Thursday,SN-A03,Zone A,73.6,,34.0,47.1,26673.0,14.0,Numeric,0.0,False
1972,2026-05-28T08:00:00,2026-05-28 08:00:00,2026-05-28,08:00:00,Thursday,SN-B01,Zone B,71.3,28.7,33.0,46.9,29156.0,,Numeric,0.0,False
1973,2026-05-28T08:00:00,2026-05-28 08:00:00,2026-05-28,08:00:00,Thursday,SN-B02,Zone B,69.7,31.0,33.0,46.9,29156.0,42.5,Numeric,0.0,False
1974,,,,,,SN-B03,Zone B,66.5,30.3,33.0,46.9,29156.0,29.4,Numeric,,False
1975,2026-05-28T08:00:00,2026-05-28 08:00:00,2026-05-28,08:00:00,Thursday,SN-C01,Zone C,45.0,30.7,34.2,44.7,24893.0,14.4,Numeric,0.0,False
1976,,,,,,SN-C02,Zone C,47.4,29.9,34.2,44.7,24893.0,21.0,Numeric,,False
1977,2026-05-28T08:00:00,2026-05-28 08:00:00,2026-05-28,08:00:00,Thursday,SN-C03,Zone C,44.8,31.1,34.2,44.7,24893.0,17.0,Numeric,0.0,False
1978,2026-05-28T08:00:00,2026-05-28 08:00:00,2026-05-28,08:00:00,Thursday,SN-D01,Zone D,79.3,29.5,35.111111111111114,43.6,29823.0,19.4,Numeric,,False
1979,2026-05-28T08:00:00,2026-05-28 08:00:00,2026-05-28,08:00:00,Thursday,SN-D02,Zone D,,31.0,35.111111111111114,43.6,29823.0,12.8,Numeric,0.0,
1980,2026-05-28T08:00:00,2026-05-28 08:00:00,2026-05-28,08:00:00,Thursday,SN-D03,Zone D,78.3,30.8,35.1,43.6,29823.0,13.8,Numeric,0.0,
1981,2026-05-28T12:00:00,2026-05-28 12:00:00,2026-05-28,12:00:00,Thursday,SN-A01,Zone A,72.7,36.0,41.1,24.7,103497.0,47.2,Numeric,0.0,False
1982,2026-05-28T12:00:00,2026-05-28 12:00:00,2026-05-28,12:00:00,Thursday,SN-A02,Zone A,,,,,,12.1,Numeric,0.0,False
1983,2026-05-28T12:00:00,2026-05-28 12:00:00,2026-05-28,12:00:00,Thursday,SN-A03,Zone A,73.7,35.6,,24.7,103497.0,13.0,Numeric,,False
1984,2026-05-28T12:00:00,2026-05-28 12:00:00,2026-05-28,12:00:00,Thursday,SN-B01,Zone B,68.8,37.8,42.2,19.3,104079.0,40.0,Numeric,0.0,False
1985,2026-05-28T12:00:00,2026-05-28 12:00:00,2026-05-28,12:00:00,Thursday,SN-B02,Zone B,66.5,38.4,42.2,19.3,104079.0,41.7,Numeric,0.0,False
1986,2026-05-28T12:00:00,2026-05-28 12:00:00,2026-05-28,12:00:00,Thursday,SN-B03,Zone B,66.0,39.2,42.2,19.3,104079.0,28.6,Numeric,0.0,False
1987,2026-05-28T12:00:00,2026-05-28 12:00:00,2026-05-28,12:00:00,Thursday,SN-C01,Zone C,,,,,,,Non-Numeric,0.0,False
1988,2026-05-28T12:00:00,2026-05-28 12:00:00,2026-05-28,12:00:00,Thursday,SN-C02,Zone C,46.0,36.3,40.3,26.9,98539.0,19.9,Numeric,0.0,False
1989,2026-05-28T12:00:00,2026-05-28 12:00:00,2026-05-28,12:00:00,Thursday,SN-C03,Zone C,45.9,35.3,40.3,26.9,,16.1,Numeric,0.0,
1990,2026-05-28T12:00:00,2026-05-28 12:00:00,2026-05-28,12:00:00,Thursday,SN-D01,Zone D,76.6,37.22222222222222,,27.2,,18.2,Numeric,0.0,False
1991,,,,,,SN-D02,Zone D,,,,,,11.9,Numeric,0.0,False
1992,2026-05-28T12:00:00,2026-05-28 12:00:00,2026-05-28,12:00:00,Thursday,SN-D03,Zone D,,,,,,12.9,Numeric,0.0,False
1993,2026-05-28T16:00:00,2026-05-28 16:00:00,2026-05-28,16:00:00,Thursday,SN-A01,Zone A,76.3,38.3,41.8,31.7,60231.0,46.1,Numeric,0.0,True
1994,2026-05-28T16:00:00,2026-05-28 16:00:00,2026-05-28,16:00:00,Thursday,SN-A02,Zone A,77.4,39.1,41.8,31.7,60231.0,11.0,Numeric,0.0,True
1995,2026-05-28T16:00:00,2026-05-28 16:00:00,2026-05-28,16:00:00,Thursday,SN-A03,Zone A,78.0,39.3,41.8,31.7,60231.0,100.0,Numeric,0.0,True
1996,2026-05-28T16:00:00,2026-05-28 16:00:00,2026-05-28,16:00:00,Thursday,SN-B01,Zone B,68.9,37.5,40.3,22.0,65409.0,39.1,Numeric,0.0,True
1997,2026-05-28T16:00:00,2026-05-28 16:00:00,2026-05-28,16:00:00,Thursday,SN-B02,Zone B,71.0,37.5,40.3,22.0,65409.0,,Numeric,0.0,True
1998,2026-05-28T16:00:00,2026-05-28 16:00:00,2026-05-28,16:00:00,Thursday,SN-B03,Zone B,72.2,35.6,40.3,22.0,65409.0,27.5,Numeric,0.0,True
1999,2026-05-28T16:00:00,2026-05-28 16:00:00,2026-05-28,16:00:00,Thursday,SN-C01,Zone C,45.5,36.1,39.3,,,12.3,Numeric,0.0,True
2000,2026-05-28T16:00:00,2026-05-28 16:00:00,2026-05-28,16:00:00,Thursday,SN-C02,Zone C,47.7,33.7,39.3,26.2,60817.0,19.0,Numeric,0.0,True
2001,2026-05-28T16:00:00,2026-05-28 16:00:00,2026-05-28,16:00:00,Thursday,SN-C03,Zone C,47.7,33.7,39.3,26.2,60817.0,15.2,Numeric,0.0,True
2002,2026-05-28T16:00:00,2026-05-28 16:00:00,2026-05-28,16:00:00,Thursday,SN-D01,Zone D,81.0,33.94444444444444,40.111111111111114,30.7,63570.0,17.1,Numeric,0.0,True
2003,2026-05-28T16:00:00,2026-05-28 16:00:00,2026-05-28,16:00:00,Thursday,SN-D02,Zone D,80.2,33.72222222222222,40.111111111111114,30.7,63570.0,10.9,Numeric,0.0,True
2004,2026-05-28T16:00:00,2026-05-28 16:00:00,2026-05-28,16:00:00,Thursday,SN-D03,Zone D,,35.5,40.1,30.7,63570.0,11.7,Numeric,0.0,True
2005,2026-05-28T20:00:00,2026-05-28 20:00:00,2026-05-28,20:00:00,Thursday,SN-A01,Zone A,73.7,30.7,33.9,46.8,164.0,44.9,Numeric,0.0,False
2006,2026-05-28T20:00:00,2026-05-28 20:00:00,2026-05-28,20:00:00,Thursday,SN-A02,Zone A,,,,,,10.0,Numeric,0.0,False
2007,2026-05-28T20:00:00,2026-05-28 20:00:00,2026-05-28,20:00:00,Thursday,SN-A03,Zone A,75.5,29.7,33.9,46.8,164.0,99.2,Numeric,0.0,False
2008,2026-05-28T20:00:00,2026-05-28 20:00:00,2026-05-28,20:00:00,Thursday,SN-B01,Zone B,68.5,29.6,33.8,37.6,,38.1,Numeric,0.0,False
2009,2026-05-28T20:00:00,2026-05-28 20:00:00,2026-05-28,20:00:00,Thursday,SN-B02,Zone B,68.9,32.3,33.8,37.6,,39.7,Numeric,0.0,False
2010,2026-05-28T20:00:00,2026-05-28 20:00:00,2026-05-28,20:00:00,Thursday,SN-B03,Zone B,71.9,,33.8,37.6,138.0,26.4,Numeric,0.0,False
2011,2026-05-28T20:00:00,2026-05-28 20:00:00,2026-05-28,20:00:00,Thursday,SN-C01,Zone C,45.6,30.1,34.2,43.7,437.0,100.0,Numeric,0.0,False
2012,2026-05-28T20:00:00,2026-05-28 20:00:00,2026-05-28,20:00:00,Thursday,SN-C02,Zone C,46.0,31.3,34.2,,437.0,17.8,Numeric,0.0,False
2013,2026-05-28T20:00:00,2026-05-28 20:00:00,2026-05-28,20:00:00,Thursday,SN-C03,Zone C,47.0,29.9,34.2,43.7,437.0,14.3,Numeric,0.0,False
2014,2026-05-28T20:00:00,2026-05-28 20:00:00,2026-05-28,20:00:00,Thursday,SN-D01,Zone D,78.0,33.0,36.94444444444444,37.3,378.0,16.3,Numeric,0.0,False
2015,2026-05-28T20:00:00,2026-05-28 20:00:00,2026-05-28,20:00:00,Thursday,SN-D02,Zone D,80.3,33.22222222222222,36.94444444444444,37.3,378.0,9.8,Numeric,0.0,False
2016,2026-05-28T20:00:00,2026-05-28 20:00:00,2026-05-28,20:00:00,Thursday,SN-D03,Zone D,,,,,,10.9,Numeric,0.0,False
2017,2026-05-29T00:00:00,2026-05-29 00:00:00,2026-05-29,00:00:00,Friday,SN-A01,Zone A,68.9,23.6,29.0,57.8,36.0,43.9,Numeric,0.0,False
2018,2026-05-29T00:00:00,2026-05-29 00:00:00,2026-05-29,00:00:00,Friday,SN-A02,Zone A,68.4,25.7,29.0,57.8,36.0,9.0,Numeric,0.0,False
2019,2026-05-29T00:00:00,2026-05-29 00:00:00,2026-05-29,00:00:00,Friday,SN-A03,Zone A,73.2,27.4,29.0,57.8,36.0,98.4,Numeric,0.0,False
2020,2026-05-29T00:00:00,2026-05-29 00:00:00,2026-05-29,00:00:00,Friday,SN-B01,Zone B,,25.0,27.8,51.2,0.0,36.9,Numeric,0.0,False
2021,2026-05-29T00:00:00,2026-05-29 00:00:00,2026-05-29,00:00:00,Friday,SN-B02,Zone B,66.0,24.9,27.8,51.2,0.0,38.8,Numeric,0.0,False
2022,2026-05-29T00:00:00,2026-05-29 00:00:00,2026-05-29,00:00:00,Friday,SN-B03,Zone B,68.6,26.2,27.8,51.2,0.0,,Non-Numeric,0.0,False
2023,2026-05-29T00:00:00,2026-05-29 00:00:00,2026-05-29,00:00:00,Friday,SN-C01,Zone C,43.8,21.7,27.0,54.0,198.0,98.9,Numeric,0.0,False
2024,2026-05-29T00:00:00,2026-05-29 00:00:00,2026-05-29,00:00:00,Friday,SN-C02,Zone C,42.4,21.3,27.0,54.0,198.0,16.8,Numeric,0.0,False
2025,2026-05-29T00:00:00,2026-05-29 00:00:00,2026-05-29,00:00:00,Friday,SN-C03,Zone C,41.0,21.0,27.0,54.0,198.0,13.4,Numeric,,False
2026,2026-05-29T00:00:00,2026-05-29 00:00:00,2026-05-29,00:00:00,Friday,SN-D01,Zone D,78.7,,27.722222222222225,53.3,,15.0,Numeric,,False
2027,2026-05-29T00:00:00,2026-05-29 00:00:00,2026-05-29,00:00:00,Friday,SN-D02,Zone D,,24.833333333333332,27.722222222222225,53.3,0.0,8.8,Numeric,0.0,False
2028,2026-05-29T00:00:00,2026-05-29 00:00:00,2026-05-29,00:00:00,Friday,SN-D03,Zone D,,,,,,9.7,Numeric,0.0,False
2029,2026-05-29T04:00:00,2026-05-29 04:00:00,2026-05-29,04:00:00,Friday,SN-A01,Zone A,74.5,22.4,27.5,65.5,0.0,42.8,Numeric,0.0,True
2030,2026-05-29T04:00:00,2026-05-29 04:00:00,2026-05-29,04:00:00,Friday,SN-A02,Zone A,,,,,,8.2,Numeric,0.0,True
2031,2026-05-29T04:00:00,2026-05-29 04:00:00,2026-05-29,04:00:00,Friday,SN-A03,Zone A,77.9,22.4,27.5,65.5,0.0,97.4,Numeric,0.0,True
2032,2026-05-29T04:00:00,2026-05-29 04:00:00,2026-05-29,04:00:00,Friday,SN-B01,Zone B,,23.3,27.5,54.9,0.0,36.0,Numeric,0.0,True
2033,2026-05-29T04:00:00,2026-05-29 04:00:00,2026-05-29,04:00:00,Friday,SN-B02,Zone B,70.6,24.5,27.5,54.9,0.0,38.0,Numeric,0.0,True
2034,2026-05-29T04:00:00,2026-05-29 04:00:00,2026-05-29,04:00:00,Friday,SN-B03,Zone B,,24.0,27.5,54.9,0.0,24.4,Numeric,,True
2035,2026-05-29T04:00:00,2026-05-29 04:00:00,2026-05-29,04:00:00,Friday,SN-C01,Zone C,46.4,23.2,,68.4,0.0,98.0,Numeric,0.0,
2036,2026-05-29T04:00:00,2026-05-29 04:00:00,2026-05-29,04:00:00,Friday,SN-C02,Zone C,45.0,21.3,27.6,68.4,0.0,15.6,Numeric,0.0,True
2037,,,,,,SN-C03,Zone C,,,,,,12.4,Numeric,0.0,True
2038,2026-05-29T04:00:00,2026-05-29 04:00:00,2026-05-29,04:00:00,Friday,SN-D01,Zone D,81.8,21.166666666666664,26.055555555555557,57.4,0.0,13.8,Numeric,0.0,True
2039,2026-05-29T04:00:00,2026-05-29 04:00:00,2026-05-29,04:00:00,Friday,SN-D02,Zone D,81.7,22.333333333333332,26.055555555555557,57.4,0.0,7.8,Numeric,,True
2040,2026-05-29T04:00:00,2026-05-29 04:00:00,2026-05-29,04:00:00,Friday,SN-D03,Zone D,,,,,,8.8,Numeric,0.0,True
2041,2026-05-29T08:00:00,2026-05-29 08:00:00,2026-05-29,08:00:00,Friday,SN-A01,Zone A,72.8,28.3,32.5,44.7,,41.6,Numeric,0.0,False
2042,2026-05-29T08:00:00,2026-05-29 08:00:00,2026-05-29,08:00:00,Friday,SN-A02,Zone A,75.5,29.2,32.5,44.7,26755.0,7.2,Numeric,0.0,
2043,2026-05-29T08:00:00,2026-05-29 08:00:00,2026-05-29,08:00:00,Friday,SN-A03,Zone A,,29.3,32.5,44.7,26755.0,96.5,Numeric,0.0,False
2044,2026-05-29T08:00:00,2026-05-29 08:00:00,2026-05-29,08:00:00,Friday,SN-B01,Zone B,,30.3,32.5,44.6,28801.0,35.2,Numeric,,False
2045,2026-05-29T08:00:00,2026-05-29 08:00:00,2026-05-29,08:00:00,Friday,SN-B02,Zone B,67.6,31.2,32.5,44.6,28801.0,36.9,Numeric,0.0,False
2046,2026-05-29T08:00:00,2026-05-29 08:00:00,2026-05-29,08:00:00,Friday,SN-B03,Zone B,72.2,27.5,32.5,44.6,28801.0,23.2,Numeric,0.0,False
2047,2026-05-29T08:00:00,2026-05-29 08:00:00,2026-05-29,08:00:00,Friday,SN-C01,Zone C,42.2,28.6,34.6,44.5,25427.0,96.8,Numeric,0.0,False
2048,,,,,,SN-C02,Zone C,,999.0,34.6,44.5,25427.0,14.3,Numeric,0.0,False
2049,2026-05-29T08:00:00,2026-05-29 08:00:00,2026-05-29,08:00:00,Friday,SN-C03,Zone C,45.5,31.2,34.6,44.5,25427.0,11.3,Numeric,0.0,False
2050,2026-05-29T08:00:00,2026-05-29 08:00:00,2026-05-29,08:00:00,Friday,SN-D01,Zone D,,,,,,12.9,Numeric,0.0,False
2051,2026-05-29T08:00:00,2026-05-29 08:00:00,2026-05-29,08:00:00,Friday,SN-D02,Zone D,80.8,29.27777777777778,,43.1,31978.0,6.8,Numeric,0.0,False
2052,2026-05-29T08:00:00,2026-05-29 08:00:00,2026-05-29,08:00:00,Friday,SN-D03,Zone D,,28.4,34.1,43.1,31978.0,7.5,Numeric,0.0,False
2053,2026-05-29T12:00:00,2026-05-29 12:00:00,2026-05-29,12:00:00,Friday,SN-A01,Zone A,72.0,39.8,43.3,28.4,87940.0,40.7,Numeric,0.0,False
2054,2026-05-29T12:00:00,2026-05-29 12:00:00,2026-05-29,12:00:00,Friday,SN-A02,Zone A,74.7,40.8,43.3,28.4,87940.0,6.2,Numeric,0.0,False
2055,2026-05-29T12:00:00,2026-05-29 12:00:00,2026-05-29,12:00:00,Friday,SN-A03,Zone A,71.8,38.7,43.3,28.4,87940.0,95.6,Numeric,0.0,False
2056,2026-05-29T12:00:00,2026-05-29 12:00:00,2026-05-29,12:00:00,Friday,SN-B01,Zone B,66.0,41.1,44.1,30.4,104915.0,34.0,Numeric,0.0,False
2057,2026-05-29T12:00:00,2026-05-29 12:00:00,2026-05-29,12:00:00,Friday,SN-B02,Zone B,66.9,41.1,44.1,30.4,104915.0,36.0,Numeric,,False
2058,2026-05-29T12:00:00,2026-05-29 12:00:00,2026-05-29,12:00:00,Friday,SN-B03,Zone B,68.4,39.7,44.1,30.4,104915.0,22.3,Numeric,0.0,False
2059,2026-05-29T12:00:00,2026-05-29 12:00:00,2026-05-29,12:00:00,Friday,SN-C01,Zone C,40.7,36.9,41.9,25.5,88329.0,95.8,Numeric,0.0,False
2060,2026-05-29T12:00:00,2026-05-29 12:00:00,2026-05-29,12:00:00,Friday,SN-C02,Zone C,42.9,37.1,41.9,25.5,88329.0,13.2,Numeric,0.0,False
2061,2026-05-29T12:00:00,2026-05-29 12:00:00,2026-05-29,12:00:00,Friday,SN-C03,Zone C,38.6,37.4,41.9,25.5,88329.0,10.3,Numeric,0.0,False
2062,2026-05-29T12:00:00,2026-05-29 12:00:00,2026-05-29,12:00:00,Friday,SN-D01,Zone D,,,,,,12.1,Numeric,0.0,False
2063,2026-05-29T12:00:00,2026-05-29 12:00:00,2026-05-29,12:00:00,Friday,SN-D02,Zone D,77.0,34.94444444444444,38.94444444444444,23.4,96241.0,5.8,Numeric,0.0,False
2064,2026-05-29T12:00:00,2026-05-29 12:00:00,2026-05-29,12:00:00,Friday,SN-D03,Zone D,,,,,,6.4,Numeric,0.0,False
2065,2026-05-29T16:00:00,2026-05-29 16:00:00,2026-05-29,16:00:00,Friday,SN-A01,Zone A,73.6,37.0,999.0,,63644.0,39.6,Numeric,0.0,True
2066,2026-05-29T16:00:00,2026-05-29 16:00:00,2026-05-29,16:00:00,Friday,SN-A02,Zone A,77.9,36.9,40.8,31.5,63644.0,5.0,Numeric,0.0,True
2067,2026-05-29T16:00:00,2026-05-29 16:00:00,2026-05-29,16:00:00,Friday,SN-A03,Zone A,76.3,999.0,40.8,31.5,63644.0,94.6,Numeric,0.0,True
2068,,,,,,SN-B01,Zone B,69.8,33.8,40.3,27.8,54533.0,33.0,Numeric,0.0,True
2069,2026-05-29T16:00:00,2026-05-29 16:00:00,2026-05-29,16:00:00,Friday,SN-B02,Zone B,70.2,35.9,40.3,27.8,54533.0,35.0,Numeric,0.0,True
2070,2026-05-29T16:00:00,2026-05-29 16:00:00,2026-05-29,16:00:00,Friday,SN-B03,Zone B,72.9,35.1,40.3,27.8,54533.0,21.1,Numeric,0.0,True
2071,2026-05-29T16:00:00,2026-05-29 16:00:00,2026-05-29,16:00:00,Friday,SN-C01,Zone C,48.4,36.2,39.5,28.9,66379.0,94.9,Numeric,0.0,True
2072,2026-05-29T16:00:00,2026-05-29 16:00:00,2026-05-29,16:00:00,Friday,SN-C02,Zone C,49.0,35.1,39.5,28.9,66379.0,12.1,Numeric,0.0,True
2073,2026-05-29T16:00:00,2026-05-29 16:00:00,2026-05-29,16:00:00,Friday,SN-C03,Zone C,46.6,34.5,39.5,28.9,66379.0,9.5,Numeric,0.0,True
2074,2026-05-29T16:00:00,2026-05-29 16:00:00,2026-05-29,16:00:00,Friday,SN-D01,Zone D,83.1,35.44444444444444,41.388888888888886,28.8,52807.0,11.0,Numeric,0.0,True
2075,2026-05-29T16:00:00,2026-05-29 16:00:00,2026-05-29,16:00:00,Friday,SN-D02,Zone D,81.2,37.55555555555556,41.388888888888886,28.8,52807.0,,Non-Numeric,0.0,True
2076,2026-05-29T16:00:00,2026-05-29 16:00:00,2026-05-29,16:00:00,Friday,SN-D03,Zone D,,,,,,5.5,Numeric,0.0,True
2077,2026-05-29T20:00:00,2026-05-29 20:00:00,2026-05-29,20:00:00,Friday,SN-A01,Zone A,74.0,28.2,32.1,46.4,846.0,38.7,Numeric,0.0,False
2078,2026-05-29T20:00:00,2026-05-29 20:00:00,2026-05-29,20:00:00,Friday,SN-A02,Zone A,74.9,30.4,32.1,46.4,846.0,4.1,Numeric,0.0,False
2079,2026-05-29T20:00:00,2026-05-29 20:00:00,2026-05-29,20:00:00,Friday,SN-A03,Zone A,74.6,27.3,32.1,46.4,846.0,93.5,Numeric,0.0,False
2080,2026-05-29T20:00:00,2026-05-29 20:00:00,2026-05-29,20:00:00,Friday,SN-B01,Zone B,69.8,33.1,35.7,35.5,861.0,31.8,Numeric,0.0,False
2081,2026-05-29T20:00:00,2026-05-29 20:00:00,2026-05-29,20:00:00,Friday,SN-B02,Zone B,69.0,31.5,35.7,35.5,861.0,34.1,Numeric,0.0,False
2082,2026-05-29T20:00:00,2026-05-29 20:00:00,2026-05-29,20:00:00,Friday,SN-B03,Zone B,67.8,,35.7,35.5,861.0,19.9,Numeric,,False
2083,2026-05-29T20:00:00,2026-05-29 20:00:00,2026-05-29,20:00:00,Friday,SN-C01,Zone C,46.4,30.2,33.7,37.6,404.0,93.9,Numeric,0.0,False
2084,2026-05-29T20:00:00,2026-05-29 20:00:00,2026-05-29,20:00:00,Friday,SN-C02,Zone C,,,,,,11.1,Numeric,0.0,False
2085,2026-05-29T20:00:00,2026-05-29 20:00:00,2026-05-29,20:00:00,Friday,SN-C03,Zone C,46.4,28.7,33.7,37.6,404.0,8.6,Numeric,0.0,False
2086,2026-05-29T20:00:00,2026-05-29 20:00:00,2026-05-29,20:00:00,Friday,SN-D01,Zone D,,,,,,9.9,Numeric,0.0,False
2087,2026-05-29T20:00:00,2026-05-29 20:00:00,2026-05-29,20:00:00,Friday,SN-D02,Zone D,82.3,29.5,34.22222222222222,46.6,310.0,3.4,Numeric,0.0,False
2088,2026-05-29T20:00:00,2026-05-29 20:00:00,2026-05-29,20:00:00,Friday,SN-D03,Zone D,77.5,32.4,34.2,46.6,,4.3,Numeric,0.0,False
2089,2026-05-30T00:00:00,2026-05-30 00:00:00,2026-05-30,00:00:00,Saturday,SN-A01,Zone A,70.8,26.3,29.1,58.4,0.0,37.9,Numeric,,False
2090,2026-05-30T00:00:00,2026-05-30 00:00:00,2026-05-30,00:00:00,Saturday,SN-A02,Zone A,,,,,,3.3,Numeric,0.0,False
2091,2026-05-30T00:00:00,2026-05-30 00:00:00,2026-05-30,00:00:00,Saturday,SN-A03,Zone A,72.2,25.5,29.1,58.4,0.0,92.2,Numeric,0.0,False
2092,2026-05-30T00:00:00,2026-05-30 00:00:00,2026-05-30,00:00:00,Saturday,SN-B01,Zone B,66.3,24.0,29.3,54.8,0.0,30.9,Numeric,0.0,False
2093,2026-05-30T00:00:00,2026-05-30 00:00:00,2026-05-30,00:00:00,Saturday,SN-B02,Zone B,66.2,24.2,29.3,54.8,0.0,33.1,Numeric,0.0,False
2094,2026-05-30T00:00:00,2026-05-30 00:00:00,2026-05-30,00:00:00,Saturday,SN-B03,Zone B,68.7,,29.3,54.8,0.0,18.6,Numeric,,False
2095,2026-05-30T00:00:00,2026-05-30 00:00:00,2026-05-30,00:00:00,Saturday,SN-C01,Zone C,45.4,23.3,27.6,56.4,,93.1,Numeric,0.0,False
2096,2026-05-30T00:00:00,2026-05-30 00:00:00,2026-05-30,00:00:00,Saturday,SN-C02,Zone C,44.5,23.3,27.6,56.4,0.0,10.1,Numeric,0.0,False
2097,2026-05-30T00:00:00,2026-05-30 00:00:00,2026-05-30,00:00:00,Saturday,SN-C03,Zone C,41.7,24.4,27.6,56.4,0.0,7.6,Numeric,0.0,False
2098,2026-05-30T00:00:00,2026-05-30 00:00:00,2026-05-30,00:00:00,Saturday,SN-D01,Zone D,,,,,,8.7,Numeric,0.0,False
2099,2026-05-30T00:00:00,2026-05-30 00:00:00,2026-05-30,00:00:00,Saturday,SN-D02,Zone D,,,,,,2.3,Numeric,0.0,False
2100,2026-05-30T00:00:00,2026-05-30 00:00:00,2026-05-30,00:00:00,Saturday,SN-D03,Zone D,,,,,,3.2,Numeric,0.0,False
2101,2026-05-30T04:00:00,2026-05-30 04:00:00,2026-05-30,04:00:00,Saturday,SN-A01,Zone A,76.8,24.9,28.3,54.9,310.0,36.9,Numeric,0.0,True
2102,2026-05-30T04:00:00,2026-05-30 04:00:00,2026-05-30,04:00:00,Saturday,SN-A02,Zone A,,,,,,2.1,Numeric,0.0,True
2103,2026-05-30T04:00:00,2026-05-30 04:00:00,2026-05-30,04:00:00,Saturday,SN-A03,Zone A,78.7,23.2,28.3,54.9,310.0,91.0,Numeric,0.0,
2104,2026-05-30T04:00:00,2026-05-30 04:00:00,2026-05-30,04:00:00,Saturday,SN-B01,Zone B,70.3,24.4,28.1,58.9,32.0,30.0,Numeric,0.0,True
2105,2026-05-30T04:00:00,2026-05-30 04:00:00,2026-05-30,04:00:00,Saturday,SN-B02,Zone B,69.2,,28.1,58.9,32.0,31.9,Numeric,0.0,True
2106,2026-05-30T04:00:00,2026-05-30 04:00:00,2026-05-30,04:00:00,Saturday,SN-B03,Zone B,,22.5,28.1,58.9,32.0,17.4,Numeric,0.0,True
2107,2026-05-30T04:00:00,2026-05-30 04:00:00,2026-05-30,04:00:00,Saturday,SN-C01,Zone C,45.2,22.9,28.6,57.8,0.0,92.0,Numeric,0.0,True
2108,2026-05-30T04:00:00,2026-05-30 04:00:00,2026-05-30,04:00:00,Saturday,SN-C02,Zone C,,,,,,9.1,Numeric,0.0,True
2109,,,,,,SN-C03,Zone C,,,,,,6.4,Numeric,0.0,True
2110,2026-05-30T04:00:00,2026-05-30 04:00:00,2026-05-30,04:00:00,Saturday,SN-D01,Zone D,,25.611111111111107,28.388888888888886,68.2,0.0,7.5,Numeric,0.0,True
2111,2026-05-30T04:00:00,2026-05-30 04:00:00,2026-05-30,04:00:00,Saturday,SN-D02,Zone D,84.6,25.055555555555554,28.388888888888886,68.2,0.0,1.1,Numeric,0.0,True
2112,2026-05-30T04:00:00,2026-05-30 04:00:00,2026-05-30,04:00:00,Saturday,SN-D03,Zone D,,,,,,2.0,Numeric,0.0,True
2113,2026-05-30T08:00:00,2026-05-30 08:00:00,2026-05-30,08:00:00,Saturday,SN-A01,Zone A,,29.8,34.6,46.7,24493.0,35.9,Numeric,0.0,
2114,2026-05-30T08:00:00,2026-05-30 08:00:00,2026-05-30,08:00:00,Saturday,SN-A02,Zone A,75.5,29.0,34.6,46.7,24493.0,1.2,Numeric,0.0,False
2115,2026-05-30T08:00:00,2026-05-30 08:00:00,2026-05-30,08:00:00,Saturday,SN-A03,Zone A,76.1,,34.6,46.7,24493.0,90.0,Numeric,0.0,False
2116,2026-05-30T08:00:00,2026-05-30 08:00:00,2026-05-30,08:00:00,Saturday,SN-B01,Zone B,67.9,30.0,35.2,54.6,32330.0,29.0,Numeric,0.0,False
2117,2026-05-30T08:00:00,2026-05-30 08:00:00,2026-05-30,08:00:00,Saturday,SN-B02,Zone B,,30.1,35.2,54.6,32330.0,30.8,Numeric,0.0,False
2118,2026-05-30T08:00:00,2026-05-30 08:00:00,2026-05-30,08:00:00,Saturday,SN-B03,Zone B,68.3,31.1,,54.6,32330.0,16.3,Numeric,0.0,False
2119,2026-05-30T08:00:00,2026-05-30 08:00:00,2026-05-30,08:00:00,Saturday,SN-C01,Zone C,42.2,28.2,32.3,42.0,23763.0,90.8,Numeric,0.0,False
2120,2026-05-30T08:00:00,2026-05-30 08:00:00,2026-05-30,08:00:00,Saturday,SN-C02,Zone C,44.8,28.8,32.3,42.0,23763.0,8.2,Numeric,0.0,False
2121,2026-05-30T08:00:00,2026-05-30 08:00:00,2026-05-30,08:00:00,Saturday,SN-C03,Zone C,42.6,26.3,32.3,42.0,23763.0,5.1,Numeric,0.0,False
2122,2026-05-30T08:00:00,2026-05-30 08:00:00,2026-05-30,08:00:00,Saturday,SN-D01,Zone D,81.0,29.88888888888889,33.44444444444444,37.6,25574.0,100.0,Numeric,0.0,False
2123,2026-05-30T08:00:00,2026-05-30 08:00:00,2026-05-30,08:00:00,Saturday,SN-D02,Zone D,,,,,,0.0,Numeric,0.0,False
2124,2026-05-30T08:00:00,2026-05-30 08:00:00,2026-05-30,08:00:00,Saturday,SN-D03,Zone D,78.9,28.7,33.4,,25574.0,1.1,Numeric,0.0,False
2125,2026-05-30T12:00:00,2026-05-30 12:00:00,2026-05-30,12:00:00,Saturday,SN-A01,Zone A,71.8,37.0,41.7,22.6,,34.6,Numeric,,False
2126,2026-05-30T12:00:00,2026-05-30 12:00:00,2026-05-30,12:00:00,Saturday,SN-A02,Zone A,73.7,40.3,41.7,22.6,103796.0,100.0,Numeric,0.0,False
2127,2026-05-30T12:00:00,2026-05-30 12:00:00,2026-05-30,12:00:00,Saturday,SN-A03,Zone A,74.5,38.7,41.7,22.6,103796.0,89.2,Numeric,0.0,False
2128,2026-05-30T12:00:00,2026-05-30 12:00:00,2026-05-30,12:00:00,Saturday,SN-B01,Zone B,66.3,39.4,42.6,26.4,87559.0,28.1,Numeric,0.0,False
2129,2026-05-30T12:00:00,2026-05-30 12:00:00,2026-05-30,12:00:00,Saturday,SN-B02,Zone B,64.9,39.7,42.6,26.4,87559.0,29.7,Numeric,0.0,False
2130,2026-05-30T12:00:00,2026-05-30 12:00:00,2026-05-30,12:00:00,Saturday,SN-B03,Zone B,68.3,38.0,42.6,26.4,87559.0,15.4,Numeric,0.0,False
2131,2026-05-30T12:00:00,2026-05-30 12:00:00,2026-05-30,12:00:00,Saturday,SN-C01,Zone C,44.1,36.9,40.8,21.7,89612.0,89.7,Numeric,,False
2132,2026-05-30T12:00:00,2026-05-30 12:00:00,2026-05-30,12:00:00,Saturday,SN-C02,Zone C,42.6,36.4,40.8,21.7,89612.0,7.0,Numeric,,False
2133,2026-05-30T12:00:00,2026-05-30 12:00:00,2026-05-30,12:00:00,Saturday,SN-C03,Zone C,41.3,36.2,40.8,21.7,89612.0,4.3,Numeric,0.0,False
2134,2026-05-30T12:00:00,2026-05-30 12:00:00,2026-05-30,12:00:00,Saturday,SN-D01,Zone D,76.2,39.44444444444444,42.44444444444444,21.6,95162.0,98.7,Numeric,0.0,False
2135,2026-05-30T12:00:00,2026-05-30 12:00:00,2026-05-30,12:00:00,Saturday,SN-D02,Zone D,79.8,36.44444444444444,42.44444444444444,21.6,95162.0,0.0,Numeric,0.0,False
2136,2026-05-30T12:00:00,2026-05-30 12:00:00,2026-05-30,12:00:00,Saturday,SN-D03,Zone D,77.9,39.4,42.4,21.6,95162.0,100.0,Numeric,0.0,False
2137,2026-05-30T16:00:00,2026-05-30 16:00:00,2026-05-30,16:00:00,Saturday,SN-A01,Zone A,,37.1,,29.5,68435.0,33.4,Numeric,0.0,True
2138,2026-05-30T16:00:00,2026-05-30 16:00:00,2026-05-30,16:00:00,Saturday,SN-A02,Zone A,76.5,39.5,42.2,29.5,68435.0,,Non-Numeric,0.0,True
2139,2026-05-30T16:00:00,2026-05-30 16:00:00,2026-05-30,16:00:00,Saturday,SN-A03,Zone A,79.0,38.6,42.2,29.5,68435.0,88.3,Numeric,0.0,True
2140,2026-05-30T16:00:00,2026-05-30 16:00:00,2026-05-30,16:00:00,Saturday,SN-B01,Zone B,71.0,37.2,40.8,32.2,53149.0,26.9,Numeric,0.0,True
2141,2026-05-30T16:00:00,2026-05-30 16:00:00,2026-05-30,16:00:00,Saturday,SN-B02,Zone B,,37.3,40.8,32.2,53149.0,28.7,Numeric,0.0,True
2142,2026-05-30T16:00:00,2026-05-30 16:00:00,2026-05-30,16:00:00,Saturday,SN-B03,Zone B,,,,,,14.4,Numeric,0.0,True
2143,2026-05-30T16:00:00,2026-05-30 16:00:00,2026-05-30,16:00:00,Saturday,SN-C01,Zone C,44.0,32.4,35.7,23.5,61980.0,88.5,Numeric,0.0,True
2144,2026-05-30T16:00:00,2026-05-30 16:00:00,2026-05-30,16:00:00,Saturday,SN-C02,Zone C,47.6,32.3,35.7,23.5,61980.0,6.2,Numeric,0.0,True
2145,2026-05-30T16:00:00,2026-05-30 16:00:00,2026-05-30,16:00:00,Saturday,SN-C03,Zone C,48.0,31.2,35.7,23.5,61980.0,3.0,Numeric,0.0,True
2146,2026-05-30T16:00:00,2026-05-30 16:00:00,2026-05-30,16:00:00,Saturday,SN-D01,Zone D,82.1,37.333333333333336,40.388888888888886,27.0,61759.0,97.9,Numeric,0.0,True
2147,2026-05-30T16:00:00,2026-05-30 16:00:00,2026-05-30,16:00:00,Saturday,SN-D02,Zone D,,,,,,0.0,Numeric,0.0,True
2148,2026-05-30T16:00:00,2026-05-30 16:00:00,2026-05-30,16:00:00,Saturday,SN-D03,Zone D,82.3,35.9,40.4,27.0,61759.0,98.9,Numeric,0.0,True
2149,2026-05-30T20:00:00,2026-05-30 20:00:00,2026-05-30,20:00:00,Saturday,SN-A01,Zone A,74.4,29.4,35.3,35.9,690.0,32.3,Numeric,,False
2150,2026-05-30T20:00:00,2026-05-30 20:00:00,2026-05-30,20:00:00,Saturday,SN-A02,Zone A,76.7,32.9,35.3,35.9,690.0,97.8,Numeric,0.0,False
2151,2026-05-30T20:00:00,2026-05-30 20:00:00,2026-05-30,20:00:00,Saturday,SN-A03,Zone A,74.4,30.4,35.3,35.9,690.0,87.1,Numeric,0.0,False
2152,2026-05-30T20:00:00,2026-05-30 20:00:00,2026-05-30,20:00:00,Saturday,SN-B01,Zone B,68.5,30.3,32.7,35.5,218.0,25.9,Numeric,0.0,False
2153,2026-05-30T20:00:00,2026-05-30 20:00:00,2026-05-30,20:00:00,Saturday,SN-B02,Zone B,68.7,29.3,,35.5,218.0,27.6,Numeric,0.0,False
2154,2026-05-30T20:00:00,2026-05-30 20:00:00,2026-05-30,20:00:00,Saturday,SN-B03,Zone B,69.4,26.4,32.7,35.5,,13.5,Numeric,0.0,False
2155,2026-05-30T20:00:00,2026-05-30 20:00:00,2026-05-30,20:00:00,Saturday,SN-C01,Zone C,44.7,31.8,36.3,49.3,506.0,87.6,Numeric,,False
2156,2026-05-30T20:00:00,2026-05-30 20:00:00,2026-05-30,20:00:00,Saturday,SN-C02,Zone C,45.5,34.1,36.3,49.3,506.0,4.9,Numeric,0.0,False
2157,2026-05-30T20:00:00,2026-05-30 20:00:00,2026-05-30,20:00:00,Saturday,SN-C03,Zone C,45.0,32.3,36.3,49.3,506.0,2.1,Numeric,0.0,False
2158,2026-05-30T20:00:00,2026-05-30 20:00:00,2026-05-30,20:00:00,Saturday,SN-D01,Zone D,75.9,28.944444444444443,34.77777777777778,,506.0,97.1,Numeric,0.0,False
2159,2026-05-30T20:00:00,2026-05-30 20:00:00,2026-05-30,20:00:00,Saturday,SN-D02,Zone D,81.9,31.72222222222222,34.77777777777778,41.8,506.0,0.0,Numeric,0.0,False
2160,2026-05-30T20:00:00,2026-05-30 20:00:00,2026-05-30,20:00:00,Saturday,SN-D03,Zone D,77.2,32.6,34.8,41.8,506.0,98.0,Numeric,0.0,False
2161,2026-05-31T00:00:00,2026-05-31 00:00:00,2026-05-31,00:00:00,Sunday,SN-A01,Zone A,73.4,21.2,25.9,53.8,13.0,31.1,Numeric,0.0,False
2162,2026-05-31T00:00:00,2026-05-31 00:00:00,2026-05-31,00:00:00,Sunday,SN-A02,Zone A,72.2,20.4,25.9,53.8,13.0,96.9,Numeric,0.0,False
2163,2026-05-31T00:00:00,2026-05-31 00:00:00,2026-05-31,00:00:00,Sunday,SN-A03,Zone A,72.1,20.5,25.9,53.8,13.0,,Non-Numeric,0.0,False
2164,2026-05-31T00:00:00,2026-05-31 00:00:00,2026-05-31,00:00:00,Sunday,SN-B01,Zone B,67.4,23.9,27.9,55.9,0.0,24.8,Numeric,0.0,False
2165,2026-05-31T00:00:00,2026-05-31 00:00:00,2026-05-31,00:00:00,Sunday,SN-B02,Zone B,67.2,23.3,27.9,55.9,0.0,26.5,Numeric,0.0,False
2166,2026-05-31T00:00:00,2026-05-31 00:00:00,2026-05-31,00:00:00,Sunday,SN-B03,Zone B,,,,,,12.6,Numeric,0.0,False
2167,2026-05-31T00:00:00,2026-05-31 00:00:00,2026-05-31,00:00:00,Sunday,SN-C01,Zone C,39.9,28.8,29.5,57.4,,86.3,Numeric,0.0,False
2168,2026-05-31T00:00:00,2026-05-31 00:00:00,2026-05-31,00:00:00,Sunday,SN-C02,Zone C,,,,,,4.1,Numeric,0.0,False
2169,2026-05-31T00:00:00,2026-05-31 00:00:00,2026-05-31,00:00:00,Sunday,SN-C03,Zone C,43.4,24.0,29.5,57.4,0.0,0.9,Numeric,0.0,False
2170,2026-05-31T00:00:00,2026-05-31 00:00:00,2026-05-31,00:00:00,Sunday,SN-D01,Zone D,76.0,21.77777777777778,26.611111111111114,,55.0,96.0,Numeric,0.0,False
2171,2026-05-31T00:00:00,2026-05-31 00:00:00,2026-05-31,00:00:00,Sunday,SN-D02,Zone D,,,,,,,Non-Numeric,0.0,False
2172,2026-05-31T00:00:00,2026-05-31 00:00:00,2026-05-31,00:00:00,Sunday,SN-D03,Zone D,74.7,23.5,26.6,56.5,55.0,96.8,Numeric,0.0,False
2173,2026-05-31T04:00:00,2026-05-31 04:00:00,2026-05-31,04:00:00,Sunday,SN-A01,Zone A,78.1,22.7,24.4,57.3,382.0,30.3,Numeric,0.0,True
2174,2026-05-31T04:00:00,2026-05-31 04:00:00,2026-05-31,04:00:00,Sunday,SN-A02,Zone A,,20.9,24.4,57.3,382.0,96.0,Numeric,0.0,True
2175,2026-05-31T04:00:00,2026-05-31 04:00:00,2026-05-31,04:00:00,Sunday,SN-A03,Zone A,77.6,,24.4,57.3,382.0,84.8,Numeric,0.0,True
2176,2026-05-31T04:00:00,2026-05-31 04:00:00,2026-05-31,04:00:00,Sunday,SN-B01,Zone B,72.4,24.0,27.0,63.0,0.0,24.0,Numeric,0.0,True
2177,2026-05-31T04:00:00,2026-05-31 04:00:00,2026-05-31,04:00:00,Sunday,SN-B02,Zone B,72.6,21.1,27.0,63.0,0.0,25.2,Numeric,0.0,True
2178,2026-05-31T04:00:00,2026-05-31 04:00:00,2026-05-31,04:00:00,Sunday,SN-B03,Zone B,72.6,21.2,27.0,63.0,0.0,11.6,Numeric,0.0,True
2179,2026-05-31T04:00:00,2026-05-31 04:00:00,2026-05-31,04:00:00,Sunday,SN-C01,Zone C,47.0,20.8,26.0,61.1,432.0,85.1,Numeric,0.0,True
2180,2026-05-31T04:00:00,2026-05-31 04:00:00,2026-05-31,04:00:00,Sunday,SN-C02,Zone C,,,,,,2.8,Numeric,0.0,True
2181,2026-05-31T04:00:00,2026-05-31 04:00:00,2026-05-31,04:00:00,Sunday,SN-C03,Zone C,44.8,23.9,26.0,61.1,432.0,0.0,Numeric,0.0,True
2182,2026-05-31T04:00:00,2026-05-31 04:00:00,2026-05-31,04:00:00,Sunday,SN-D01,Zone D,81.1,26.77777777777778,28.22222222222222,63.1,161.0,94.9,Numeric,0.0,True
2183,2026-05-31T04:00:00,2026-05-31 04:00:00,2026-05-31,04:00:00,Sunday,SN-D02,Zone D,80.5,23.388888888888886,28.22222222222222,63.1,161.0,0.0,Numeric,0.0,True
2184,2026-05-31T04:00:00,2026-05-31 04:00:00,2026-05-31,04:00:00,Sunday,SN-D03,Zone D,82.8,23.1,28.2,63.1,161.0,95.7,Numeric,0.0,True
2185,2026-05-31T08:00:00,2026-05-31 08:00:00,2026-05-31,08:00:00,Sunday,SN-A01,Zone A,76.2,29.2,33.7,39.7,26379.0,29.1,Numeric,0.0,False
2186,2026-05-31T08:00:00,2026-05-31 08:00:00,2026-05-31,08:00:00,Sunday,SN-A02,Zone A,73.3,28.5,33.7,39.7,26379.0,94.9,Numeric,0.0,False
2187,2026-05-31T08:00:00,2026-05-31 08:00:00,2026-05-31,08:00:00,Sunday,SN-A03,Zone A,76.8,29.8,33.7,39.7,26379.0,83.8,Numeric,0.0,False
2188,2026-05-31T08:00:00,2026-05-31 08:00:00,2026-05-31,08:00:00,Sunday,SN-B01,Zone B,68.4,29.7,33.0,50.2,26757.0,22.7,Numeric,0.0,False
2189,2026-05-31T08:00:00,2026-05-31 08:00:00,2026-05-31,08:00:00,Sunday,SN-B02,Zone B,69.3,27.6,33.0,50.2,26757.0,24.1,Numeric,0.0,False
2190,2026-05-31T08:00:00,2026-05-31 08:00:00,2026-05-31,08:00:00,Sunday,SN-B03,Zone B,68.2,30.9,33.0,50.2,26757.0,10.4,Numeric,0.0,
2191,2026-05-31T08:00:00,2026-05-31 08:00:00,2026-05-31,08:00:00,Sunday,SN-C01,Zone C,42.6,29.3,32.2,53.5,26160.0,84.1,Numeric,0.0,False
2192,2026-05-31T08:00:00,2026-05-31 08:00:00,2026-05-31,08:00:00,Sunday,SN-C02,Zone C,44.5,28.6,32.2,53.5,26160.0,1.7,Numeric,0.0,False
2193,2026-05-31T08:00:00,2026-05-31 08:00:00,2026-05-31,08:00:00,Sunday,SN-C03,Zone C,,,,,,0.0,Numeric,0.0,False
2194,2026-05-31T08:00:00,2026-05-31 08:00:00,2026-05-31,08:00:00,Sunday,SN-D01,Zone D,78.8,27.333333333333332,31.333333333333332,52.1,28603.0,93.7,Numeric,0.0,False
2195,2026-05-31T08:00:00,2026-05-31 08:00:00,2026-05-31,08:00:00,Sunday,SN-D02,Zone D,78.2,29.72222222222222,31.333333333333332,52.1,28603.0,0.0,Numeric,0.0,False
2196,2026-05-31T08:00:00,2026-05-31 08:00:00,2026-05-31,08:00:00,Sunday,SN-D03,Zone D,,,,,,,Numeric,,
2197,2026-05-31T12:00:00,2026-05-31 12:00:00,2026-05-31,12:00:00,Sunday,SN-A01,Zone A,73.9,40.2,42.2,21.7,98457.0,27.9,Numeric,0.0,False
2198,2026-05-31T12:00:00,2026-05-31 12:00:00,2026-05-31,12:00:00,Sunday,SN-A02,Zone A,70.7,37.3,42.2,21.7,98457.0,93.6,Numeric,0.0,False
2199,2026-05-31T12:00:00,2026-05-31 12:00:00,2026-05-31,12:00:00,Sunday,SN-A03,Zone A,72.6,40.2,42.2,21.7,98457.0,82.7,Numeric,0.0,False
2200,,,,,,SN-B01,Zone B,67.6,38.5,42.7,19.1,90859.0,21.7,Numeric,0.0,False
2201,2026-05-31T12:00:00,2026-05-31 12:00:00,2026-05-31,12:00:00,Sunday,SN-B02,Zone B,67.6,39.5,42.7,19.1,90859.0,23.1,Numeric,0.0,False
2202,2026-05-31T12:00:00,2026-05-31 12:00:00,2026-05-31,12:00:00,Sunday,SN-B03,Zone B,66.6,35.4,42.7,19.1,90859.0,9.5,Numeric,0.0,False
2203,2026-05-31T12:00:00,2026-05-31 12:00:00,2026-05-31,12:00:00,Sunday,SN-C01,Zone C,41.8,35.7,40.3,22.1,92901.0,,Non-Numeric,0.0,False
2204,2026-05-31T12:00:00,2026-05-31 12:00:00,2026-05-31,12:00:00,Sunday,SN-C02,Zone C,40.9,36.5,40.3,22.1,92901.0,0.5,Numeric,0.0,False
2205,2026-05-31T12:00:00,2026-05-31 12:00:00,2026-05-31,12:00:00,Sunday,SN-C03,Zone C,40.9,36.8,40.3,22.1,92901.0,0.0,Numeric,0.0,False
2206,2026-05-31T12:00:00,2026-05-31 12:00:00,2026-05-31,12:00:00,Sunday,SN-D01,Zone D,77.8,40.55555555555556,43.5,26.6,102580.0,92.7,Numeric,0.0,False
2207,2026-05-31T12:00:00,2026-05-31 12:00:00,2026-05-31,12:00:00,Sunday,SN-D02,Zone D,77.7,40.666666666666664,43.5,26.6,102580.0,0.0,Numeric,0.0,False
2208,2026-05-31T12:00:00,2026-05-31 12:00:00,2026-05-31,12:00:00,Sunday,SN-D03,Zone D,76.1,40.5,43.5,26.6,102580.0,93.4,Numeric,0.0,False
2209,2026-05-31T16:00:00,2026-05-31 16:00:00,2026-05-31,16:00:00,Sunday,SN-A01,Zone A,78.1,37.4,41.0,26.0,64968.0,26.7,Numeric,0.0,True
2210,2026-05-31T16:00:00,2026-05-31 16:00:00,2026-05-31,16:00:00,Sunday,SN-A02,Zone A,77.8,38.0,41.0,26.0,64968.0,92.4,Numeric,0.0,True
2211,2026-05-31T16:00:00,2026-05-31 16:00:00,2026-05-31,16:00:00,Sunday,SN-A03,Zone A,77.4,35.6,41.0,26.0,64968.0,81.6,Numeric,0.0,True
2212,2026-05-31T16:00:00,2026-05-31 16:00:00,2026-05-31,16:00:00,Sunday,SN-B01,Zone B,69.6,36.6,41.6,25.3,55592.0,20.7,Numeric,,True
2213,2026-05-31T16:00:00,2026-05-31 16:00:00,2026-05-31,16:00:00,Sunday,SN-B02,Zone B,70.6,39.0,41.6,25.3,55592.0,22.2,Numeric,0.0,True
2214,2026-05-31T16:00:00,2026-05-31 16:00:00,2026-05-31,16:00:00,Sunday,SN-B03,Zone B,70.2,38.5,41.6,25.3,55592.0,100.0,Numeric,0.0,True
2215,2026-05-31T16:00:00,2026-05-31 16:00:00,2026-05-31,16:00:00,Sunday,SN-C01,Zone C,46.3,38.0,42.2,31.3,54319.0,82.1,Numeric,0.0,True
2216,2026-05-31T16:00:00,2026-05-31 16:00:00,2026-05-31,16:00:00,Sunday,SN-C02,Zone C,,,,,,0.0,Numeric,0.0,True
2217,2026-05-31T16:00:00,2026-05-31 16:00:00,2026-05-31,16:00:00,Sunday,SN-C03,Zone C,,,,,,0.0,Numeric,0.0,True
2218,2026-05-31T16:00:00,2026-05-31 16:00:00,2026-05-31,16:00:00,Sunday,SN-D01,Zone D,81.2,39.44444444444444,42.44444444444444,24.0,59481.0,91.8,Numeric,0.0,True
2219,2026-05-31T16:00:00,2026-05-31 16:00:00,2026-05-31,16:00:00,Sunday,SN-D02,Zone D,,,,,,0.0,Numeric,0.0,True
2220,2026-05-31T16:00:00,2026-05-31 16:00:00,2026-05-31,16:00:00,Sunday,SN-D03,Zone D,79.6,37.7,42.5,24.0,59481.0,92.1,Numeric,0.0,True
2221,2026-05-31T20:00:00,2026-05-31 20:00:00,2026-05-31,20:00:00,Sunday,SN-A01,Zone A,76.3,33.1,35.9,39.6,696.0,25.8,Numeric,0.0,False
2222,2026-05-31T20:00:00,2026-05-31 20:00:00,2026-05-31,20:00:00,Sunday,SN-A02,Zone A,73.0,30.6,35.9,39.6,696.0,91.5,Numeric,0.0,False
2223,2026-05-31T20:00:00,2026-05-31 20:00:00,2026-05-31,20:00:00,Sunday,SN-A03,Zone A,74.7,31.7,35.9,39.6,696.0,80.8,Numeric,0.0,False
2224,2026-05-31T20:00:00,2026-05-31 20:00:00,2026-05-31,20:00:00,Sunday,SN-B01,Zone B,68.8,30.8,35.7,39.3,257.0,19.8,Numeric,0.0,False
2225,2026-05-31T20:00:00,2026-05-31 20:00:00,2026-05-31,20:00:00,Sunday,SN-B02,Zone B,69.8,32.7,35.7,39.3,257.0,21.2,Numeric,0.0,False
2226,2026-05-31T20:00:00,2026-05-31 20:00:00,2026-05-31,20:00:00,Sunday,SN-B03,Zone B,68.8,30.5,35.7,39.3,257.0,,Non-Numeric,0.0,False
2227,2026-05-31T20:00:00,2026-05-31 20:00:00,2026-05-31,20:00:00,Sunday,SN-C01,Zone C,44.0,31.7,33.9,,611.0,81.2,Numeric,0.0,
2228,2026-05-31T20:00:00,2026-05-31 20:00:00,2026-05-31,20:00:00,Sunday,SN-C02,Zone C,40.1,31.5,33.9,41.8,611.0,0.0,Numeric,0.0,False
2229,2026-05-31T20:00:00,2026-05-31 20:00:00,2026-05-31,20:00:00,Sunday,SN-C03,Zone C,,,,,,0.0,Numeric,0.0,False
2230,,,,,,SN-D01,Zone D,78.6,30.444444444444443,34.72222222222222,46.3,788.0,90.6,Numeric,0.0,False
2231,2026-05-31T20:00:00,2026-05-31 20:00:00,2026-05-31,20:00:00,Sunday,SN-D02,Zone D,78.9,30.833333333333332,34.72222222222222,46.3,788.0,0.0,Numeric,0.0,False
2232,2026-05-31T20:00:00,2026-05-31 20:00:00,2026-05-31,20:00:00,Sunday,SN-D03,Zone D,80.1,30.9,34.7,46.3,788.0,91.0,Numeric,0.0,False
