Reading_ID,Timestamp,Sensor_ID,Field_Zone,Soil_Moisture,Soil_Temp,Air_Temp,Humidity,Light_Lux,Battery_Level,Rainfall_mm,Irrigation_Status
1,2026-05-01 00:00,SN-A01,Zone A,69.0,24.8,NA,54.4,0.0,99.1,0.0,Off
2,2026-05-01 00:00,SN-A02,zone_a,67.8%,23.2,28.6,54.4,0.0,99.2,0.0,OFF
3,01-May-2026 00:00,sn-a03,ZoneA,67.5,23.2,28.6,54.4,0.0,99.1,0.0,FALSE
4,2026-05-01 00:00,sn_b01,Zone B,62.1,23.7,27.3,50.9,94.0,99.0,0.0,No
5,2026-05-01 00:00,SN-B02, Zone B,62.2%,24.9,27.3,50.9,94.0,98.9,0.0,FALSE
6,01-May-2026 00:00,SN-B03,Zone B,105,25.2,27.3,50.9,94.0,98.7,0.0,FALSE
7,2026-05-01 00:00, SN-C01 ,ZoneC,38.2%,22.9,27.2,62.4,0.0,98.7,0.0,Off
8,01-May-2026 00:00,SN-C02,Zone_C,36.0,22.0,27.2,-999,0.0,98.9,0.0,OFF
9,2026-05-01 00:00,SN-C03,Zone C,39.6,24.0,27.2,62.4,0.0,98.7,0.0,OFF
10,2026-05-01 00:00,SN-D01,Zone D,71.8,73.1,81.7,49.1,0.0,99.0,0.0,OFF
11,2026-05-01 00:00,SN-D02,zone_d,71.0,78.0,81.7,49.1,0.0,99.2,0.0,FALSE
12,2026/05/01T00:00:00,SN-D03,Zone D,73.4,25.5,27.6,49.1,0.0,98.8,0.0,0
13,2026/05/01T04:00:00, SN-A01 ,Zone A,76.4%,21.9,25.9,58.8,0.0,98.3,0.0,TRUE
14,05-01-2026 04:00 AM, SN-A02 ,Zone A,76.4,22.3,25.9,58.8,0.0,98.2,0.0,NA
15,2026-05-01 04:00,SN-A03,Zone A,-15,22.2,25.9,58.8,0.0,98.1,N/A,On
16,2026-05-01 04:00,SN-B01,ZoneB,68.6,25.0,28.4,63.6,6.0,98.0,0.0,ON
17,2026-05-01 04:00,SN-B02,Zone B,70.7,25.5,28.4,63.6,6.0,97.6,0.0,N/A
18,2026/05/01T04:00:00,SN-B03,Zone B,70.4,26.1,28.4,63.6,-999,97.5,0.0,1
19,05-01-2026 04:00 AM,SN-C01,zone_c,45.6,21.3,26.5,54.1,0.0,97.8,0.0,TRUE
20,01/05/2026 04:00,SN-C02,Zone C,44.6,21.1,26.5,54.1,0.0,97.8,0.0,ON
21,01-May-2026 04:00,SN-C03,Zone_C,42.1,21.6,26.5,54.1,0.0,97.8,0.0,Yes
22,2026/05/01T04:00:00,SN-D01,zone_d,82.7,70.3,80.6,61.9,0.0,98.1,0.0,ON
23,2026-05-01 04:00,SN-D02,ZoneD,80.7,75.2,80.6,61.9,0.0,98.2,0.0,Yes
24,,SN-D03,Zone_D,80.9,25.2,27.0,61.9,N/A,97.9,0.0,TRUE
25,2026/05/01T08:00:00,SN-A01,Zone A,70.9,27.4,31.0,45.3,29380.0,97.3,0.0,0
26,2026-05-01 08:00, SN-A02 ,Zone A,NA,28.5,31.0,45.3,29380.0,96.9,0.0,Off
27,2026-05-01 08:00,SN-A03,Zone A,73.3,28.0,31.0,45.3,29380.0,97.0,0.0,0
28,05-01-2026 08:00 AM,SN-B01,Zone B,66.6,32.2,34.0,40.1,29502.0,96.8,0.0,Off
29,2026-05-01 08:00,SNB02,Zone B,67.7,N/A,34.0,40.1,29502.0,LOW,0.0,No
30,01-May-2026 08:00,SN-B03,Zone B,69.7%,31.9,34.0,40.1,29502.0,96.6,0.0,Off
31,05-01-2026 08:00 AM, SN-C01 ,Zone C,44.1,27.3,31.7,48.1,26764.0,96.6,0.0,Off
32,01-May-2026 08:00,SN-C02,Zone C,44.3,27.0,31.7,48.1,26764.0,96.8,0.0,FALSE
33,05-01-2026 08:00 AM,sn_c03,Zone C,41.0,27.5,31.7,48.1,26764.0,96.7,0.0,OFF
34,05-01-2026 08:00 AM,SN-D01,Zone D,79.1,89.1,97.8,47.5,25901.0,97.3,0.0,0
35,01-May-2026 08:00, SN-D02 ,Zone D,,,,,,,,
36,01-May-2026 08:00,SN-D03,Zone D,78.1,32.0,36.5,47.5,25901.0,97.0,0.0,OFF
37,2026-05-01 12:00,SN-A01, Zone A,69.4,35.1,40.9,25.6,98595.0,96.1,0.0,OFF
38,,SN-A02,Zone_A,69.1%,35.8,40.9,25.6,98595.0,95.7,0.0,No
39,2026-05-01 12:00, SN-A03 ,Zone A,70.9,37.2,40.9,25.6,98595.0,95.9,0.0,FALSE
40,2026-05-01 12:00, SN-B01 ,ZoneB,63.5,38.3,42.8,23.7,91682.0,95.9,0.0,0
41,01-May-2026 12:00,SN-B02,Zone B,64.4,40.8,42.8,23.7,91682.0,95.8,0.0,No
42,2026-05-01 12:00,SN-B03,Zone B,66.4,39.1,42.8,23.7,91682.0,95.5,0.0,FALSE
43,2026-05-01 12:00,SN-C01,Zone C,41.3,38.1,42.1,22.4,96567.0,95.3,0.0,No
44,01/05/2026 12:00,SN-C02, Zone C,44.8,38.9,42.1,22.4,,95.8,0.0,Off
45,2026-05-01 12:00,SN-C03,Zone C,41.7,40.2,42.1,22.4,96567.0,95.8,0.0,FALSE
46,2026-05-01 12:00,SN-D01,Zone D,75.3,105.4,108.5,20.0,108239.0,96.2,0.0,OFF
47,2026-05-01 12:00,SN-D02,Zone D,73.8,102.6,108.5,-999,108239.0,96.0,0.0,OFF
48,2026/05/01T12:00:00,SN-D03,Zone D,73.5,38.6,42.5,20.0,108239.0,96.1,0.0,0
49,01/05/2026 16:00,SN-A01,Zone A,76.1,38.5,43.1,22.3,62393.0,95.0,0.0,TRUE
50,01-May-2026 16:00,SN-A02,Zone A,75.6,39.0,43.1,22.3,62393.0,94.6,0.0,ON
51,2026-05-01 16:00,SN-A03,Zone A,77.5,37.3,43.1,22.3,62393.0,94.9,0.0,ON
52,2026/05/01T16:00:00,SN-B01,Zone B,70.5,37.3,41.3,31.5,51280.0,94.7,0.0,On
53,01-May-2026 16:00,SN-B02,ZoneB,70.5,35.8,41.3,31.5,51280.0,94.6,0.0,TRUE
54,2026-05-01 16:00,SN-B03,Zone B,70.1,36.9,41.3,31.5,51280.0,94.2,0.0,TRUE
55,01-May-2026 16:00,SN-C01,Zone C,N/A,N/A,40.7,-10,64393.0,94.1,0.0,Yes
56,2026-05-01 16:00,SN-C02,Zone C,47.1,38.8,40.7,32.4,64393.0,95.0,0.0,TRUE
57,05-01-2026 04:00 PM,SN-C03,Zone C,105,36.8,40.7,32.4,64393.0,94.8,0.0,Yes
58,2026-05-01 16:00,SN-D01,zone_d,81.5,104.3,107.4,25.2,60889.0,95.1,0.0,TRUE
59,01-May-2026 16:00,SN-D02,Zone D,79.4,103.7,107.4,25.2,60889.0,95.1,0.0,Yes
60,01/05/2026 16:00,SN-D03,Zone D,81.3,36.1,41.9,25.2,60889.0,95.3,N/A,ON
61,2026/05/01T20:00:00,SN-A01,Zone A,77.0,30.1,34.1,39.1,0.0,93.8,0.0,Off
62,05-01-2026 08:00 PM,sn-a02,Zone A,73.7,32.2,34.1,39.1,0.0,93.8,0.0,Off
63,05-01-2026 08:00 PM,SN-A03,Zone A,72.7,31.0,34.1,39.1,0.0,93.8,0.0,0
64,,SN-B01,zone_b,68.9,30.2,34.5,40.9,440.0,93.6,0.0,Off
65,01-May-2026 20:00,sn_b02,Zone B,68.4,32.0,34.5,40.9,440.0,93.6,0.0,No
66,01-May-2026 20:00,SN-B03,Zone B,67.6,30.9,34.5,40.9,440.0,93.3,0.0,OFF
67,2026-05-01 20:00,SN-C01,Zone C,,28.7,33.9,37.6,804.0,93.2,0.0,Off
68,01/05/2026 20:00,SN-C02,zone_c,NA,29.9,33.9,37.6,804.0,94.1,0.0,FALSE
69,05-01-2026 08:00 PM,SN-C03,Zone_C,105,29.8,33.9,37.6,804.0,93.8,0.0,0
70,2026-05-01 20:00,sn_d01,Zone D,74.9,86.6,93.9,33.1,977.0,93.9,0.0,No
71,2026-05-01 20:00,sn_d02,ZoneD,75.7,85.3,93.9,33.1,977.0,94.3,0.0,No
72,2026-05-01 20:00,SN-D03,Zone D,76.6%,30.2,34.4,33.1,977.0,94.0,0.0,0
73,02/05/2026 00:00,SN-A01,Zone_A,75.5,24.9,28.2,57.1,318.0,92.8,0.0,Off
74,2026/05/02T00:00:00,SN-A02,Zone_A,71.2,24.8,28.2,57.1,318.0,92.7,0.0,No
75,2026-05-02 00:00,SN-A03,Zone A,70.4,26.1,28.2,57.1,318.0,92.8,0.0,Off
76,2026-05-02 00:00,SN-B01,Zone B,62.2,27.1,29.8,51.1,206.0,92.8,0.0,FALSE
77,02-May-2026 00:00,sn_b02,Zone B,67.2,26.1,29.8,51.1,206.0,92.4,0.0,FALSE
78,05-02-2026 12:00 AM,SN-B03,Zone B,64.8,27.1,29.8,51.1,206.0,92.2,0.0,FALSE
79,02/05/2026 00:00,SN-C01,Zone C,40.5,25.9,28.5,54.9,337.0,92.3,0.0,Off
80,02/05/2026 00:00,SN-C02,Zone C,40.2,25.0,28.5,54.9,337.0,93.2,0.0,0
81,2026-05-02 00:00,SN-C03,Zone C,40.4%,25.5,28.5,-10,337.0,92.9,0.0,Off
82,2026-05-02 00:00,SN-D01,Zone D,75.5,71.8,80.5,54.6,0.0,92.9,N/A,FALSE
83,05-02-2026 12:00 AM,SN-D02,Zone D,74.1,71.4,80.5,54.6,0.0,93.2,0.0,OFF
84,2026-05-02 00:00,SN-D03, Zone D,74.7%,22.0,27.0,54.6,0.0,92.9,0.0,Off
85,02-May-2026 04:00, SN-A01 ,ZoneA,76.0,23.4,25.0,65.5,255.0,91.5,0.0,TRUE
86,2026/05/02T04:00:00,SN-A02,Zone A,73.3,21.6,25.0,65.5,255.0,91.8,0.0,On
87,2026-05-02 04:00,SN-A03,Zone A,76.8,21.6,25.0,65.5,255.0,91.8,0.0,Yes
88,02-May-2026 04:00,SN-B01,Zone B,69.6,23.7,27.8,56.5,0.0,91.7,0.0,On
89,02-May-2026 04:00, SN-B02 ,Zone B,70.6,24.7,27.8,56.5,0.0,91.2,0.0,TRUE
90,2026-05-02 04:00,SN-B03,Zone B,70.0,24.2,27.8,56.5,0.0,91.3,0.0,1
91,2026-05-02 04:00,SN-C01,Zone C,45.7,24.5,27.1,56.7,117.0,91.1,0.0,1
92,2026-05-02 04:00, SN-C02 ,Zone C,46.0,21.8,27.1,56.7,117.0,92.1,0.0,ON
93,02/05/2026 04:00,SN-C03,Zone C,44.3,23.0,27.1,56.7,117.0,91.9,0.0,Yes
94,2026-05-02 04:00,SN-D01,Zone D,80.5,75.4,82.5,55.4,80.0,91.9,0.0,Yes
95,05-02-2026 04:00 AM,SN-D02,Zone D,78.3,71.5,82.5,,80.0,92.0,0.0,On
96,2026/05/02T04:00:00,SN-D03,Zone D,79.7,25.1,28.0,-999,80.0,91.6,0.0,ON
97,2026/05/02T08:00:00,SN-A01,zone_a,75.6,30.4,33.1,44.4,28590.0,90.3,0.0,OFF
98,2026/05/02T08:00:00,SN-A02,Zone_A,73.4,29.3,33.1,44.4,28590.0,90.7,0.0,Off
99,2026-05-02 08:00,SN-A03,Zone A,76.5%,28.0,33.1,44.4,28590.0,90.6,0.0,Off
100,2026-05-02 08:00,sn-b01,Zone B,69.1,28.2,32.5,45.1,26254.0,90.5,0.0,Off
101,02/05/2026 08:00,SN-B02,Zone B,65.7,30.5,32.5,45.1,26254.0,90.4,0.0,No
102,05-02-2026 08:00 AM,SN-B03,Zone B,69.2,27.7,32.5,45.1,-500,90.1,-999,OFF
103,05-02-2026 08:00 AM,SN-C01,Zone C,150,27.2,32.4,41.6,26340.0,89.8,0.0,FALSE
104,02-May-2026 08:00,SN-C02,Zone C,43.0,30.0,32.4,41.6,26340.0,90.9,NA,No
105,2026-05-02 08:00,sn-c03, Zone C,44.0,27.7,32.4,41.6,26340.0,90.7,NA,No
106,2026-05-02 08:00,SN-D01,Zone D,79.8,84.5,88.5,37.9,28130.0,90.6,0.0,0
107,,SN-D02, Zone D,77.6,81.3,88.5,37.9,28130.0,91.2,0.0,OFF
108,2026/05/02T08:00:00,SN-D03,Zone_D,77.2,26.2,31.4,37.9,28130.0,null,0.0,FALSE
109,2026/05/02T12:00:00,SN-A01,Zone A,73.2,39.1,44.1,23.0,107352.0,89.5,0.0,No
110,05-02-2026 12:00 PM,sn_a02,Zone A,73.2,42.3,44.1,23.0,107352.0,89.6,0.0,No
111,02-May-2026 12:00,SN-A03,zone_a,72.8,41.0,44.1,23.0,107352.0,89.8,0.0,0
112,05-02-2026 12:00 PM,sn_b01,Zone B,65.0,38.9,42.1,19.8,101380.0,89.5,0.0,FALSE
113,2026/05/02T12:00:00,SN-B02,Zone B,65.1,N/A,42.1,19.8,101380.0,89.3,0.0,No
114,02/05/2026 12:00, SN-B03 ,Zone B,65.5,37.1,42.1,19.8,101380.0,89.0,0.0,Off
115,05-02-2026 12:00 PM,SN-C01,Zone C,42.6,37.1,41.7,20.6,83183.0,LOW,0.0,OFF
116,02-May-2026 12:00,SN-C02,Zone C,42.3,41.1,41.7,20.6,83183.0,90.0,0.0,Off
117,2026-05-02 12:00,SN-C03,Zone C,38.8,35.7,41.7,20.6,83183.0,89.9,0.0,OFF
118,2026-05-02 12:00,SN-D01,Zone D,76.5,105.0,110.2,30.0,NA,89.7,0.0,FALSE
119,02/05/2026 12:00,SN-D02,Zone D,76.5,107.3,110.2,30.0,84552.0,90.1,0.0,OFF
120,2026-05-02 12:00,sn_d03,Zone D,75.2,40.3,43.4,30.0,84552.0,89.5,0.0,OFF
121,02-May-2026 16:00,SN-A01,Zone A,74.9,34.4,39.4,30.9,53034.0,88.3,0.0,Yes
122,2026-05-02 16:00, SN-A02 ,Zone A,75.0%,35.0,39.4,30.9,53034.0,88.3,0.0,1
123,2026-05-02 16:00,SNA03,Zone_A,78.5%,37.2,NA,110,53034.0,88.5,0.0,1
124,2026-05-02 16:00,SNB01,Zone B,72.1,33.8,-40,31.0,57946.0,N/A,0.0,Yes
125,02/05/2026 16:00,SN-B02,Zone B,73.5,36.0,38.7,31.0,57946.0,88.3,0.0,Yes
126,02/05/2026 16:00,SN-B03,ZoneB,70.4,35.5,38.7,31.0,57946.0,88.2,0.0,On
127,02/05/2026 16:00,SN-C01,Zone C,46.9,39.6,41.3,24.1,56535.0,87.5,0.0,Yes
128,02-May-2026 16:00,SN-C02,Zone C,49.9%,37.8,41.3,24.1,56535.0,88.9,0.0,On
129,2026-05-02 16:00,SN-C03,ZoneC,44.2,37.4,41.3,24.1,56535.0,89.1,0.0,On
130,2026-05-02 16:00,SN-D01,ZoneD,84.3,97.2,107.2,21.9,57163.0,88.6,0.0,TRUE
131,2026-05-02 16:00,sn_d02,ZoneD,80.8,,107.2,21.9,57163.0,88.9,0.0,Yes
132,2026-05-02 16:00,sn_d03,Zone D,79.9%,39.2,41.8,21.9,57163.0,88.4,0.0,TRUE
133,2026-05-02 20:00,sn-a01, Zone A,72.7,30.9,35.0,47.1,-1,null,0.0,OFF
134,2026/05/02T20:00:00,SN-A02, Zone A,72.8,28.6,35.0,47.1,61.0,87.3,0.0,Off
135,2026-05-02 20:00,SN-A03,Zone_A,73.2,30.7,35.0,47.1,61.0,87.5,0.0,0
136,2026-05-02 20:00,sn_b01,Zone B,70.2,33.9,36.4,43.3,600.0,87.3,0.0,OFF
137,02-May-2026 20:00,SN-B02,Zone B,69.0,31.9,36.4,43.3,600.0,87.2,0.0,0
138,2026/05/02T20:00:00,SN-B03,zone_b,68.4,33.9,36.4,43.3,600.0,86.9,0.0,OFF
139,2026-05-02 20:00,SN-C01,ZoneC,43.8,31.2,35.3,38.1,398.0,86.6,0.0,0
140,2026/05/02T20:00:00,SN-C02,Zone_C,43.8,32.7,35.3,38.1,398.0,87.6,0.0,FALSE
141,05-02-2026 08:00 PM,SN-C03,Zone C,43.9,31.3,35.3,38.1,398.0,87.9,0.0,FALSE
142,2026-05-02 20:00,SN-D01,zone_d,77.1%,87.3,98.3,49.2,447.0,87.3,0.0,No
143,2026/05/02T20:00:00,SN-D02,Zone D,76.9,90.9,98.3,49.2,447.0,88.0,0.0,OFF
144,2026-05-02 20:00,sn_d03,Zone D,76.6,31.3,36.8,49.2,447.0,87.5,0.0,0
145,2026-05-03 00:00,SN-A01,Zone A,69.2,26.2,29.3,54.1,693.0,86.2,0.0,OFF
146,2026-05-03 00:00,SN-A02,Zone_A,73.0%,25.7,29.3,54.1,693.0,86.2,0.0,FALSE
147,2026-05-03 00:00,SN-A03,Zone A,70.0,26.9,29.3,54.1,NA,86.6,0.0,No
148,05-03-2026 12:00 AM,SN-B01,Zone B,70.3,23.8,27.3,51.7,141.0,86.4,0.0,FALSE
149,2026-05-03 00:00,SN-B02, Zone B,65.4,21.8,27.3,-999,141.0,86.3,0.0,Off
150,03-May-2026 00:00,SN-B03,Zone B,67.8,24.0,27.3,51.7,141.0,85.7,0.0,FALSE
151,03-May-2026 00:00,SN-C01,Zone C,41.1,24.2,27.8,51.8,265.0,85.5,0.0,FALSE
152,05-03-2026 12:00 AM,SN-C02,ZoneC,43.6,24.8,N/A,51.8,265.0,86.4,0.0,0
153,03/05/2026 00:00,SN-C03,Zone C,41.6,24.0,27.8,51.8,265.0,86.9,0.0,OFF
154,03/05/2026 00:00,SND01,Zone_D,77.0,74.6,81.6,57.4,333.0,86.0,0.0,0
155,,SN-D02,ZoneD,75.6,75.5,81.6,57.4,333.0,86.9,0.0,0
156,05-03-2026 12:00 AM,SN-D03,ZoneD,77.9,23.8,27.5,N/A,333.0,86.3,0.0,0
157,2026-05-03 04:00,SN-A01,ZoneA,72.9,22.9,27.2,60.2,226.0,85.1,0.0,TRUE
158,2026-05-03 04:00,SN-A02,Zone A,77.4,24.6,27.2,60.2,226.0,85.3,0.0,ON
159,2026-05-03 04:00,SNA03,Zone A,77.4,23.1,27.2,60.2,226.0,85.7,0.0,On
160,2026-05-03 04:00,SN-B01,Zone B,72.0,25.3,28.3,58.1,N/A,85.1,0.0,ON
161,03/05/2026 04:00,SN-B02,Zone B,150,25.3,N/A,58.1,,85.5,0.0,Yes
162,2026-05-03 04:00,SN-B03,Zone B,69.3,23.2,28.3,58.1,38.0,84.7,0.0,On
163,05-03-2026 04:00 AM,SN-C01,Zone C,47.0,21.8,25.7,62.8,,84.6,0.0,ON
164,05-03-2026 04:00 AM,SN-C02,Zone C,47.5,20.9,25.7,62.8,337.0,85.3,0.0,Yes
165,05-03-2026 04:00 AM,SN-C03,Zone C,,22.0,25.7,62.8,337.0,86.0,0.0,ON
166,03-May-2026 04:00,SND01,Zone D,82.1,72.8,NA,62.0,0.0,84.8,0.0,Yes
167,03/05/2026 04:00,sn_d02,Zone D,84.4,73.4,79.8,62.0,0.0,86.0,0.0,On
168,03/05/2026 04:00,SND03,Zone D,80.9%,22.3,26.6,62.0,0.0,85.5,0.0,Yes
169,03-May-2026 08:00,SNA01,Zone A,NA,30.1,33.2,42.3,25869.0,84.1,0.0,No
170,03/05/2026 08:00,SNA02,Zone A,72.6,28.9,-999,42.3,25869.0,84.2,0.0,Off
171,2026-05-03 08:00,sn_a03,Zone A,75.3,30.3,N/A,42.3,25869.0,84.9,0.0,No
172,05-03-2026 08:00 AM,SN-B01,zone_b,68.6,28.0,31.5,51.0,28764.0,84.3,0.0,OFF
173,03/05/2026 08:00,SN-B02,zone_b,68.8,27.1,31.5,51.0,28764.0,84.7,0.0,0
174,2026-05-03 08:00,SN-B03,Zone_B,67.4,28.3,31.5,51.0,28764.0,83.6,0.0,0
175,03-May-2026 08:00,SN-C01,Zone C,43.2,30.8,34.8,,NA,83.4,0.0,0
176,2026-05-03 08:00,sn_c02,Zone C,43.1,30.5,34.8,48.7,24609.0,84.4,0.0,0
177,2026-05-03 08:00,SN-C03,Zone C,44.8,29.6,34.8,48.7,24609.0,84.9,0.0,FALSE
178,2026-05-03 08:00,SN-D01,Zone D,80.7%,84.7,90.3,43.7,32125.0,83.8,0.0,FALSE
179,2026-05-03 08:00,SN-D02,Zone D,80.3%,84.9,90.3,43.7,32125.0,-85.0,0.0,FALSE
180,2026-05-03 08:00,SN-D03,ZoneD,82.4,27.6,-999,43.7,32125.0,84.3,0.0,Off
181,03-May-2026 12:00,SN-A01,Zone A,73.4,36.1,41.4,31.3,90141.0,82.9,0.0,OFF
182,03-May-2026 12:00,SN-A02,Zone A,74.1,36.6,,31.3,90141.0,83.2,0.0,0
183,2026-05-03 12:00, SN-A03 ,Zone A,70.5,38.9,41.4,31.3,90141.0,83.8,0.0,-999
184,2026-05-03 12:00,SN-B01,Zone B,64.7,37.2,42.3,22.8,108233.0,83.4,0.0,FALSE
185,03/05/2026 12:00,SN-B02,Zone B,69.1,38.0,42.3,22.8,108233.0,83.7,0.0,0
186,2026-05-03 12:00,SN-B03,Zone_B,65.8,37.9,42.3,22.8,108233.0,82.6,0.0,Off
187,03-May-2026 12:00,SN-C01,Zone C,-999,38.1,41.4,26.4,107923.0,82.5,0.0,FALSE
188,2026-05-03 12:00,SN-C02,Zone C,41.4,36.4,41.4,26.4,107923.0,83.4,0.0,Off
189,2026-05-03 12:00,SN-C03,Zone C,42.4,36.4,41.4,26.4,107923.0,84.0,0.0,No
190,05-03-2026 12:00 PM,sn_d01,Zone D,77.8,106.9,112.5,26.5,97562.0,82.6,0.0,OFF
191,03/05/2026 12:00,SN-D02,Zone D,78.0,106.1,112.5,26.5,97562.0,83.9,0.0,FALSE
192,03-May-2026 12:00,SN-D03,ZoneD,79.9,40.0,44.7,26.5,97562.0,83.3,0.0,OFF
193,2026-05-03 16:00,SN-A01,Zone A,77.4,39.4,42.3,16.4,59538.0,82.1,0.0,Yes
194,2026-05-03 16:00,SN-A02,Zone A,75.2,37.7,42.3,16.4,59538.0,82.2,0.0,On
195,,SN-A03,Zone A,78.6,39.9,42.3,16.4,59538.0,82.7,0.0,TRUE
196,03/05/2026 16:00,SN-B01,Zone B,71.6,36.5,41.6,23.7,63060.0,82.4,0.0,ON
197,2026/05/03T16:00:00,SN-B02,Zone B,70.1,36.3,41.6,23.7,63060.0,82.6,0.0,Yes
198,,SNB03,zone_b,72.8,38.5,41.6,23.7,63060.0,81.4,0.0,ON
199,2026-05-03 16:00,SN-C01,Zone C,44.3,36.5,40.8,28.1,56459.0,81.4,0.0,1
200,03-May-2026 16:00,SN-C02,Zone C,46.0,34.6,40.8,28.1,56459.0,82.6,0.0,1
201,2026-05-03 16:00,sn_c03,Zone C,45.6,37.3,40.8,28.1,56459.0,82.8,0.0,On
202,03-May-2026 16:00,sn_d01,Zone D,81.8%,93.3,-999,33.8,60058.0,81.5,0.0,TRUE
203,2026-05-03 16:00,SN-D02,Zone D,80.7,95.0,102.2,33.8,60058.0,NA,0.0,1
204,2026-05-03 16:00,SN-D03,Zone D,80.9,35.0,39.0,33.8,60058.0,82.3,0.0,Yes
205,2026-05-03 20:00,sn_a01,Zone_A,120,29.2,33.7,43.8,447.0,80.9,0.0,No
206,2026-05-03 20:00,SN-A02,Zone A,74.5,29.4,33.7,43.8,447.0,81.1,0.0,No
207,2026-05-03 20:00,SN-A03,Zone A,74.7,29.4,33.7,43.8,447.0,81.6,0.0,0
208,03/05/2026 20:00,SN-B01,Zone B,69.3,30.3,35.7,40.2,471.0,81.5,0.0,FALSE
209,05-03-2026 08:00 PM,SNB02,Zone B,69.5,31.5,N/A,40.2,471.0,81.6,0.0,Off
210,03/05/2026 20:00,SN-B03,ZoneB,68.9,31.2,35.7,40.2,471.0,80.4,0.0,No
211,03/05/2026 20:00,SN-C01,Zone C,45.5%,29.8,33.5,41.2,429.0,80.5,0.0,0
212,05-03-2026 08:00 PM,sn_c02,Zone C,47.4,29.4,33.5,41.2,429.0,81.7,0.0,Off
213,2026-05-03 20:00,SN-C03,Zone C,43.8,31.1,33.5,41.2,429.0,81.9,0.0,NA
214,2026/05/03T20:00:00,SN-D01, Zone D,79.3%,86.3,93.7,42.3,955.0,80.6,0.0,OFF
215,2026-05-03 20:00,SN-D02,Zone D,78.8,82.2,,42.3,955.0,82.2,0.0,OFF
216,05-03-2026 08:00 PM,SN-D03,Zone_D,79.5,28.8,34.3,42.3,955.0,81.2,0.0,Off
217,04/05/2026 00:00,SN-A01,Zone A,72.9,25.7,30.2,56.7,29.0,79.7,0.0,0
218,05-04-2026 12:00 AM,SN-A02,Zone A,70.3,26.5,30.2,56.7,29.0,80.3,0.0,No
219,04/05/2026 00:00,SN-A03,Zone A,70.3%,26.1,30.2,56.7,29.0,80.4,0.0,0
220,05-04-2026 12:00 AM,sn_b01,Zone B,65.9,22.9,27.6,59.9,43.0,80.4,0.0,No
221,2026-05-04 00:00,SN-B02,Zone B,66.8,23.8,27.6,59.9,43.0,80.4,0.0,0
222,04/05/2026 00:00, SN-B03 ,Zone B,N/A,22.5,27.6,59.9,43.0,79.1,0.0,FALSE
223,2026-05-04 00:00,SN-C01,Zone C,43.2,23.3,28.5,65.0,75.0,79.3,0.0,0
224,04-May-2026 00:00,SN-C02,Zone_C,41.6,23.9,28.5,65.0,75.0,80.7,0.0,0
225,2026-05-04 00:00,SN-C03,Zone_C,43.1,25.2,28.5,65.0,75.0,80.9,0.0,Off
226,2026-05-04 00:00,SN-D01,Zone D,82.1,71.2,80.3,55.1,0.0,79.4,0.0,0
227,2026/05/04T00:00:00,SN-D02,Zone D,NA,73.4,80.3,55.1,0.0,81.3,0.0,No
228,2026-05-04 00:00,SN-D03,Zone D,80.1,23.1,26.8,55.1,0.0,80.4,0.0,OFF
229,05-04-2026 04:00 AM,SN-A01,zone_a,76.3,23.6,27.1,52.1,85.0,78.8,0.0,ON
230,04/05/2026 04:00,SN-A02,Zone A,77.5,21.2,27.1,52.1,85.0,79.0,0.0,Yes
231,2026-05-04 04:00,SN-A03, Zone A,75.3,22.5,27.1,52.1,85.0,79.6,0.0,TRUE
232,04/05/2026 04:00,SNB01,Zone_B,70.5,23.8,26.1,53.9,N/A,79.4,0.0,1
233,2026-05-04 04:00,SN-B02,Zone B,73.6,24.1,26.1,53.9,274.0,79.4,0.0,On
234,2026-05-04 04:00,sn_b03,Zone B,71.3,22.5,26.1,53.9,274.0,78.1,null,Yes
235,05-04-2026 04:00 AM,SN-C01,Zone C,47.6,21.3,25.1,60.7,0.0,78.2,0.0,1
236,2026-05-04 04:00,SN-C02,Zone C,46.1,20.7,25.1,60.7,0.0,79.7,0.0,On
237,2026-05-04 04:00,SN-C03,Zone C,44.2,21.1,25.1,60.7,0.0,79.7,0.0,On
238,2026-05-04 04:00,sn_d01,Zone D,83.4,70.4,78.0,N/A,null,-78.6,0.0,TRUE
239,04/05/2026 04:00,SN-D02,Zone D,-999,69.6,78.0,53.6,0.0,80.2,0.0,ON
240,2026-05-04 04:00,SN-D03,Zone D,81.9,22.5,25.5,53.6,0.0,79.3,0.0,1
241,04/05/2026 08:00,SN-A01,Zone A,77.0,29.4,31.2,41.1,26942.0,77.9,0.0,No
242,05-04-2026 08:00 AM,SN-A02,Zone A,77.1,,31.2,41.1,26942.0,78.0,0.0,0
243,2026-05-04 08:00,SN-A03,Zone A,75.7,29.4,31.2,41.1,26942.0,78.6,0.0,FALSE
244,04/05/2026 08:00,sn_b01,zone_b,69.5,30.4,-999,46.8,24802.0,78.1,0.0,Off
245,2026-05-04 08:00,SN-B02,ZoneB,69.6,27.8,33.7,46.8,24802.0,78.2,0.0,OFF
246,2026/05/04T08:00:00,SN-B03,Zone B,66.1,27.8,33.7,46.8,24802.0,77.2,0.0,FALSE
247,2026-05-04 08:00,SNC01,Zone C,45.8%,27.5,32.7,43.9,30848.0,77.0,0.0,OFF
248,2026-05-04 08:00,SN-C02,Zone C,44.3,28.4,32.7,43.9,30848.0,78.5,0.0,No
249,2026-05-04 08:00,sn_c03,Zone_C,46.2,28.9,32.7,43.9,30848.0,78.6,0.0,FALSE
250,2026-05-04 08:00,SN-D01,zone_d,81.8,84.2,89.9,42.9,28225.0,77.4,0.0,OFF
251,04/05/2026 08:00,SN-D02,Zone D,78.7,82.5,89.9,42.9,28225.0,79.3,0.0,No
252,05-04-2026 08:00 AM,SN-D03,Zone D,79.7,28.9,32.2,42.9,28225.0,78.1,0.0,Off
253,2026-05-04 12:00,SN-A01,Zone A,71.4,39.6,41.7,21.6,103630.0,76.7,0.0,FALSE
254,2026-05-04 12:00,SN-A02, Zone A,74.2%,35.8,41.7,21.6,103630.0,77.0,0.0,0
255,05-04-2026 12:00 PM,SN-A03,Zone A,null,38.0,41.7,21.6,103630.0,77.7,0.0,No
256,2026-05-04 12:00,SN-B01,Zone B,66.6,38.2,41.5,25.9,92188.0,77.1,0.0,0
257,2026-05-04 12:00,SNB02,Zone B,67.1,37.4,41.5,25.9,92188.0,77.1,0.0,0
258,2026-05-04 12:00, SN-B03 ,Zone_B,67.8%,37.3,41.5,25.9,92188.0,76.1,0.0,0
259,,SN-C01,Zone C,41.1,38.0,43.0,22.8,95285.0,75.9,0.0,No
260,04/05/2026 12:00,SN-C02,Zone C,41.6,40.6,43.0,22.8,95285.0,77.6,0.0,OFF
261,04-May-2026 12:00,SN-C03,Zone C,40.5%,36.9,43.0,22.8,95285.0,77.4,0.0,FALSE
262,04/05/2026 12:00,SN-D01, Zone D,-15,101.5,111.9,29.9,84297.0,76.4,0.0,FALSE
263,05-04-2026 12:00 PM,SN-D02,ZoneD,,,,,,,,
264,04-May-2026 12:00,SN-D03,Zone D,79.5,39.2,44.4,29.9,84297.0,76.9,0.0,0
265,2026-05-04 16:00,SN-A01,Zone A,76.6,38.6,41.7,25.9,58914.0,75.9,0.0,ON
266,2026-05-04 16:00, SN-A02 ,Zone_A,77.9,37.2,41.7,25.9,58914.0,76.1,0.0,ON
267,05-04-2026 04:00 PM,SN-A03,Zone A,76.9,38.7,41.7,-999,58914.0,76.9,0.0,ON
268,2026-05-04 16:00,sn_b01,Zone B,68.8,38.0,40.7,24.6,NA,LOW,0.0,On
269,2026-05-04 16:00,SN-B02,Zone B,70.2,34.7,40.7,24.6,64392.0,75.9,0.0,TRUE
270,2026-05-04 16:00, SN-B03 ,Zone B,72.9%,38.1,40.7,24.6,64392.0,75.3,0.0,ON
271,,SN-C01,Zone C,48.3,34.0,39.0,25.9,63822.0,74.8,0.0,1
272,2026-05-04 16:00,SN-C02,Zone C,45.9,34.7,39.0,25.9,63822.0,76.7,0.0,ON
273,2026-05-04 16:00,SN-C03,Zone C,49.7,36.6,39.0,-999,63822.0,76.6,0.0,1
274,2026-05-04 16:00,SN-D01,Zone D,80.9,106.2,110.0,27.7,59476.0,75.5,0.0,ON
275,2026-05-04 16:00,SN-D02,ZoneD,81.7,103.1,110.0,27.7,59476.0,77.2,0.0,Yes
276,05-04-2026 04:00 PM,SN-D03,Zone D,80.3,39.5,-999,27.7,59476.0,76.0,0.0,On
277,04-May-2026 20:00,SN-A01,Zone A,74.1,31.0,35.2,46.5,348.0,74.8,0.0,No
278,2026-05-04 20:00,SN-A02,Zone A,74.7,33.2,35.2,46.5,348.0,75.0,0.0,No
279,05-04-2026 08:00 PM,SN-A03,Zone A,74.5,29.9,35.2,46.5,348.0,75.9,0.0,No
280,2026-05-04 20:00,SN-B01,Zone B,67.6,28.9,33.1,43.7,311.0,74.9,0.0,0
281,2026-05-04 20:00,SN-B02,Zone B,69.0,28.9,33.1,43.7,311.0,75.0,0.0,FALSE
282,04/05/2026 20:00,SN-B03,Zone B,69.5,27.5,33.1,43.7,311.0,74.0,0.0,Off
283,2026-05-04 20:00,SN-C01,Zone C,45.0,29.7,33.8,41.7,270.0,73.5,0.0,Off
284,2026-05-04 20:00,SN-C02,zone_c,44.2,28.4,33.8,41.7,270.0,75.4,0.0,No
285,2026-05-04 20:00,SN-C03,Zone C,43.9%,30.1,33.8,41.7,270.0,75.8,0.0,OFF
286,2026-05-04 20:00,SN-D01,Zone D,80.7,90.1,95.8,N/A,347.0,74.3,0.0,No
287,04-May-2026 20:00,sn-d02,Zone D,74.6,87.7,95.8,40.8,347.0,76.2,0.0,FALSE
288,2026-05-04 20:00,SN-D03,Zone D,79.9,29.8,35.4,,347.0,74.8,0.0,Off
289,05-05-2026 12:00 AM,SN-A01,Zone A,68.5%,24.1,27.7,53.5,0.0,73.7,0.0,0
290,05-05-2026 12:00 AM,SN-A02,Zone A,71.1,23.6,27.7,53.5,0.0,74.0,0.0,0
291,05-05-2026 12:00 AM,SN-A03,Zone A,150,25.2,27.7,53.5,0.0,74.9,0.0,FALSE
292,05-May-2026 00:00,SN-B01,zone_b,61.7%,24.6,27.7,57.3,0.0,73.8,0.0,Off
293,2026-05-05 00:00,sn-b02,Zone B,68.5%,22.7,27.7,57.3,0.0,74.2,0.0,FALSE
294,2026/05/05T00:00:00,SN-B03,Zone B,65.9,23.1,27.7,57.3,0.0,LOW,0.0,0
295,05-May-2026 00:00,SN-C01,Zone_C,39.7,24.8,28.9,62.6,0.0,72.3,0.0,FALSE
296,05-May-2026 00:00,SN-C02,Zone C,N/A,25.2,28.9,62.6,0.0,74.2,0.0,0
297,2026/05/05T00:00:00,SN-C03,Zone C,42.3%,23.2,28.9,62.6,0.0,74.5,0.0,No
298,05-05-2026 12:00 AM,SN-D01,Zone D,74.8,79.3,84.9,52.9,242.0,73.4,0.0,OFF
299,2026-05-05 00:00,SN-D02,Zone D,75.9,76.5,84.9,52.9,242.0,75.4,,OFF
300,2026-05-05 00:00,SN-D03,Zone D,-999,25.9,29.4,52.9,242.0,73.9,0.0,FALSE
301,05/05/2026 04:00,SN-A01,Zone A,75.2,24.5,,59.3,25.0,72.4,0.0,Yes
302,05-05-2026 04:00 AM,SN-A02,Zone A,79.3%,22.9,N/A,59.3,25.0,73.1,N/A,Yes
303,2026-05-05 04:00,SN-A03,Zone A,79.6,22.8,26.9,59.3,25.0,73.9,0.0,On
304,2026/05/05T04:00:00,SN-B01,Zone B,68.3,23.7,27.3,68.4,0.0,72.7,0.0,TRUE
305,2026-05-05 04:00,SN-B02,ZoneB,74.2,23.8,27.3,68.4,0.0,73.2,0.0,1
306,05/05/2026 04:00,SNB03,zone_b,71.2,22.9,27.3,68.4,N/A,71.7,0.0,On
307,2026-05-05 04:00,sn_c01,Zone C,43.7%,23.2,26.4,57.2,0.0,71.4,0.0,On
308,05/05/2026 04:00,SN-C02,Zone C,45.2,24.5,26.4,57.2,0.0,73.4,0.0,On
309,05/05/2026 04:00,SN-C03,Zone C,45.2,20.5,26.4,57.2,0.0,73.4,0.0,ON
310,05-May-2026 04:00,SN-D01,Zone D,80.2,72.6,80.1,56.5,81.0,72.4,0.0,On
311,05-05-2026 04:00 AM,SND02,Zone_D,83.0,76.2,80.1,56.5,81.0,74.4,0.0,TRUE
312,05/05/2026 04:00,SN-D03,Zone D,81.6,21.7,26.7,56.5,81.0,72.7,0.0,1
313,05-May-2026 08:00,SN-A01,Zone A,72.7,29.8,32.7,41.4,,71.3,0.0,Off
314,05-May-2026 08:00,SN-A02,Zone A,74.6,29.1,-999,41.4,27366.0,71.8,0.0,0
315,2026-05-05 08:00,SN-A03,Zone A,71.8,28.2,32.7,41.4,27366.0,73.1,0.0,No
316,05-05-2026 08:00 AM,SN-B01,Zone_B,65.1%,28.9,33.4,42.6,31489.0,71.9,0.0,0
317,05-May-2026 08:00,SN-B02,Zone B,71.3,29.0,33.4,42.6,31489.0,72.1,0.0,0
318,05-May-2026 08:00,SN-B03,Zone B,69.7,30.3,33.4,42.6,31489.0,70.6,0.0,No
319,2026-05-05 08:00,SN-C01,Zone C,45.0,26.3,31.4,48.7,26293.0,70.2,0.0,No
320,2026-05-05 08:00,SN-C02,Zone C,43.8,29.1,31.4,48.7,26293.0,72.5,0.0,OFF
321,2026/05/05T08:00:00,SN-C03,Zone_C,44.8,27.6,31.4,48.7,26293.0,72.3,0.0,Off
322,05-May-2026 08:00,SN-D01,Zone_D,76.4,87.8,90.9,43.8,25331.0,71.6,0.0,No
323,05-05-2026 08:00 AM,SN-D02,Zone D,N/A,86.8,90.9,43.8,25331.0,73.4,0.0,0
324,05/05/2026 08:00,SN-D03,Zone D,80.5,29.4,32.7,43.8,25331.0,71.8,0.0,OFF
325,05-05-2026 12:00 PM,SN-A01,Zone_A,72.2,37.5,41.4,24.9,95125.0,LOW,0.0,null
326,05/05/2026 12:00,SN-A02,Zone_A,74.3,38.5,41.4,24.9,95125.0,70.9,null,Off
327,05-05-2026 12:00 PM,sn_a03,Zone A,71.7,NA,41.4,24.9,null,71.9,0.0,OFF
328,05-May-2026 12:00,SN-B01,Zone B,66.7,37.8,42.6,18.7,95842.0,71.0,0.0,0
329,05/05/2026 12:00,SN-B02,Zone B,68.2,N/A,42.6,18.7,95842.0,71.0,0.0,No
330,05-May-2026 12:00,SN-B03,Zone_B,67.4,39.4,42.6,18.7,95842.0,69.6,0.0,OFF
331,2026-05-05 12:00,SN-C01,Zone C,42.9,36.3,40.6,26.0,93344.0,69.2,0.0,FALSE
332,05-05-2026 12:00 PM, SN-C02 ,Zone C,43.5,36.9,40.6,26.0,93344.0,71.4,0.0,FALSE
333,05-May-2026 12:00,SN-C03,Zone C,41.4,35.4,null,26.0,93344.0,71.2,0.0,No
334,2026-05-05 12:00,SN-D01,zone_d,75.8,100.7,108.7,29.3,84503.0,70.4,0.0,Off
335,2026-05-05 12:00,SN-D02,Zone_D,79.1,101.5,108.7,29.3,N/A,72.1,0.0,FALSE
336,05-05-2026 12:00 PM,SN-D03,Zone D,74.1,38.8,42.6,29.3,84503.0,70.5,0.0,OFF
337,,sn_a01,Zone A,75.3,35.6,40.2,33.5,61018.0,69.3,0.0,TRUE
338,05-May-2026 16:00,SN-A02,Zone A,78.0,36.1,40.2,33.5,61018.0,69.6,0.0,ON
339,05/05/2026 16:00,SN-A03,Zone A,77.6,38.2,40.2,33.5,61018.0,70.6,0.0,Yes
340,05-05-2026 04:00 PM,SNB01,Zone B,72.0,37.5,41.2,35.8,63936.0,69.9,0.0,On
341,05-05-2026 04:00 PM,SN-B02,ZoneB,70.5,39.4,41.2,35.8,63936.0,70.1,0.0,TRUE
342,05-May-2026 16:00,SN-B03,Zone B,72.2,36.0,41.2,35.8,63936.0,68.4,0.0,1
343,2026-05-05 16:00,SN-C01,Zone C,46.4%,38.7,42.5,30.8,65996.0,68.2,0.0,TRUE
344,05/05/2026 16:00,SN-C02,ZoneC,null,39.9,42.5,30.8,65996.0,70.5,0.0,ON
345,2026-05-05 16:00,SN-C03,Zone C,47.9,37.5,42.5,30.8,65996.0,70.3,0.0,Yes
346,2026-05-05 16:00,SN-D01,zone_d,-999,97.6,106.0,27.4,56102.0,69.4,0.0,On
347,05/05/2026 16:00,SND02,Zone D,null,98.3,106.0,27.4,56102.0,71.2,0.0,1
348,05-05-2026 04:00 PM,SN-D03,Zone D,80.1,38.1,41.1,27.4,56102.0,69.5,0.0,1
349,2026/05/05T20:00:00,SN-A01,zone_a,73.7,,37.3,45.0,104.0,68.1,null,0
350,2026-05-05 20:00,SN-A02,Zone A,76.8,32.6,-999,45.0,104.0,68.7,0.0,0
351,05/05/2026 20:00,SN-A03,Zone A,null,34.0,37.3,45.0,104.0,69.7,0.0,Off
352,05-05-2026 08:00 PM,SN-B01,ZoneB,-999,34.6,-40,40.0,429.0,68.9,0.0,0
353,2026-05-05 20:00,SN-B02,Zone B,68.8,32.3,36.5,40.0,429.0,69.2,0.0,OFF
354,05-May-2026 20:00,SN-B03,Zone B,69.3,31.7,36.5,40.0,429.0,67.2,0.0,OFF
355,05-May-2026 20:00,SN-C01,Zone_C,43.3%,33.1,35.3,37.7,970.0,67.0,0.0,No
356,05-May-2026 20:00,SN-C02,Zone C,45.6,29.1,35.3,37.7,970.0,69.2,0.0,Off
357,2026-05-05 20:00,SN-C03,Zone C,45.6,30.8,35.3,37.7,970.0,69.4,0.0,OFF
358,2026-05-05 20:00,SN-D01,zone_d,79.0,87.1,93.9,40.0,670.0,68.4,NA,Off
359,05/05/2026 20:00,SN-D02,Zone D,80.0,88.7,-999,40.0,670.0,70.0,,0
360,05-May-2026 20:00,SN-D03,Zone D,77.5%,30.2,NA,40.0,670.0,68.4,0.0,FALSE
361,06-May-2026 00:00,SN-A01,Zone A,71.2,21.6,26.0,58.3,382.0,67.2,0.0,Off
362,2026/05/06T00:00:00,SNA02,Zone A,72.4,21.0,26.0,58.3,382.0,67.5,0.0,No
363,06-May-2026 00:00,SN-A03,Zone A,74.2,22.2,26.0,58.3,382.0,68.5,-999,No
364,06/05/2026 00:00,SN-B01,Zone B,67.4,22.6,26.7,44.8,0.0,67.8,0.0,0
365,05-06-2026 12:00 AM,sn_b02,ZoneB,68.3,23.2,26.7,44.8,0.0,68.0,-999,Off
366,2026-05-06 00:00,SN-B03,Zone B,67.7,23.6,26.7,44.8,0.0,65.9,0.0,0
367,2026-05-06 00:00,sn_c01,ZoneC,40.3,25.7,28.1,,297.0,65.7,0.0,No
368,2026-05-06 00:00,SN-C02,Zone C,42.2,24.1,28.1,61.2,297.0,68.0,0.0,FALSE
369,2026-05-06 00:00,SN-C03,Zone C,42.4,24.0,28.1,61.2,297.0,68.5,0.0,FALSE
370,05-06-2026 12:00 AM,SN-D01,Zone D,77.9,80.2,86.3,55.1,,67.6,0.0,0
371,06-May-2026 00:00,sn_d02,Zone D,75.5,77.8,86.3,55.1,69.0,68.9,0.0,Off
372,06/05/2026 00:00,sn_d03,Zone D,74.4,27.3,30.2,55.1,69.0,67.3,0.0,0
373,2026/05/06T04:00:00,SN-A01,Zone_A,75.7,21.4,26.7,61.9,,66.4,0.0,ON
374,2026-05-06 04:00,SN-A02,Zone A,-999,22.3,26.7,61.9,99.0,-66.2,0.0,On
375,2026-05-06 04:00,SN-A03,Zone A,77.1,22.1,26.7,61.9,99.0,67.6,0.0,TRUE
376,06/05/2026 04:00,SN-B01,Zone B,105,NA,26.9,59.2,0.0,67.0,0.0,TRUE
377,2026/05/06T04:00:00,SN-B02,Zone B,73.1,23.9,26.9,59.2,0.0,66.7,0.0,TRUE
378,2026-05-06 04:00,SN-B03, Zone B,71.2,23.9,26.9,59.2,0.0,64.9,0.0,1
379,2026-05-06 04:00,sn_c01,Zone C,45.7,23.2,27.6,60.1,0.0,64.6,0.0,On
380,2026-05-06 04:00,SNC02,Zone C,44.0,25.5,27.6,60.1,0.0,66.8,0.0,1
381,2026/05/06T04:00:00,SN-C03,ZoneC,45.8,24.5,27.6,60.1,0.0,67.6,0.0,TRUE
382,05-06-2026 04:00 AM,SN-D01,Zone D,80.5,70.5,82.3,59.4,0.0,66.5,0.0,Yes
383,2026/05/06T04:00:00,SN-D02,ZoneD,81.1,71.4,82.3,59.4,0.0,67.6,0.0,Yes
384,06-May-2026 04:00,SN-D03,Zone D,82.1,24.2,27.9,59.4,,66.0,0.0,TRUE
385,06-May-2026 08:00,SN-A01,Zone A,72.8,26.1,30.4,48.6,29103.0,65.1,0.0,0
386,,SN-A02,Zone A,74.2,27.1,30.4,48.6,29103.0,64.9,0.0,Off
387,2026/05/06T08:00:00,SN-A03,Zone A,78.1,26.7,30.4,48.6,29103.0,-66.4,0.0,OFF
388,06-May-2026 08:00,SN-B01,Zone B,68.9,28.3,34.2,44.5,28433.0,66.1,0.0,OFF
389,05-06-2026 08:00 AM,SN-B02,ZoneB,68.5,29.4,34.2,44.5,28433.0,65.8,0.0,N/A
390,2026/05/06T08:00:00,SN-B03,Zone B,70.3,30.3,34.2,44.5,28433.0,63.7,0.0,FALSE
391,06/05/2026 08:00,SN-C01,ZoneC,41.0,26.6,30.7,46.3,27579.0,63.7,0.0,No
392,2026-05-06 08:00,SN-C02,Zone C,42.9,27.0,30.7,46.3,27579.0,65.9,0.0,FALSE
393,06/05/2026 08:00,SN-C03,Zone C,45.0,28.2,30.7,46.3,27579.0,66.4,0.0,0
394,2026/05/06T08:00:00,SN-D01,Zone D,80.3%,78.6,89.1,43.1,27055.0,65.3,N/A,OFF
395,06-May-2026 08:00,SN-D02,Zone D,79.4,81.1,89.1,43.1,27055.0,66.7,0.0,Off
396,06/05/2026 08:00,SN-D03,Zone D,75.7,27.7,31.7,43.1,27055.0,64.9,0.0,Off
397,06/05/2026 12:00,SN-A01,ZoneA,70.8,36.7,41.5,26.0,94702.0,63.8,0.0,OFF
398,06/05/2026 12:00,SN-A02,Zone A,72.9,36.5,41.5,26.0,94702.0,63.7,0.0,No
399,2026-05-06 12:00,SN-A03,Zone A,74.1%,38.3,41.5,26.0,94702.0,65.2,0.0,FALSE
400,06-May-2026 12:00,SN-B01,Zone B,68.1,37.9,43.0,26.8,108244.0,65.0,0.0,OFF
401,06/05/2026 12:00,SN-B02,Zone B,68.5%,38.1,43.0,26.8,108244.0,64.8,0.0,No
402,06/05/2026 12:00,sn-b03,Zone B,69.0%,38.0,43.0,26.8,108244.0,62.4,0.0,No
403,2026-05-06 12:00,SN-C01,zone_c,42.1,39.8,42.6,22.9,96203.0,62.5,0.0,No
404,,SN-C02,Zone C,40.9,40.3,42.6,22.9,-1,64.8,0.0,FALSE
405,2026-05-06 12:00,sn_c03,Zone C,43.3,39.8,42.6,22.9,96203.0,65.2,0.0,Off
406,05-06-2026 12:00 PM,SN-D01,Zone D,77.5,100.0,107.9,17.9,89616.0,64.3,0.0,Off
407,06-May-2026 12:00, SN-D02 ,Zone D,76.9%,97.3,107.9,17.9,89616.0,65.9,0.0,FALSE
408,05-06-2026 12:00 PM,SN-D03,Zone D,NA,37.6,42.2,17.9,89616.0,64.0,0.0,Off
409,06-May-2026 16:00,SN-A01,Zone A,75.2,37.6,42.5,33.8,55038.0,63.0,0.0,TRUE
410,2026/05/06T16:00:00, SN-A02 ,zone_a,76.5,37.2,-40,33.8,NA,LOW,0.0,TRUE
411,2026-05-06 16:00,SN-A03,Zone A,78.8,37.9,42.5,33.8,55038.0,64.2,0.0,On
412,2026-05-06 16:00,SN-B01,Zone B,71.2,38.2,40.8,31.8,68048.0,63.9,0.0,Yes
413,2026/05/06T16:00:00,sn_b02,Zone B,-8,37.3,40.8,null,68048.0,63.7,0.0,ON
414,2026/05/06T16:00:00,SN-B03,ZoneB,71.7,36.8,40.8,31.8,68048.0,61.5,0.0,ON
415,2026-05-06 16:00,SN-C01,Zone_C,47.4,38.4,42.4,32.7,58360.0,-61.6,0.0,1
416,2026/05/06T16:00:00,SN-C02,Zone C,45.4,39.1,42.4,32.7,58360.0,63.7,0.0,ON
417,05-06-2026 04:00 PM,SN-C03,Zone C,45.3,40.4,42.4,32.7,58360.0,64.0,0.0,TRUE
418,06-May-2026 16:00,SN-D01,Zone_D,82.5,100.9,-999,28.1,62013.0,63.2,0.0,TRUE
419,2026/05/06T16:00:00,SN-D02,Zone_D,83.7,96.4,104.6,28.1,62013.0,65.0,0.0,TRUE
420,2026-05-06 16:00,SN-D03,Zone D,83.5,35.8,40.4,28.1,62013.0,62.8,0.0,1
421,06/05/2026 20:00,SN-A01,Zone A,74.3,32.9,35.1,43.0,880.0,61.8,0.0,FALSE
422,06-May-2026 20:00,SN-A02,Zone A,73.8,32.4,35.1,43.0,880.0,61.3,0.0,OFF
423,06-May-2026 20:00,sn_a03,Zone A,73.6,30.2,35.1,43.0,,63.1,0.0,OFF
424,06-May-2026 20:00,SN-B01,zone_b,67.7%,31.9,35.9,37.6,1007.0,62.8,0.0,0
425,2026-05-06 20:00,sn_b02,Zone B,70.4,30.1,null,37.6,1007.0,62.8,0.0,OFF
426,2026/05/06T20:00:00,SN-B03,Zone B,71.3,31.8,35.9,37.6,1007.0,60.6,0.0,No
427,2026/05/06T20:00:00,sn_c01,Zone_C,-8,29.8,34.6,38.9,598.0,60.3,0.0,No
428,06/05/2026 20:00,SN-C02, Zone C,42.4,28.9,34.6,38.9,598.0,62.7,0.0,Off
429,2026-05-06 20:00,SN-C03, Zone C,-999,30.2,34.6,38.9,598.0,63.0,0.0,Off
430,2026-05-06 20:00,SN-D01, Zone D,80.3%,84.1,94.4,39.5,577.0,62.1,0.0,Off
431,06/05/2026 20:00,SN-D02,Zone D,79.8,86.0,,39.5,NA,LOW,0.0,No
432,06-May-2026 20:00,SND03,Zone D,79.5,30.4,34.7,39.5,577.0,61.7,0.0,0
433,07/05/2026 00:00,SN-A01,Zone A,81.4,24.9,28.7,60.9,34.0,N/A,2.1,OFF
434,2026-05-07 00:00,SN-A02,Zone A,77.4%,25.4,28.7,60.9,34.0,60.4,2.1,FALSE
435,07-May-2026 00:00,SN-A03,Zone A,79.3,22.7,28.7,60.9,34.0,62.2,2.1,FALSE
436,2026/05/07T00:00:00,SN-B01,Zone_B,74.2,28.8,29.8,75.4,0.0,61.8,2.8,FALSE
437,07-May-2026 00:00,SNB02,Zone B,74.1,26.1,29.8,75.4,0.0,61.7,2.8,No
438,07-May-2026 00:00,SN-B03,ZoneB,67.0,27.5,29.8,75.4,0.0,59.6,2.8,OFF
439,2026-05-07 00:00,SN-C01,Zone C,50.1,24.7,31.4,58.7,0.0,59.3,6.9,0
440,07/05/2026 00:00,SN-C02,Zone C,44.7,26.3,31.4,58.7,0.0,61.5,6.9,No
441,05-07-2026 12:00 AM,SN-C03,Zone C,48.8,26.0,31.4,58.7,0.0,62.2,6.9,Off
442,07/05/2026 00:00,SND01,Zone D,80.1,77.2,84.6,71.5,13.0,LOW,2.1,No
443,2026-05-07 00:00, SN-D02 ,Zone D,120,76.1,84.6,71.5,13.0,63.1,2.1,Off
444,07/05/2026 00:00,SN-D03,Zone_D,N/A,28.4,29.2,71.5,13.0,60.5,2.1,Off
445,2026-05-07 04:00,SN-A01,Zone A,86.2,22.7,27.8,78.2,419.0,59.9,7.5,Yes
446,07-May-2026 04:00,SN-A02,ZoneA,84.6,24.1,27.8,78.2,419.0,59.2,7.5,1
447,2026-05-07 04:00,sn_a03,Zone_A,85.1,22.5,27.8,78.2,419.0,61.1,7.5,Yes
448,07-May-2026 04:00,SN-B01,Zone B,82.0,21.3,26.2,67.9,0.0,60.7,8.3,On
449,2026-05-07 04:00,SN-B02,Zone_B,78.7,23.1,NA,67.9,0.0,60.5,8.3,Yes
450,05-07-2026 04:00 AM,SN-B03,zone_b,75.6,22.2,26.2,67.9,0.0,58.7,8.3,
451,05-07-2026 04:00 AM,SN-C01,Zone C,55.7,23.6,27.7,74.8,0.0,58.3,-999,ON
452,2026-05-07 04:00,SN-C02,Zone C,51.7,22.1,27.7,74.8,0.0,60.5,1.7,TRUE
453,2026/05/07T04:00:00,SN-C03,Zone C,57.6,24.8,27.7,74.8,0.0,61.1,1.7,On
454,2026-05-07 04:00,SN-D01,Zone D,89.2,78.2,82.0,67.5,NA,60.1,7.4,1
455,07-May-2026 04:00,SN-D02,Zone D,N/A,75.9,82.0,67.5,0.0,61.9,7.4,TRUE
456,07/05/2026 04:00,sn_d03,Zone D,88.4,23.1,27.8,67.5,0.0,59.2,7.4,1
457,2026/05/07T08:00:00,SN-A01,Zone A,90.6%,29.4,33.5,51.8,25913.0,59.1,5.9,OFF
458,2026/05/07T08:00:00,SN-A02,Zone A,89.1,27.8,33.5,51.8,25913.0,,5.9,OFF
459,2026-05-07 08:00,SN-A03,Zone A,89.2,30.1,33.5,51.8,25913.0,60.2,5.9,No
460,2026-05-07 08:00,SN-B01,Zone B,84.0%,34.1,35.4,57.0,25368.0,NA,7.3,No
461,2026-05-07 08:00,SN-B02,Zone B,80.7,31.7,35.4,57.0,25368.0,59.6,7.3,0
462,07/05/2026 08:00,SN-B03,Zone B,78.2%,30.9,35.4,57.0,25368.0,57.7,7.3,0
463,05-07-2026 08:00 AM,SN-C01,Zone C,54.2,26.6,31.5,62.9,30999.0,57.1,3.6,FALSE
464,07/05/2026 08:00,SN-C02,Zone C,52.5,28.3,31.5,-10,30999.0,59.5,3.6,OFF
465,2026-05-07 08:00,SN-C03, Zone C,60.6%,28.3,31.5,N/A,30999.0,59.8,3.6,0
466,07/05/2026 08:00,SN-D01,Zone D,90.7,80.3,89.8,47.8,N/A,58.8,2.6,FALSE
467,2026-05-07 08:00,SN-D02,Zone D,91.2,82.5,89.8,47.8,24579.0,60.9,2.6,FALSE
468,07/05/2026 08:00, SN-D03 ,Zone D,92.3,28.8,32.1,47.8,24579.0,58.1,2.6,OFF
469,05-07-2026 12:00 PM,SN-A01,Zone A,94.8,38.0,42.0,31.0,89775.0,58.1,N/A,0
470,07/05/2026 12:00, SN-A02 ,Zone A,94.5,38.3,42.0,N/A,89775.0,57.2,5.9,FALSE
471,07/05/2026 12:00,SN-A03,Zone A,89.3,36.8,42.0,31.0,89775.0,59.0,5.9,0
472,07/05/2026 12:00,SN-B01,Zone B,-999,null,43.0,46.8,108990.0,58.7,4.3,Off
473,2026-05-07 12:00,sn_b02,ZoneB,82.0%,36.7,43.0,46.8,108990.0,58.6,4.3,Off
474,2026/05/07T12:00:00,SN-B03,ZoneB,85.6,37.8,43.0,46.8,108990.0,56.9,-999,OFF
475,2026-05-07 12:00,SN-C01,Zone C,57.7,42.1,44.9,39.0,86671.0,56.0,2.6,0
476,2026/05/07T12:00:00,SN-C02,Zone C,56.7,40.4,null,39.0,86671.0,58.6,2.6,Off
477,05-07-2026 12:00 PM,SN-C03, Zone C,60.5,41.0,44.9,39.0,86671.0,58.6,2.6,No
478,07-May-2026 12:00,SN-D01, Zone D,94.3,101.3,108.7,37.3,86741.0,57.9,8.1,No
479,07/05/2026 12:00,sn_d02, Zone D,94.5,101.2,108.7,37.3,86741.0,59.7,8.1,Off
480,05-07-2026 12:00 PM,SN-D03, Zone D,95.0,36.8,42.6,37.3,86741.0,56.8,8.1,0
481,07/05/2026 16:00,SNA01,Zone A,90.2,35.2,38.1,31.8,64677.0,56.8,6.0,On
482,2026-05-07 16:00,SN-A02,Zone A,86.8,35.5,38.1,31.8,64677.0,56.1,6.0,ON
483,07-May-2026 16:00,SN-A03,zone_a,87.1%,33.8,38.1,31.8,64677.0,58.0,6.0,TRUE
484,07-May-2026 16:00,SN-B01, Zone B,88.7,36.3,41.4,33.7,54348.0,57.7,7.5,
485,,sn_b02,Zone B,81.5,null,41.4,33.7,54348.0,57.4,7.5,Yes
486,2026-05-07 16:00,SN-B03,Zone B,88.1,38.3,41.4,33.7,54348.0,55.9,7.5,On
487,07/05/2026 16:00,SN-C01,Zone C,59.0,38.2,43.1,42.7,56815.0,54.8,3.6,ON
488,07/05/2026 16:00, SN-C02 ,Zone C,59.5,37.4,43.1,42.7,NA,57.5,3.6,ON
489,05-07-2026 04:00 PM,SN-C03, Zone C,57.9,null,43.1,42.7,56815.0,57.3,-999,1
490,2026/05/07T16:00:00,sn_d01,Zone D,93.5,90.5,98.8,42.8,62425.0,56.8,7.2,TRUE
491,2026-05-07 16:00, SN-D02 ,Zone D,94.9,91.2,98.8,42.8,62425.0,58.7,7.2,ON
492,07/05/2026 16:00,SN-D03,Zone D,94.5,35.1,37.1,42.8,62425.0,55.9,7.2,1
493,07/05/2026 20:00,SN-A01,Zone A,96.1,29.6,32.5,48.9,152.0,55.5,5.6,FALSE
494,05-07-2026 08:00 PM,SN-A02,Zone A,92.9,30.4,32.5,48.9,152.0,54.9,5.6,0
495,2026-05-07 20:00,SN-A03,zone_a,91.2,29.8,32.5,48.9,152.0,57.2,5.6,OFF
496,2026/05/07T20:00:00,SN-B01, Zone B,91.8,30.9,34.1,51.4,1065.0,56.8,5.8,Off
497,05-07-2026 08:00 PM,SN-B02,Zone B,84.6,29.6,34.1,51.4,1065.0,56.5,5.8,FALSE
498,05-07-2026 08:00 PM,sn_b03,Zone B,90.4,30.5,34.1,51.4,1065.0,55.0,5.8,No
499,,SN-C01,Zone C,58.9,30.1,33.3,43.3,222.0,53.7,5.0,No
500,05-07-2026 08:00 PM,SN-C02,Zone C,62.6,28.3,33.3,130,222.0,56.6,5.0,OFF
501,07/05/2026 20:00,SN-C03,Zone C,64.5,30.5,33.3,43.3,222.0,56.5,5.0,Off
502,2026-05-07 20:00,SN-D01,ZoneD,95.7,86.7,95.1,59.1,585.0,55.7,2.4,
503,2026-05-07 20:00, SN-D02 ,Zone D,95.9,91.2,95.1,59.1,585.0,57.7,2.4,Off
504,2026-05-07 20:00,SN-D03,Zone D,98.7,33.4,35.1,59.1,585.0,55.1,2.4,NA
505,08-May-2026 00:00,SN-A01,Zone A,93.7,24.6,26.4,53.4,0.0,54.3,N/A,FALSE
506,2026-05-08 00:00,SN-A02,zone_a,90.3,22.4,26.4,53.4,0.0,53.6,0.0,No
507,08/05/2026 00:00,SN-A03,Zone A,89.6,21.8,26.4,53.4,0.0,56.2,0.0,No
508,08/05/2026 00:00,SN-B01,Zone B,89.2,27.7,30.4,58.1,166.0,55.6,0.0,null
509,05-08-2026 12:00 AM,SNB02,Zone_B,84.6,27.3,30.4,58.1,166.0,55.3,0.0,OFF
510,08/05/2026 00:00,SN-B03,Zone_B,N/A,27.0,30.4,58.1,166.0,54.1,0.0,No
511,,SN-C01,Zone C,55.1,23.6,27.9,56.7,392.0,52.5,0.0,Off
512,08/05/2026 00:00,SN-C02,zone_c,61.8%,24.6,27.9,56.7,392.0,55.3,0.0,OFF
513,2026-05-08 00:00,SNC03,Zone C,60.3,23.8,27.9,56.7,392.0,55.7,0.0,NA
514,08-May-2026 00:00,SN-D01,Zone D,96.1,73.7,83.7,56.8,0.0,54.8,0.0,OFF
515,08/05/2026 00:00,SN-D02,Zone D,97.0,,83.7,56.8,0.0,56.9,0.0,FALSE
516,2026-05-08 00:00,SN-D03,Zone D,95.5,23.2,28.7,56.8,0.0,LOW,0.0,OFF
517,2026-05-08 04:00,SN-A01,Zone A,83.9,23.7,26.8,63.0,25.0,53.3,0.0,ON
518,2026-05-08 04:00,SN-A02,Zone A,84.4,20.0,26.8,63.0,25.0,-52.8,0.0,TRUE
519,2026-05-08 04:00,SNA03,Zone A,81.8,22.7,26.8,63.0,25.0,55.0,0.0,On
520,2026/05/08T04:00:00,sn_b01,Zone_B,76.0,21.5,27.1,64.8,0.0,54.6,0.0,On
521,2026-05-08 04:00,SN-B02,Zone B,77.3%,22.7,27.1,64.8,N/A,54.4,0.0,ON
522,08-May-2026 04:00,SNB03,zone_b,79.1,21.2,27.1,64.8,0.0,53.1,0.0,ON
523,05-08-2026 04:00 AM,SN-C01,ZoneC,50.8,24.9,26.2,61.8,0.0,LOW,0.0,ON
524,08-May-2026 04:00,SN-C02,Zone_C,52.8,20.8,26.2,110,0.0,54.4,0.0,ON
525,2026-05-08 04:00,SN-C03,Zone C,NA,22.1,26.2,61.8,0.0,54.7,0.0,1
526,2026-05-08 04:00,SN-D01,Zone D,86.8,72.7,82.9,58.5,355.0,53.6,0.0,TRUE
527,2026/05/08T04:00:00,SN-D02,Zone D,86.4,76.9,82.9,58.5,355.0,56.0,0.0,1
528,2026-05-08 04:00,SN-D03,Zone D,87.0,null,28.3,58.5,355.0,52.9,0.0,Yes
529,08/05/2026 08:00,SN-A01,Zone_A,82.4,30.6,33.9,37.5,31223.0,52.2,0.0,FALSE
530,2026/05/08T08:00:00,SN-A02, Zone A,80.6,28.5,33.9,37.5,-500,51.6,0.0,No
531,2026-05-08 08:00,SN-A03,ZoneA,80.0,30.2,33.9,37.5,31223.0,53.9,0.0,0
532,05-08-2026 08:00 AM,SN-B01,Zone B,76.5,29.5,35.3,38.4,30099.0,53.7,0.0,Off
533,2026-05-08 08:00,SN-B02,Zone B,76.3,29.5,35.3,38.4,30099.0,53.5,0.0,Off
534,08/05/2026 08:00,SN-B03,Zone B,75.7,28.3,35.3,38.4,30099.0,52.3,0.0,No
535,2026-05-08 08:00,SN-C01,Zone C,49.6,27.7,32.5,36.9,23859.0,50.7,0.0,0
536,2026-05-08 08:00,SN-C02,Zone C,51.5,28.4,32.5,36.9,23859.0,53.4,0.0,FALSE
537,08-May-2026 08:00,sn_c03,Zone_C,54.3%,28.4,32.5,36.9,23859.0,53.7,N/A,OFF
538,08/05/2026 08:00,SN-D01,Zone D,87.7,84.9,93.9,44.3,25235.0,52.5,0.0,0
539,08/05/2026 08:00,SN-D02,Zone D,83.5,88.0,93.9,44.3,25235.0,54.8,0.0,FALSE
540,,SN-D03,Zone D,87.5,29.1,34.4,-999,25235.0,52.1,0.0,0
541,08/05/2026 12:00,SN-A01,Zone A,78.3,39.0,41.7,25.2,101870.0,51.1,0.0,OFF
542,2026-05-08 12:00,SN-A02,Zone_A,80.1,36.7,41.7,25.2,101870.0,50.7,0.0,No
543,2026-05-08 12:00, SN-A03 ,Zone A,76.6%,39.1,41.7,25.2,101870.0,53.1,0.0,OFF
544,05-08-2026 12:00 PM, SN-B01 ,Zone B,75.1,37.2,42.2,25.3,95578.0,52.9,0.0,Off
545,2026-05-08 12:00,SNB02,Zone B,73.7,38.9,42.2,25.3,95578.0,52.6,,No
546,2026/05/08T12:00:00,SNB03,Zone B,75.2,36.8,42.2,null,95578.0,51.0,null,FALSE
547,08/05/2026 12:00,sn_c01,Zone C,45.4,40.5,43.7,26.4,89823.0,49.6,0.0,0
548,05-08-2026 12:00 PM,SN-C02,Zone C,47.7%,39.9,N/A,26.4,89823.0,52.6,0.0,Off
549,2026-05-08 12:00,SN-C03,Zone C,NA,38.0,N/A,26.4,89823.0,52.5,0.0,0
550,2026-05-08 12:00, SN-D01 ,Zone D,86.9,100.3,108.7,33.3,104669.0,51.6,0.0,OFF
551,08-May-2026 12:00,sn_d02,Zone D,81.9,99.9,108.7,33.3,104669.0,54.0,0.0,Off
552,05-08-2026 12:00 PM,SN-D03,Zone D,86.6,39.3,42.6,33.3,104669.0,51.2,0.0,OFF
553,05-08-2026 04:00 PM,SN-A01,Zone A,81.0,38.8,42.2,21.8,67266.0,49.9,0.0,null
554,08/05/2026 16:00,SN-A02,Zone A,78.2,39.3,42.2,21.8,67266.0,49.7,0.0,ON
555,05-08-2026 04:00 PM,SN-A03,ZoneA,77.5,38.8,42.2,21.8,67266.0,51.9,0.0,Yes
556,08-May-2026 16:00,SN-B01,Zone B,74.2,37.8,40.2,19.0,67472.0,52.0,0.0,Yes
557,2026-05-08 16:00, SN-B02 ,Zone B,71.7,36.0,40.2,19.0,67472.0,51.6,0.0,TRUE
558,08-May-2026 16:00,SN-B03,Zone B,75.4,35.5,40.2,19.0,67472.0,50.1,0.0,1
559,2026-05-08 16:00,SN-C01,ZoneC,49.5,34.6,40.3,28.7,65699.0,48.3,0.0,ON
560,05-08-2026 04:00 PM,SN-C02,zone_c,51.2,36.7,40.3,28.7,65699.0,51.6,0.0,ON
561,2026-05-08 16:00,sn-c03,Zone C,50.0,33.7,40.3,28.7,65699.0,51.6,0.0,TRUE
562,05-08-2026 04:00 PM,sn-d01,Zone_D,82.5,102.0,108.0,28.7,52844.0,50.5,-999,TRUE
563,2026-05-08 16:00,SN-D02,Zone D,84.2,103.5,108.0,28.7,52844.0,52.9,0.0,-999
564,2026-05-08 16:00,SN-D03,Zone D,83.0,37.6,42.2,28.7,52844.0,50.2,0.0,NA
565,08/05/2026 20:00,SN-A01,Zone A,77.2%,29.7,35.6,29.9,568.0,48.9,0.0,0
566,08/05/2026 20:00, SN-A02 ,Zone A,76.3,32.0,35.6,29.9,568.0,48.7,N/A,0
567,08-May-2026 20:00,SN-A03,Zone A,74.9,31.9,35.6,29.9,568.0,50.6,0.0,0
568,2026-05-08 20:00,SN-B01,Zone B,73.0,30.7,34.9,41.7,639.0,51.0,0.0,OFF
569,2026-05-08 20:00,SN-B02,Zone B,72.4,30.7,34.9,null,639.0,50.5,0.0,No
570,08-May-2026 20:00,SN-B03,Zone B,73.1,33.4,34.9,41.7,639.0,49.0,0.0,0
571,2026-05-08 20:00,SN-C01,Zone C,47.6%,31.1,35.2,37.5,NA,47.2,0.0,FALSE
572,2026/05/08T20:00:00,SN-C02,Zone C,46.9,32.8,35.2,37.5,76.0,50.7,0.0,No
573,2026/05/08T20:00:00,SN-C03,Zone C,44.1,30.2,35.2,37.5,76.0,50.6,0.0,Off
574,2026-05-08 20:00,SN-D01,Zone D,82.8,88.4,92.3,46.8,1126.0,49.4,0.0,FALSE
575,05-08-2026 08:00 PM,SND02,Zone D,79.3,86.5,92.3,46.8,N/A,51.7,0.0,OFF
576,08/05/2026 20:00,SN-D03,ZoneD,80.4,30.0,33.5,46.8,1126.0,49.3,0.0,Off
577,2026-05-09 00:00,SN-A01,Zone A,76.6,25.9,29.3,46.6,0.0,47.9,0.0,OFF
578,09-May-2026 00:00,SN-A02,Zone A,73.0,24.2,29.3,46.6,0.0,47.8,0.0,OFF
579,2026-05-09 00:00,SN-A03,Zone A,75.3,26.9,29.3,46.6,0.0,49.7,0.0,FALSE
580,09/05/2026 00:00, SN-B01 ,Zone B,69.0,21.4,27.3,57.0,581.0,49.7,0.0,FALSE
581,2026-05-09 00:00,SN-B02,Zone_B,70.1,24.2,27.3,57.0,null,49.2,0.0,Off
582,09-May-2026 00:00,SN-B03,Zone B,69.0,23.5,27.3,57.0,581.0,48.0,0.0,0
583,2026-05-09 00:00,SN-C01,Zone C,45.1,28.3,30.2,48.0,102.0,46.3,0.0,FALSE
584,09/05/2026 00:00,SN-C02,Zone C,42.4,25.1,30.2,48.0,102.0,49.7,0.0,OFF
585,2026-05-09 00:00,sn_c03,Zone C,44.6%,26.8,30.2,48.0,102.0,49.6,0.0,FALSE
586,2026-05-09 00:00,SN-D01,Zone D,76.5,73.0,79.7,54.2,620.0,48.4,0.0,Off
587,09/05/2026 00:00,SN-D02,zone_d,78.3,73.8,79.7,54.2,620.0,50.6,0.0,OFF
588,2026-05-09 00:00,SN-D03,Zone D,77.6,22.2,26.5,54.2,620.0,48.3,0.0,No
589,05-09-2026 04:00 AM,SN-A01,Zone A,80.5,23.0,28.8,61.3,0.0,47.0,0.0,On
590,05-09-2026 04:00 AM,sn_a02,Zone A,76.9,24.1,28.8,61.3,0.0,47.0,0.0,1
591,2026-05-09 04:00,SN-A03,Zone A,77.2,26.7,-999,61.3,0.0,-999,N/A,ON
592,09/05/2026 04:00,SN-B01,Zone B,74.9,25.6,29.8,62.3,0.0,48.8,0.0,TRUE
593,09/05/2026 04:00, SN-B02 ,zone_b,73.2,27.4,29.8,62.3,0.0,48.0,0.0,ON
594,2026-05-09 04:00,SN-B03,Zone B,73.1,24.0,29.8,62.3,0.0,47.1,0.0,TRUE
595,09-May-2026 04:00,SN-C01,Zone C,48.2,28.0,29.5,55.1,0.0,45.4,0.0,ON
596,2026-05-09 04:00,SNC02,Zone_C,48.0,26.4,29.5,55.1,0.0,48.5,0.0,ON
597,2026-05-09 04:00, SN-C03 ,ZoneC,49.0,24.7,null,55.1,-500,48.5,0.0,On
598,09-May-2026 04:00,SN-D01,Zone D,80.0,72.2,79.7,58.9,135.0,47.5,0.0,Yes
599,2026-05-09 04:00,SN-D02,Zone D,82.5,73.9,79.7,58.9,135.0,49.4,0.0,TRUE
600,09-May-2026 04:00,SN-D03,ZoneD,82.2,24.0,26.5,58.9,135.0,47.1,0.0,Yes
601,2026-05-09 08:00, SN-A01 ,Zone_A,73.8,29.5,34.6,48.6,28637.0,46.0,0.0,Off
602,05-09-2026 08:00 AM,SN-A02,Zone A,75.9,31.5,34.6,48.6,NA,46.0,0.0,OFF
603,09/05/2026 08:00,sn_a03,Zone_A,75.0,29.1,34.6,48.6,28637.0,47.4,0.0,No
604,09-May-2026 08:00,SN-B01,ZoneB,71.2,29.7,33.5,44.5,26787.0,48.0,0.0,0
605,09/05/2026 08:00,SNB02,Zone B,71.0,28.1,33.5,44.5,26787.0,46.7,0.0,No
606,2026-05-09 08:00,SN-B03,Zone B,71.3,29.0,33.5,44.5,26787.0,45.9,0.0,Off
607,05-09-2026 08:00 AM,SN-C01,Zone C,45.3,28.9,33.0,36.7,28910.0,44.4,0.0,OFF
608,09-May-2026 08:00,SN-C02,Zone C,42.3,28.3,33.0,36.7,28910.0,47.3,0.0,Off
609,09/05/2026 08:00,SN-C03,Zone C,44.6,27.4,33.0,36.7,28910.0,47.6,N/A,FALSE
610,09/05/2026 08:00,SN-D01,Zone D,78.8,89.4,93.3,44.7,24272.0,46.4,0.0,OFF
611,2026/05/09T08:00:00,SN-D02,Zone D,80.2,84.8,93.3,N/A,24272.0,48.2,0.0,No
612,2026-05-09 08:00,SN-D03,ZoneD,150,null,34.1,44.7,24272.0,46.0,0.0,Off
613,05-09-2026 12:00 PM,SN-A01,Zone A,74.2,39.3,43.6,29.2,91203.0,45.2,0.0,OFF
614,,SN-A02,Zone_A,74.9,39.1,43.6,29.2,91203.0,45.1,0.0,OFF
615,05-09-2026 12:00 PM,SN-A03,Zone_A,72.4,41.4,43.6,29.2,91203.0,46.4,0.0,FALSE
616,2026-05-09 12:00,SN-B01,Zone_B,69.4,38.9,42.1,19.3,90162.0,-46.9,0.0,0
617,2026-05-09 12:00,SN-B02,Zone B,66.7,37.5,42.1,19.3,90162.0,45.9,0.0,0
618,05-09-2026 12:00 PM,SN-B03,Zone B,70.5,38.7,42.1,19.3,90162.0,44.8,0.0,No
619,2026-05-09 12:00,SN-C01,Zone C,42.6,NA,42.6,29.3,92194.0,43.3,0.0,0
620,09/05/2026 12:00,SN-C02,Zone C,42.2,38.4,42.6,29.3,92194.0,46.3,0.0,0
621,09/05/2026 12:00,SN-C03,Zone C,41.6,37.0,42.6,29.3,92194.0,46.8,0.0,0
622,09/05/2026 12:00,SN-D01,Zone D,75.4,98.8,108.8,26.3,93071.0,45.5,0.0,No
623,2026/05/09T12:00:00, SN-D02 ,Zone_D,79.4,101.8,108.8,26.3,N/A,47.0,0.0,0
624,09/05/2026 12:00,sn_d03,Zone D,78.9,37.6,42.7,26.3,93071.0,N/A,0.0,OFF
625,09-May-2026 16:00,SN-A01,Zone A,74.0,35.6,41.4,27.9,59773.0,43.9,0.0,TRUE
626,2026-05-09 16:00,sn_a02,Zone A,null,38.0,41.4,N/A,59773.0,43.9,0.0,ON
627,2026-05-09 16:00,SN-A03,Zone_A,76.0,36.7,41.4,27.9,59773.0,45.5,0.0,1
628,2026-05-09 16:00,SN-B01,Zone B,70.8,34.5,38.8,31.7,67205.0,45.9,null,ON
629,2026-05-09 16:00,SN-B02,Zone B,69.3,36.4,38.8,-999,67205.0,45.0,0.0,1
630,2026-05-09 16:00,SN-B03,Zone B,72.2,33.5,38.8,31.7,67205.0,43.6,0.0,1
631,2026-05-09 16:00,SN-C01,Zone C,46.9,36.1,41.8,26.4,54510.0,42.0,0.0,On
632,2026-05-09 16:00,SN-C02,Zone C,105,38.0,41.8,26.4,54510.0,45.4,0.0,
633,2026-05-09 16:00,SN-C03,zone_c,45.8,37.5,41.8,26.4,,46.0,0.0,ON
634,09/05/2026 16:00,SN-D01,Zone D,80.5%,104.7,108.8,28.7,52215.0,44.5,0.0,N/A
635,2026-05-09 16:00,SN-D02,Zone_D,83.3,103.0,108.8,28.7,52215.0,46.2,0.0,TRUE
636,2026-05-09 16:00,SN-D03,Zone D,83.9,38.4,42.7,28.7,52215.0,43.7,0.0,TRUE
637,2026-05-09 20:00,SN-A01,Zone A,72.7,34.6,36.5,41.9,61.0,42.8,0.0,OFF
638,2026-05-09 20:00,SN-A02,zone_a,76.7,32.8,36.5,41.9,61.0,42.9,0.0,No
639,05-09-2026 08:00 PM,sn_a03,Zone_A,73.3,32.8,36.5,41.9,61.0,44.4,0.0,OFF
640,09/05/2026 20:00,SN-B01,zone_b,150,30.5,34.4,39.4,115.0,45.0,null,No
641,09-May-2026 20:00,SN-B02,Zone B,67.3,29.9,34.4,39.4,115.0,44.2,0.0,FALSE
642,2026-05-09 20:00,SN-B03,Zone_B,70.5,NA,34.4,-999,115.0,42.6,0.0,OFF
643,2026-05-09 20:00,SN-C01,Zone C,43.5%,32.1,35.0,39.1,585.0,41.1,0.0,Off
644,05-09-2026 08:00 PM,sn_c02,Zone C,46.3,30.5,35.0,39.1,585.0,44.1,0.0,No
645,09/05/2026 20:00,SN-C03,Zone C,44.4,30.8,35.0,39.1,585.0,44.7,0.0,Off
646,2026-05-09 20:00,SN-D01,Zone D,79.3,87.1,-999,43.8,NA,43.6,0.0,No
647,2026-05-09 20:00,SN-D02,Zone D,80.8,91.4,97.8,43.8,505.0,45.1,0.0,OFF
648,2026-05-09 20:00,SN-D03,Zone D,81.2,31.9,36.5,43.8,505.0,42.7,0.0,OFF
649,2026-05-10 00:00,SN-A01,Zone A,70.9,22.6,27.0,47.4,358.0,41.5,0.0,FALSE
650,2026/05/10T00:00:00,SN-A02,Zone A,75.3%,22.8,27.0,47.4,358.0,41.9,0.0,0
651,2026-05-10 00:00,SN-A03,Zone A,74.9,23.0,27.0,47.4,358.0,43.2,0.0,0
652,2026-05-10 00:00,sn_b01,ZoneB,67.2,19.8,27.0,49.3,66.0,43.8,NA,0
653,10/05/2026 00:00,sn-b02,Zone B,64.7,22.9,27.0,49.3,66.0,43.1,0.0,FALSE
654,2026-05-10 00:00,SN-B03,Zone_B,70.7,21.1,27.0,49.3,66.0,41.7,0.0,-999
655,2026-05-10 00:00,sn_c01,ZoneC,41.4,23.2,26.5,55.7,456.0,39.9,0.0,Off
656,10/05/2026 00:00,SNC02,ZoneC,39.7,24.4,26.5,55.7,N/A,43.3,0.0,OFF
657,05-10-2026 12:00 AM,sn_c03,Zone C,42.2,22.2,26.5,55.7,456.0,43.6,-999,OFF
658,10-May-2026 00:00,SN-D01,Zone D,77.2,79.3,84.5,57.2,128.0,42.6,0.0,No
659,10-May-2026 00:00,SN-D02,zone_d,79.1%,76.7,84.5,57.2,128.0,44.2,0.0,Off
660,10/05/2026 00:00,SN-D03,Zone D,NA,24.5,29.2,57.2,128.0,41.5,0.0,0
661,10-May-2026 04:00,SN-A01,Zone A,75.7,25.2,27.1,63.1,0.0,40.4,0.0,ON
662,2026-05-10 04:00,SN-A02,Zone A,75.9,21.3,27.1,63.1,0.0,40.6,0.0,On
663,2026-05-10 04:00,SN-A03,Zone A,77.2,21.4,27.1,null,0.0,42.1,0.0,Yes
664,2026-05-10 04:00,SN-B01,Zone B,71.5,25.7,27.5,54.4,27.0,42.9,0.0,TRUE
665,10-May-2026 04:00,SN-B02,Zone B,72.3%,24.6,27.5,54.4,27.0,42.0,0.0,TRUE
666,05-10-2026 04:00 AM,SN-B03,Zone B,73.8,24.7,27.5,54.4,27.0,40.6,0.0,1
667,10-May-2026 04:00,SN-C01,Zone C,46.3%,NA,29.1,61.4,717.0,-39.0,0.0,1
668,10-May-2026 04:00,SN-C02,zone_c,44.3,25.8,29.1,61.4,717.0,42.3,0.0,On
669,10-May-2026 04:00,SN-C03,Zone C,45.8,26.6,29.1,61.4,717.0,42.7,0.0,On
670,2026-05-10 04:00,SND01,zone_d,83.0,78.1,84.9,55.1,0.0,41.6,0.0,ON
671,2026-05-10 04:00,SN-D02,Zone D,84.0,78.7,84.9,55.1,0.0,43.3,0.0,Yes
672,2026-05-10 04:00,sn-d03,Zone_D,81.2%,25.0,29.4,55.1,0.0,40.6,-999,ON
673,10-May-2026 08:00,SN-A01,Zone A,76.4,28.3,30.9,46.2,26741.0,39.4,0.0,OFF
674,2026-05-10 08:00,SN-A02,Zone A,76.7,26.4,30.9,46.2,26741.0,39.5,0.0,Off
675,10/05/2026 08:00,SN-A03,Zone A,75.2,26.9,30.9,46.2,26741.0,41.2,0.0,OFF
676,10-May-2026 08:00,sn_b01,Zone B,71.5,30.2,32.7,48.0,29121.0,42.1,0.0,0
677,10/05/2026 08:00,sn-b02,Zone B,67.7,28.2,32.7,48.0,29121.0,LOW,0.0,FALSE
678,2026-05-10 08:00,SN-B03,ZoneB,69.8,27.2,32.7,48.0,-999,39.7,N/A,-999
679,10-May-2026 08:00,SN-C01,ZoneC,46.3,30.9,32.5,43.8,NA,37.9,NA,No
680,2026-05-10 08:00,SN-C02,Zone C,43.3,28.2,32.5,43.8,25387.0,41.0,0.0,Off
681,2026-05-10 08:00,SN-C03,Zone C,120,26.3,32.5,43.8,25387.0,41.5,0.0,OFF
682,2026-05-10 08:00,sn-d01,Zone D,80.7,91.0,94.7,44.5,26657.0,40.5,0.0,FALSE
683,05-10-2026 08:00 AM,SN-D02,Zone D,81.9,86.2,94.7,44.5,26657.0,42.3,0.0,0
684,,SND03,Zone_D,78.6,31.7,34.8,44.5,26657.0,39.6,0.0,0
685,2026-05-10 12:00,SN-A01,Zone A,N/A,N/A,43.5,21.9,91647.0,38.2,0.0,No
686,10/05/2026 12:00,sn_a02,Zone A,72.0,39.9,43.5,21.9,91647.0,38.6,0.0,OFF
687,2026-05-10 12:00,SN-A03,Zone_A,72.0,38.5,43.5,21.9,91647.0,39.9,0.0,OFF
688,2026-05-10 12:00,sn_b01,Zone B,67.6,40.8,44.3,22.1,95629.0,41.3,0.0,OFF
689,2026-05-10 12:00, SN-B02 ,Zone B,68.5,39.7,44.3,22.1,95629.0,39.9,0.0,Off
690,2026/05/10T12:00:00,SNB03,Zone B,150,41.3,44.3,22.1,95629.0,38.7,0.0,No
691,2026-05-10 12:00,SN-C01,ZoneC,42.4,37.8,42.5,24.6,100389.0,36.8,NA,OFF
692,2026-05-10 12:00,SN-C02,zone_c,41.6,35.6,42.5,24.6,100389.0,39.9,0.0,Off
693,2026-05-10 12:00,SN-C03,Zone C,41.7,38.9,-40,24.6,100389.0,40.4,0.0,Off
694,2026-05-10 12:00,sn_d01,Zone D,78.8,100.4,107.0,28.9,93978.0,39.5,0.0,FALSE
695,2026-05-10 12:00,SN-D02,Zone D,80.2,96.7,107.0,28.9,93978.0,41.0,0.0,FALSE
696,05-10-2026 12:00 PM,sn-d03,Zone D,74.6,39.4,NA,28.9,93978.0,38.7,0.0,FALSE
697,2026-05-10 16:00,SN-A01,Zone A,78.2,35.5,40.4,29.4,59026.0,37.4,0.0,ON
698,2026/05/10T16:00:00,SN-A02,Zone_A,78.3,35.0,40.4,29.4,59026.0,37.5,0.0,TRUE
699,2026/05/10T16:00:00,SN-A03,Zone A,77.9,35.0,40.4,29.4,59026.0,-38.8,0.0,Yes
700,2026-05-10 16:00,SN-B01, Zone B,69.6,37.7,40.5,21.4,56204.0,40.3,0.0,1
701,10-May-2026 16:00,SN-B02,Zone B,70.5,150,40.5,21.4,56204.0,38.8,0.0,TRUE
702,10-May-2026 16:00,SN-B03,zone_b,72.2,38.1,40.5,21.4,56204.0,37.4,0.0,ON
703,2026-05-10 16:00,sn_c01,Zone C,45.3,39.3,41.1,30.2,51154.0,35.7,0.0,On
704,2026-05-10 16:00,SNC02,Zone C,50.8%,38.0,41.1,30.2,51154.0,38.9,0.0,Yes
705,05-10-2026 04:00 PM,SN-C03,Zone_C,46.7,38.0,41.1,30.2,51154.0,39.5,0.0,On
706,10-May-2026 16:00,SN-D01,ZoneD,82.0,100.0,104.4,26.4,56906.0,38.5,0.0,TRUE
707,2026-05-10 16:00,SN-D02,Zone_D,79.7,99.9,104.4,26.4,-1,39.8,0.0,1
708,10/05/2026 16:00,SN-D03,Zone D,81.1,35.5,40.2,26.4,56906.0,37.6,0.0,TRUE
709,2026-05-10 20:00,sn-a01,Zone_A,75.2,32.2,35.3,35.6,1045.0,36.4,0.0,Off
710,10/05/2026 20:00,SNA02,Zone A,73.7,29.3,35.3,35.6,1045.0,36.6,0.0,OFF
711,10/05/2026 20:00,SN-A03,Zone A,72.4,31.7,35.3,35.6,1045.0,37.6,0.0,No
712,05-10-2026 08:00 PM,SN-B01,Zone B,67.3,28.0,32.4,35.5,814.0,39.4,0.0,Off
713,10/05/2026 20:00,SN-B02, Zone B,68.6,26.2,32.4,35.5,814.0,37.8,0.0,0
714,10-May-2026 20:00,SN-B03,Zone_B,69.4%,29.2,32.4,35.5,814.0,36.4,0.0,Off
715,10/05/2026 20:00,SN-C01,Zone C,44.1,32.2,36.5,43.9,595.0,LOW,0.0,OFF
716,2026-05-10 20:00,SN-C02,Zone_C,44.7,32.3,36.5,43.9,595.0,38.1,-999,No
717,10-May-2026 20:00,SN-C03,Zone C,44.9,34.4,36.5,43.9,595.0,38.2,0.0,Off
718,10/05/2026 20:00,SN-D01,Zone D,81.9%,84.7,91.4,35.8,506.0,37.6,0.0,No
719,05-10-2026 08:00 PM,SN-D02,Zone D,78.9,87.6,91.4,35.8,506.0,38.8,0.0,Off
720,2026-05-10 20:00,SN-D03,ZoneD,81.0,28.0,33.0,35.8,506.0,36.7,0.0,0
721,2026-05-11 00:00,SN-A01,Zone A,72.9,24.7,27.5,59.0,0.0,35.3,0.0,OFF
722,2026/05/11T00:00:00,SN-A02,Zone A,70.9,22.2,27.5,59.0,0.0,35.4,0.0,FALSE
723,11-May-2026 00:00,SN-A03,Zone A,69.1%,22.6,27.5,59.0,0.0,36.4,0.0,Off
724,11-May-2026 00:00,SN-B01,ZoneB,66.5,21.6,26.5,58.0,-999,38.3,0.0,OFF
725,2026-05-11 00:00,SN-B02,Zone B,68.7,23.3,26.5,58.0,60.0,36.7,N/A,OFF
726,2026/05/11T00:00:00,SN-B03,Zone B,NA,23.4,26.5,58.0,60.0,35.5,0.0,No
727,11-May-2026 00:00,SNC01,Zone_C,41.8,20.9,25.4,55.2,0.0,33.6,0.0,Off
728,2026-05-11 00:00,SN-C02,ZoneC,42.1,23.3,25.4,55.2,0.0,36.9,,OFF
729,2026-05-11 00:00,SN-C03,Zone C,43.3,21.1,25.4,55.2,0.0,37.1,0.0,FALSE
730,2026-05-11 00:00,SN-D01,Zone D,78.0,72.6,82.5,52.3,67.0,36.7,0.0,OFF
731,2026-05-11 00:00,SN-D02,Zone D,75.3,80.3,82.5,52.3,67.0,37.9,0.0,NA
732,2026-05-11 00:00,SN-D03,Zone D,76.7,26.2,28.0,52.3,67.0,35.5,0.0,Off
733,2026-05-11 04:00,SN-A01,Zone A,76.6%,22.7,26.2,58.4,173.0,34.2,0.0,On
734,11-May-2026 04:00,SN-A02,ZoneA,79.0,23.2,26.2,58.4,173.0,34.3,0.0,TRUE
735,2026-05-11 04:00,SN-A03,Zone A,76.3,22.3,26.2,58.4,173.0,35.6,0.0,Yes
736,11/05/2026 04:00,sn_b01,Zone B,71.8%,23.7,28.7,61.4,0.0,37.0,0.0,ON
737,11/05/2026 04:00,SN-B02,Zone B,72.6%,24.2,28.7,61.4,0.0,35.7,0.0,ON
738,2026-05-11 04:00,SNB03,ZoneB,70.7,25.0,28.7,61.4,0.0,34.6,0.0,ON
739,2026-05-11 04:00,SN-C01,Zone C,41.5,24.4,28.8,55.7,0.0,32.6,0.0,OFF
740,2026-05-11 04:00,SN-C02, Zone C,38.9,24.3,28.8,55.7,0.0,35.7,0.0,FALSE
741,,SN-C03,Zone C,39.9,26.5,28.8,55.7,0.0,36.0,0.0,0
742,2026-05-11 04:00,SN-D01,Zone D,83.8,76.2,80.0,58.6,150.0,35.8,0.0,TRUE
743,2026-05-11 04:00,SN-D02,Zone D,80.7,71.5,80.0,58.6,150.0,36.7,0.0,1
744,11-May-2026 04:00, SN-D03 ,Zone D,82.3%,24.3,26.6,58.6,150.0,34.4,0.0,ON
745,11-May-2026 08:00,sn_a01,Zone A,73.4,31.1,33.1,42.6,30337.0,33.1,0.0,Off
746,05-11-2026 08:00 AM,SN-A02,ZoneA,76.9,28.1,33.1,42.6,30337.0,33.2,0.0,OFF
747,2026-05-11 08:00,SN-A03,Zone A,73.6,27.7,33.1,N/A,30337.0,34.8,0.0,0
748,2026/05/11T08:00:00,sn_b01,Zone B,67.1,29.8,33.6,52.5,30737.0,35.8,0.0,No
749,11-May-2026 08:00,SN-B02,Zone_B,68.7,30.2,33.6,52.5,30737.0,34.7,0.0,Off
750,2026-05-11 08:00,SN-B03,ZoneB,69.1,27.1,33.6,52.5,30737.0,33.4,0.0,No
751,2026/05/11T08:00:00,SN-C01,Zone C,37.9,29.6,32.4,43.5,N/A,31.8,0.0,OFF
752,11-May-2026 08:00,SN-C02,Zone C,35.7,27.2,32.4,N/A,30440.0,34.6,0.0,Off
753,11/05/2026 08:00,SN-C03,Zone C,36.7%,29.7,32.4,43.5,30440.0,34.7,0.0,FALSE
754,11-May-2026 08:00,SND01,Zone_D,82.5,81.8,86.8,46.3,25976.0,34.5,0.0,FALSE
755,2026/05/11T08:00:00, SN-D02 ,Zone D,79.8,81.2,86.8,46.3,25976.0,35.4,0.0,0
756,2026-05-11 08:00,SN-D03,ZoneD,78.8,24.8,30.5,46.3,25976.0,33.6,0.0,No
757,05-11-2026 12:00 PM,SN-A01,Zone A,74.0,36.8,40.5,27.2,83386.0,31.9,0.0,FALSE
758,2026/05/11T12:00:00,SN-A02,Zone A,,36.8,40.5,27.2,,32.3,0.0,FALSE
759,11-May-2026 12:00,SN-A03,Zone A,72.9,38.4,40.5,27.2,83386.0,33.5,0.0,No
760,11-May-2026 12:00,SNB01,Zone B,64.6,39.8,43.6,20.6,103747.0,35.0,0.0,N/A
761,2026-05-11 12:00,SNB02,Zone B,67.7,37.6,43.6,20.6,103747.0,33.7,0.0,No
762,11-May-2026 12:00,SN-B03,Zone B,67.9,40.8,43.6,20.6,103747.0,32.2,0.0,Off
763,11/05/2026 12:00,SN-C01,Zone C,36.2,40.4,41.8,24.0,107166.0,30.8,0.0,OFF
764,2026-05-11 12:00,SN-C02,Zone C,32.1,37.8,41.8,24.0,107166.0,NA,0.0,0
765,05-11-2026 12:00 PM,SN-C03,Zone C,38.7,39.1,41.8,24.0,107166.0,33.6,0.0,null
766,11/05/2026 12:00,SN-D01,Zone D,80.4%,103.4,108.6,22.3,NA,33.2,0.0,0
767,11-May-2026 12:00,sn_d02,Zone D,75.9,102.4,108.6,22.3,99388.0,34.1,0.0,No
768,11-May-2026 12:00,SN-D03,Zone D,75.3,38.9,42.6,,99388.0,32.6,null,OFF
769,2026-05-11 16:00, SN-A01 ,Zone A,77.5%,36.8,41.0,28.4,58321.0,31.1,0.0,ON
770,2026-05-11 16:00,SN-A02,Zone A,78.5,36.0,41.0,28.4,58321.0,31.1,0.0,1
771,2026-05-11 16:00,SN-A03,Zone A,75.4,36.9,41.0,28.4,58321.0,32.4,0.0,Yes
772,,SN-B01,Zone B,72.0,38.5,41.2,26.9,65722.0,33.9,0.0,TRUE
773,05-11-2026 04:00 PM,sn_b02,ZoneB,70.3%,38.5,41.2,26.9,65722.0,32.8,0.0,TRUE
774,11/05/2026 16:00,SN-B03,Zone B,73.7,37.9,41.2,26.9,65722.0,31.0,0.0,1
775,2026-05-11 16:00,SN-C01,Zone C,32.9,35.3,39.5,37.1,60319.0,29.7,0.0,FALSE
776,2026-05-11 16:00,SN-C02,ZoneC,31.5,37.1,39.5,37.1,60319.0,32.6,0.0,FALSE
777,2026-05-11 16:00,SN-C03, Zone C,35.3,33.9,39.5,37.1,60319.0,32.6,0.0,0
778,05-11-2026 04:00 PM,SN-D01, Zone D,84.8,100.1,-999,22.2,62265.0,32.3,0.0,ON
779,05-11-2026 04:00 PM, SN-D02 ,Zone D,81.6,108.6,110.4,22.2,62265.0,32.9,0.0,On
780,2026-05-11 16:00,sn_d03,Zone_D,83.1%,39.3,43.5,22.2,62265.0,31.6,0.0,Yes
781,05-11-2026 08:00 PM,SNA01,zone_a,74.1,30.6,35.9,null,205.0,30.0,0.0,0
782,2026-05-11 20:00,SN-A02,Zone A,150,31.7,35.9,48.6,205.0,30.1,0.0,FALSE
783,11/05/2026 20:00,SN-A03,Zone A,70.4,31.9,35.9,48.6,205.0,31.6,0.0,OFF
784,2026/05/11T20:00:00,SN-B01,Zone B,68.5,29.0,32.9,41.9,145.0,32.7,0.0,OFF
785,11/05/2026 20:00,sn_b02,Zone B,70.5,27.8,32.9,41.9,145.0,LOW,0.0,Off
786,2026-05-11 20:00,SN-B03,Zone B,69.4,28.4,32.9,41.9,145.0,30.1,0.0,FALSE
787,2026-05-11 20:00,SNC01,Zone C,30.6,30.6,34.9,41.0,388.0,28.8,0.0,OFF
788,11/05/2026 20:00,SN-C02,Zone C,29.6,29.8,34.9,41.0,388.0,-31.7,-999,Off
789,2026/05/11T20:00:00,SN-C03,Zone C,34.2,30.8,34.9,41.0,388.0,31.3,0.0,No
790,2026-05-11 20:00,SND01,Zone D,79.7,85.6,94.9,37.6,724.0,31.0,0.0,0
791,2026-05-11 20:00,SN-D02,Zone D,81.5,87.0,94.9,37.6,724.0,31.8,0.0,FALSE
792,2026-05-11 20:00,SN-D03,Zone D,78.9,32.6,34.9,37.6,-999,30.4,0.0,FALSE
793,12-May-2026 00:00,SN-A01,Zone A,73.8,N/A,28.3,53.0,0.0,29.1,0.0,Off
794,12-May-2026 00:00,SN-A02,Zone A,72.5,24.4,28.3,53.0,0.0,29.2,0.0,0
795,12-May-2026 00:00, SN-A03 ,Zone A,69.9,23.3,28.3,53.0,0.0,30.6,0.0,No
796,05-12-2026 12:00 AM,sn_b01,Zone B,64.8,22.8,28.5,61.4,0.0,31.7,0.0,FALSE
797,12-May-2026 00:00,SN-B02,Zone B,67.0,23.1,28.5,61.4,0.0,30.8,0.0,
798,05-12-2026 12:00 AM,SN-B03,Zone B,67.9,24.3,28.5,61.4,0.0,29.2,0.0,Off
799,12-May-2026 00:00,SN-C01,Zone C,27.6,21.2,27.1,57.9,234.0,27.6,0.0,Off
800,12-May-2026 00:00,SN-C02,Zone C,28.8,22.2,27.1,57.9,234.0,30.6,0.0,Off
801,12-May-2026 00:00,SN-C03,Zone C,30.2,22.3,27.1,57.9,234.0,30.3,0.0,FALSE
802,2026-05-12 00:00,SN-D01,Zone D,78.9,,82.4,45.7,235.0,30.0,0.0,No
803,12/05/2026 00:00,sn_d02,Zone D,82.0%,76.2,82.4,45.7,235.0,30.8,0.0,Off
804,2026-05-12 00:00,SND03,Zone D,78.2%,24.6,null,110,235.0,29.2,,No
805,2026-05-12 04:00,SN-A01,Zone A,76.4%,22.1,26.9,61.1,0.0,28.3,0.0,TRUE
806,2026-05-12 04:00,SN-A02,Zone A,73.5,24.9,26.9,61.1,NA,27.9,0.0,TRUE
807,05-12-2026 04:00 AM,SN-A03,Zone A,74.4,22.6,26.9,61.1,0.0,29.7,0.0,TRUE
808,12-May-2026 04:00,SN-B01,Zone B,69.2%,24.5,28.5,54.4,90.0,30.8,0.0,On
809,2026-05-12 04:00,SN-B02,Zone B,70.4,24.7,28.5,54.4,90.0,29.8,0.0,1
810,2026-05-12 04:00,SNB03,Zone B,72.8,24.2,28.5,-999,90.0,28.3,,Yes
811,05-12-2026 04:00 AM,SN-C01,Zone C,27.6,23.2,28.2,55.8,0.0,26.7,0.0,FALSE
812,05-12-2026 04:00 AM,SN-C02,Zone C,27.4,24.6,28.2,55.8,0.0,29.6,0.0,FALSE
813,12/05/2026 04:00,sn_c03, Zone C,25.8,26.0,28.2,55.8,0.0,29.1,0.0,OFF
814,2026-05-12 04:00,SN-D01, Zone D,82.4,73.7,80.3,64.7,159.0,29.0,0.0,Yes
815,12/05/2026 04:00,SN-D02,zone_d,84.1,78.9,80.3,64.7,159.0,29.8,0.0,On
816,12-May-2026 04:00,SN-D03,ZoneD,83.0,24.7,26.8,64.7,159.0,28.3,0.0,1
817,2026/05/12T08:00:00,SN-A01,Zone A,73.0,28.5,32.6,46.1,26124.0,27.4,0.0,FALSE
818,2026-05-12 08:00, SN-A02 ,Zone A,73.8%,27.6,32.6,46.1,26124.0,26.7,0.0,No
819,2026/05/12T08:00:00,SN-A03, Zone A,N/A,28.1,32.6,46.1,26124.0,28.8,0.0,OFF
820,2026/05/12T08:00:00,SNB01,Zone B,69.2,28.9,32.7,47.3,26481.0,30.0,0.0,0
821,05-12-2026 08:00 AM,SN-B02,Zone B,67.3%,27.2,32.7,47.3,26481.0,28.5,0.0,NA
822,12-May-2026 08:00,SN-B03, Zone B,69.6,28.7,32.7,47.3,26481.0,27.4,0.0,OFF
823,05-12-2026 08:00 AM,SNC01,zone_c,24.5,27.9,32.1,46.0,31515.0,25.7,0.0,FALSE
824,,SN-C02,Zone C,22.7,26.9,32.1,46.0,31515.0,28.6,0.0,0
825,05-12-2026 08:00 AM,sn-c03,ZoneC,null,26.5,32.1,46.0,31515.0,28.1,0.0,Off
826,12/05/2026 08:00,SN-D01,Zone D,79.2,87.1,92.8,41.8,28995.0,28.1,NA,-999
827,12/05/2026 08:00,SN-D02,Zone D,79.8,82.1,150,41.8,28995.0,28.5,0.0,Off
828,05-12-2026 08:00 AM,SN-D03,Zone D,81.4,29.3,33.8,41.8,28995.0,27.2,-999,No
829,12-May-2026 12:00,sn_a01,Zone A,-8,37.0,40.5,26.5,103342.0,26.3,0.0,FALSE
830,2026-05-12 12:00,SN-A02,Zone A,70.9,35.7,40.5,26.5,103342.0,25.6,0.0,No
831,12-May-2026 12:00,SN-A03,Zone A,70.5,37.9,40.5,26.5,103342.0,28.0,0.0,OFF
832,2026-05-12 12:00,SN-B01,Zone B,65.1,37.1,42.0,23.8,98761.0,29.0,0.0,FALSE
833,2026-05-12 12:00,SN-B02,Zone B,-15,38.6,42.0,23.8,98761.0,27.4,0.0,Off
834,12-May-2026 12:00,SN-B03,Zone B,69.1,39.7,42.0,23.8,98761.0,26.2,0.0,OFF
835,05-12-2026 12:00 PM,sn-c01,Zone C,24.6,38.7,43.4,25.8,93050.0,24.8,0.0,0
836,2026-05-12 12:00,SN-C02,Zone C,21.5,39.9,43.4,25.8,93050.0,27.4,0.0,Off
837,12/05/2026 12:00,SN-C03,Zone C,25.2,39.0,43.4,25.8,93050.0,-26.9,0.0,No
838,12-May-2026 12:00,SN-D01,Zone D,77.5,99.3,110.7,16.7,90934.0,27.1,0.0,OFF
839,12/05/2026 12:00,sn-d02,zone_d,78.6,103.5,110.7,16.7,90934.0,27.6,0.0,0
840,2026/05/12T12:00:00,SN-D03,Zone D,78.2,41.5,43.7,16.7,90934.0,26.1,0.0,No
841,2026-05-12 16:00,SN-A01,Zone A,77.2,36.0,40.1,27.1,54446.0,25.3,0.0,Yes
842,05-12-2026 04:00 PM,SN-A02, Zone A,79.0,35.6,40.1,27.1,54446.0,24.7,0.0,TRUE
843,12-May-2026 16:00,SN-A03,Zone A,75.6,34.6,40.1,27.1,54446.0,27.1,0.0,1
844,05-12-2026 04:00 PM,SN-B01,ZoneB,69.1,37.1,40.8,34.4,51353.0,27.9,0.0,ON
845,12/05/2026 16:00,SN-B02,Zone B,71.5,35.7,40.8,34.4,51353.0,26.3,0.0,Yes
846,12/05/2026 16:00,SN-B03,Zone B,73.1%,36.3,40.8,34.4,51353.0,25.1,0.0,ON
847,2026-05-12 16:00,sn_c01,Zone_C,21.6,37.0,41.7,27.2,NA,23.6,0.0,No
848,2026/05/12T16:00:00,SN-C02,Zone C,19.8,38.6,41.7,27.2,67639.0,26.5,0.0,No
849,05-12-2026 04:00 PM,SN-C03,Zone C,21.9,40.1,41.7,27.2,67639.0,26.0,0.0,Off
850,05-12-2026 04:00 PM,SN-D01,Zone D,81.2,95.8,104.6,27.9,56391.0,26.1,0.0,Yes
851,12-May-2026 16:00,SN-D02,Zone D,81.5,92.1,104.6,27.9,56391.0,26.8,0.0,Yes
852,12-May-2026 16:00,SN-D03,Zone_D,81.2,36.2,40.3,27.9,56391.0,25.3,0.0,TRUE
853,2026/05/12T20:00:00,SN-A01, Zone A,75.1,31.7,36.0,39.2,631.0,24.3,0.0,Off
854,05-12-2026 08:00 PM,SN-A02,ZoneA,72.2,33.9,36.0,130,631.0,23.4,0.0,
855,2026-05-12 20:00,SN-A03,Zone A,73.8,32.2,36.0,39.2,631.0,25.8,0.0,No
856,2026-05-12 20:00,SN-B01,Zone_B,69.9,32.5,36.9,36.0,485.0,26.9,0.0,NA
857,2026-05-12 20:00,SN-B02,Zone B,69.6,31.3,36.9,36.0,485.0,25.0,0.0,Off
858,12/05/2026 20:00,SNB03,Zone B,70.2,33.6,36.9,36.0,485.0,23.8,0.0,FALSE
859,05-12-2026 08:00 PM,SN-C01,Zone C,16.9,29.3,33.2,46.8,48.0,22.4,0.0,No
860,2026-05-12 20:00,SN-C02,Zone_C,-15,null,33.2,46.8,48.0,25.2,0.0,No
861,2026-05-12 20:00,SN-C03,Zone C,N/A,27.1,33.2,46.8,48.0,24.7,0.0,FALSE
862,2026-05-12 20:00,SN-D01,Zone D,79.7,88.5,95.1,35.7,538.0,25.0,0.0,FALSE
863,12-May-2026 20:00,SN-D02,Zone D,76.8,89.6,95.1,35.7,538.0,25.7,0.0,Off
864,2026-05-12 20:00,SN-D03,ZoneD,79.2,31.7,35.1,35.7,538.0,24.4,0.0,Off
865,05-13-2026 12:00 AM,SN-A01,Zone_A,72.6,24.1,-999,52.3,0.0,23.5,0.0,0
866,13-May-2026 00:00,SN-A02,Zone A,70.0,26.7,28.9,52.3,0.0,22.2,0.0,Off
867,2026-05-13 00:00,SNA03,Zone A,71.3,26.1,28.9,110,0.0,24.6,0.0,Off
868,2026-05-13 00:00,SN-B01,Zone B,67.9,24.8,28.9,52.2,0.0,26.0,0.0,OFF
869,05-13-2026 12:00 AM,SN-B02,Zone B,66.3,24.3,-999,52.2,0.0,23.9,0.0,Off
870,05-13-2026 12:00 AM,SN-B03, Zone B,65.8,24.4,28.9,52.2,0.0,22.6,0.0,0
871,13-May-2026 00:00,SN-C01,Zone_C,16.0,22.7,26.9,55.0,0.0,21.4,0.0,OFF
872,2026-05-13 00:00,SNC02,Zone_C,14.4,22.5,26.9,55.0,0.0,24.0,0.0,FALSE
873,2026-05-13 00:00,SN-C03,Zone C,16.5,23.7,26.9,55.0,0.0,23.6,0.0,Off
874,13-May-2026 00:00,SN-D01,Zone_D,78.1,81.0,86.6,49.8,0.0,24.2,0.0,0
875,2026-05-13 00:00,SN-D02,Zone D,75.8,78.8,86.6,49.8,0.0,24.8,0.0,FALSE
876,2026-05-13 00:00,SN-D03,Zone D,77.2,28.1,30.3,49.8,0.0,23.4,0.0,OFF
877,2026-05-13 04:00,sn_a01,Zone A,NA,22.9,28.3,58.7,0.0,22.5,0.0,Yes
878,2026-05-13 04:00,SN-A02,Zone A,N/A,26.0,28.3,58.7,0.0,21.0,-999,On
879,2026-05-13 04:00,SN-A03,zone_a,-999,24.4,28.3,null,NA,N/A,0.0,TRUE
880,2026-05-13 04:00,sn_b01,Zone B,73.7,25.0,27.8,60.1,0.0,25.1,0.0,1
881,2026-05-13 04:00,SN-B02,Zone B,70.3,N/A,27.8,60.1,0.0,22.7,0.0,TRUE
882,13/05/2026 04:00,SN-B03,Zone_B,72.7,23.4,27.8,60.1,0.0,21.4,0.0,TRUE
883,2026-05-13 04:00,SN-C01,Zone C,15.9,23.8,26.9,56.6,0.0,20.1,0.0,FALSE
884,13/05/2026 04:00,SN-C02,ZoneC,11.9,23.0,26.9,56.6,0.0,23.2,0.0,FALSE
885,13-May-2026 04:00,SN-C03,Zone_C,14.6,23.1,26.9,56.6,0.0,22.6,0.0,Off
886,,SN-D01,Zone D,83.1,72.4,78.9,53.5,607.0,23.0,0.0,TRUE
887,2026-05-13 04:00,SN-D02,Zone D,80.6,72.4,78.9,NA,607.0,23.9,0.0,On
888,2026-05-13 04:00,SN-D03,Zone D,80.5,22.1,26.0,53.5,607.0,22.3,0.0,Yes
889,13/05/2026 08:00,SN-A01,Zone A,74.7,30.3,33.8,36.7,24219.0,21.4,0.0,FALSE
890,13-May-2026 08:00,sn_a02,Zone A,73.4,31.7,33.8,36.7,24219.0,20.0,0.0,0
891,13/05/2026 08:00,SN-A03,ZoneA,74.9,31.5,33.8,36.7,24219.0,22.6,0.0,FALSE
892,05-13-2026 08:00 AM,SN-B01,Zone_B,69.9,29.9,33.7,48.1,30425.0,23.9,0.0,Off
893,2026-05-13 08:00,SN-B02,ZoneB,70.8,29.8,33.7,48.1,30425.0,21.8,0.0,No
894,13-May-2026 08:00,SN-B03,Zone B,68.6,28.3,33.7,48.1,30425.0,-999,0.0,No
895,2026-05-13 08:00,SN-C01,Zone C,11.2,25.9,31.7,43.2,28856.0,19.1,0.0,No
896,05-13-2026 08:00 AM,SN-C02,Zone C,-999,29.2,31.7,43.2,28856.0,22.1,0.0,FALSE
897,2026-05-13 08:00,SN-C03,Zone C,15.0,28.1,31.7,43.2,28856.0,21.3,0.0,OFF
898,13/05/2026 08:00,SND01,Zone D,79.5,,90.7,48.6,31208.0,21.8,N/A,OFF
899,13-May-2026 08:00,SN-D02,Zone D,79.4,82.9,90.7,48.6,31208.0,22.7,0.0,No
900,05-13-2026 08:00 AM,SN-D03,Zone D,78.5,26.8,32.6,48.6,31208.0,21.1,0.0,Off
901,2026/05/13T12:00:00,SN-A01,Zone A,73.4,39.5,43.5,21.3,105731.0,20.2,0.0,FALSE
902,13-May-2026 12:00,SN-A02,Zone A,66.4,40.1,43.5,21.3,105731.0,19.0,0.0,NA
903,05-13-2026 12:00 PM, SN-A03 ,zone_a,71.7,38.4,43.5,21.3,105731.0,21.8,0.0,Off
904,05-13-2026 12:00 PM,SN-B01,ZoneB,66.8,37.1,40.3,27.6,93141.0,22.9,0.0,0
905,13-May-2026 12:00,SN-B02,Zone B,65.3,37.7,40.3,27.6,93141.0,20.5,0.0,0
906,13/05/2026 12:00,SN-B03,Zone B,68.0,36.8,40.3,27.6,93141.0,19.2,0.0,Off
907,13/05/2026 12:00,SN-C01,ZoneC,9.4%,38.4,42.9,20.7,92545.0,17.9,0.0,No
908,2026-05-13 12:00,SN-C02,Zone C,6.9,38.8,42.9,20.7,92545.0,20.8,0.0,0
909,05-13-2026 12:00 PM,SN-C03,Zone C,,40.6,42.9,20.7,92545.0,20.2,0.0,0
910,2026-05-13 12:00,SN-D01,zone_d,74.6,98.0,104.1,26.8,98741.0,20.9,0.0,FALSE
911,13-May-2026 12:00,SN-D02,Zone D,77.3,100.1,104.1,26.8,98741.0,21.8,N/A,FALSE
912,2026/05/13T12:00:00, SN-D03 ,Zone_D,76.6,37.9,40.1,26.8,98741.0,20.0,0.0,OFF
913,05-13-2026 04:00 PM,sn-a01,ZoneA,78.3,,41.8,25.3,55568.0,19.2,N/A,Yes
914,05-13-2026 04:00 PM,SN-A02,Zone_A,73.9,36.4,41.8,25.3,55568.0,LOW,0.0,On
915,2026-05-13 16:00,SN-A03,ZoneA,77.6,38.6,41.8,25.3,55568.0,20.8,0.0,ON
916,2026-05-13 16:00,SN-B01,Zone B,72.2,33.1,38.7,25.3,51495.0,21.8,0.0,ON
917,13/05/2026 16:00,sn-b02, Zone B,71.7,34.8,38.7,25.3,51495.0,19.5,0.0,Yes
918,05-13-2026 04:00 PM,SN-B03,ZoneB,71.0,NA,38.7,25.3,NA,18.3,0.0,Yes
919,13-May-2026 16:00,SN-C01,Zone C,5.5,40.0,43.6,32.6,52223.0,-16.7,0.0,0
920,13/05/2026 16:00,SN-C02,zone_c,3.0,40.5,43.6,32.6,52223.0,19.9,0.0,FALSE
921,05-13-2026 04:00 PM,SN-C03,Zone C,9.4,39.0,43.6,32.6,52223.0,19.2,0.0,No
922,2026-05-13 16:00,SN-D01,Zone D,79.6,101.3,107.7,28.3,64563.0,20.1,0.0,Yes
923,05-13-2026 04:00 PM, SN-D02 ,Zone D,83.4,99.6,107.7,28.3,64563.0,20.6,0.0,On
924,2026-05-13 16:00,sn_d03, Zone D,81.0,40.0,42.1,28.3,64563.0,LOW,0.0,TRUE
925,2026-05-13 20:00,SN-A01,Zone A,76.0,29.0,34.5,44.1,101.0,18.1,0.0,No
926,13-May-2026 20:00,SN-A02,Zone A,74.3,30.2,34.5,44.1,101.0,17.0,0.0,No
927,2026-05-13 20:00,SN-A03,Zone A,74.0,30.2,34.5,44.1,101.0,19.6,0.0,OFF
928,,SN-B01,Zone B,,27.9,31.7,null,522.0,20.7,0.0,Off
929,2026-05-13 20:00,SN-B02,Zone B,71.3,28.7,31.7,39.1,522.0,18.6,0.0,No
930,13/05/2026 20:00,SN-B03,Zone B,69.5,26.2,31.7,39.1,522.0,17.3,0.0,OFF
931,2026-05-13 20:00,sn_c01,Zone_C,5.5,30.2,33.9,37.6,386.0,15.9,NA,0
932,2026-05-13 20:00,SN-C02,Zone C,,29.1,33.9,37.6,386.0,18.7,0.0,No
933,13/05/2026 20:00,sn_c03,zone_c,8.2,29.9,-999,37.6,NA,17.9,0.0,OFF
934,05-13-2026 08:00 PM,SN-D01,Zone D,83.0,85.8,97.2,46.8,993.0,18.8,0.0,No
935,2026/05/13T20:00:00,SN-D02,Zone D,78.7,88.3,-999,46.8,993.0,19.4,0.0,Off
936,,SN-D03,Zone D,81.2,32.1,36.2,-999,993.0,18.0,0.0,
937,14-May-2026 00:00,SN-A01,ZoneA,72.8,22.8,28.0,58.1,63.0,17.2,0.0,FALSE
938,2026/05/14T00:00:00,SN-A02,Zone A,-999,24.7,28.0,58.1,63.0,15.9,0.0,FALSE
939,2026-05-14 00:00,SN-A03,Zone A,72.4,24.1,28.0,N/A,63.0,18.5,0.0,FALSE
940,05-14-2026 12:00 AM,SN-B01,ZoneB,67.5%,22.4,25.5,52.3,58.0,19.8,0.0,0
941,2026-05-14 00:00,SNB02,Zone B,67.2%,18.8,25.5,52.3,58.0,17.7,N/A,FALSE
942,14-May-2026 00:00, SN-B03 ,Zone B,66.0,23.5,25.5,52.3,58.0,16.5,0.0,No
943,2026-05-14 00:00,SN-C01,Zone C,4.4%,21.9,27.0,56.5,348.0,15.0,0.0,OFF
944,14/05/2026 00:00,sn_c02,Zone C,4.6,24.8,27.0,56.5,348.0,17.7,0.0,-999
945,2026-05-14 00:00,SN-C03,Zone_C,5.2,20.7,27.0,56.5,348.0,16.9,0.0,Off
946,2026/05/14T00:00:00,SN-D01,ZoneD,79.4,76.6,81.5,58.6,11.0,18.0,0.0,FALSE
947,14/05/2026 00:00,SN-D02,Zone D,76.3%,73.0,81.5,58.6,11.0,18.3,0.0,No
948,2026/05/14T00:00:00,SN-D03,Zone D,77.9,23.8,27.5,null,11.0,17.0,0.0,No
949,14/05/2026 04:00,SN-A01,Zone A,76.6,20.7,25.8,61.9,184.0,16.1,null,ON
950,2026-05-14 04:00,SN-A02,Zone A,75.6,24.3,25.8,61.9,184.0,14.9,0.0,On
951,05-14-2026 04:00 AM,SNA03,Zone A,75.5%,22.5,25.8,61.9,184.0,17.7,0.0,ON
952,14-May-2026 04:00,SN-B01,Zone B,73.1,26.9,28.7,52.3,0.0,18.7,0.0,TRUE
953,14-May-2026 04:00,SN-B02,ZoneB,71.4%,22.3,28.7,52.3,NA,16.4,0.0,NA
954,05-14-2026 04:00 AM,SN-B03,Zone B,71.1,23.9,28.7,52.3,0.0,15.5,0.0,TRUE
955,2026-05-14 04:00,SN-C01,Zone C,3.5,N/A,27.0,54.1,416.0,LOW,0.0,0
956,14-May-2026 04:00,SN-C02,Zone C,1.1,23.4,27.0,54.1,416.0,16.6,0.0,FALSE
957,2026-05-14 04:00,sn_c03,zone_c,3.5,21.5,27.0,54.1,-500,15.8,0.0,0
958,2026-05-14 04:00,sn_d01,Zone_D,83.7,72.1,79.8,-10,14.0,17.1,0.0,1
959,2026-05-14 04:00,SN-D02,Zone_D,82.2,70.7,79.8,56.0,14.0,,0.0,1
960,14/05/2026 04:00,sn_d03,Zone D,81.5,20.8,26.6,56.0,14.0,15.9,0.0,On
961,14-May-2026 08:00,SN-A01,Zone A,73.2,28.7,32.8,44.9,27534.0,15.1,0.0,No
962,2026-05-14 08:00,SN-A02,Zone A,null,NA,,-999,null,13.9,0.0,Off
963,05-14-2026 08:00 AM,SN-A03,Zone A,74.1%,30.1,32.8,44.9,27534.0,16.5,0.0,FALSE
964,2026-05-14 08:00,SN-B01,Zone B,68.9,31.5,33.4,44.1,31508.0,17.7,0.0,No
965,2026-05-14 08:00,SN-B02,Zone B,68.6,27.9,33.4,44.1,31508.0,15.5,0.0,0
966,,sn_b03,Zone B,-999,NA,null,NA,-999,14.5,0.0,0
967,2026-05-14 08:00,SN-C01,Zone_C,4.1,27.8,33.3,43.7,28702.0,13.0,0.0,No
968,2026-05-14 08:00,SN-C02,Zone C,4.4,30.5,33.3,43.7,28702.0,15.4,0.0,FALSE
969,2026-05-14 08:00,sn_c03,Zone C,-999,NA,,N/A,NA,14.9,-999,Off
970,14-May-2026 08:00,SN-D01, Zone D,78.5%,80.7,88.2,38.4,31103.0,16.3,NA,OFF
971,2026-05-14 08:00,SND02,Zone D,-15,82.1,88.2,38.4,31103.0,16.6,0.0,Off
972,2026-05-14 08:00,SN-D03,Zone D,78.9,27.2,31.2,38.4,31103.0,15.0,0.0,FALSE
973,2026-05-14 12:00,SN-A01,ZoneA,NA,N/A,,N/A,-999,14.2,0.0,0
974,14/05/2026 12:00,SN-A02,Zone A,72.1,36.1,40.0,-999,100991.0,100.0,0.0,Off
975,2026-05-14 12:00,SN-A03,Zone A,71.2,34.6,40.0,36.3,100991.0,15.5,0.0,0
976,2026-05-14 12:00,SN-B01,zone_b,67.5,37.5,42.1,18.5,100137.0,16.4,null,FALSE
977,2026-05-14 12:00,sn_b02,Zone B,66.2,38.8,42.1,18.5,-999,14.7,0.0,0
978,2026-05-14 12:00,SNB03,Zone B,69.5,38.9,42.1,18.5,100137.0,13.3,0.0,No
979,14-May-2026 12:00,SN-C01,Zone C,NA,null,N/A,-999,,12.1,0.0,0
980,14/05/2026 12:00, SN-C02 ,ZoneC,3.0,39.5,43.4,30.8,83302.0,14.1,0.0,FALSE
981,2026-05-14 12:00,SN-C03,Zone C,NA,,,N/A,NA,14.1,0.0,Off
982,05-14-2026 12:00 PM,SN-D01,Zone D,77.9,97.8,109.2,25.7,96938.0,15.3,0.0,0
983,14/05/2026 12:00,SN-D02,Zone D,150,100.2,109.2,25.7,96938.0,15.7,0.0,OFF
984,14/05/2026 12:00,SN-D03,Zone D,75.4,39.7,42.9,25.7,96938.0,13.8,0.0,FALSE
985,14/05/2026 16:00,SN-A01,Zone_A,N/A,N/A,NA,N/A,N/A,13.2,0.0,1
986,,SN-A02,Zone A,,,,,,,,
987,14/05/2026 16:00,SN-A03,Zone A,null,38.4,41.8,24.1,57756.0,14.7,0.0,1
988,2026-05-14 16:00,SN-B01,Zone B,72.5,34.4,39.7,31.1,52712.0,LOW,,On
989,05-14-2026 04:00 PM,SN-B02,Zone B,,null,,null,null,13.6,0.0,ON
990,,SN-B03,Zone B,NA,N/A,null,,null,12.3,0.0,On
991,2026-05-14 16:00,SN-C01,Zone_C,4.0,37.4,41.0,32.4,58796.0,11.3,0.0,No
992,14-May-2026 16:00,SN-C02,Zone C,N/A,-999,N/A,NA,-999,13.1,0.0,0
993,14/05/2026 16:00,SN-C03,Zone C,4.5,35.6,41.0,32.4,58796.0,13.1,0.0,Off
994,2026-05-14 16:00,SN-D01,Zone D,82.1,95.1,106.9,33.0,53300.0,14.4,0.0,ON
995,2026-05-14 16:00,SND02,Zone D,81.4,102.4,106.9,33.0,NA,100.0,null,Yes
996,2026-05-14 16:00,SN-D03,zone_d,83.6,38.4,41.6,33.0,53300.0,100.0,0.0,TRUE
997,2026/05/14T20:00:00,sn_a01,Zone A,76.4,33.2,36.8,47.2,111.0,12.4,null,FALSE
998,2026-05-14 20:00,SN-A02,Zone A,76.9,33.2,36.8,47.2,111.0,98.1,0.0,OFF
999,2026-05-14 20:00,SN-A03,Zone A,73.1,33.9,-999,47.2,111.0,100.0,null,FALSE
1000,2026-05-14 20:00,sn_b01,Zone B,69.2,30.9,36.1,39.5,N/A,14.3,0.0,FALSE
1001,05-14-2026 08:00 PM,SN-B02,ZoneB,69.3,32.4,36.1,39.5,705.0,12.4,0.0,FALSE
1002,2026/05/14T20:00:00,sn_b03,zone_b,70.6,31.4,36.1,39.5,-1,11.5,0.0,OFF
1003,05-14-2026 08:00 PM,SN-C01,zone_c,5.5,32.4,37.1,42.5,867.0,100.0,0.0,0
1004,14/05/2026 20:00,SN-C02,Zone C,6.1,34.5,37.1,42.5,867.0,12.0,0.0,No
1005,2026/05/14T20:00:00,SN-C03,Zone C,4.9,33.8,37.1,42.5,867.0,12.2,0.0,FALSE
1006,2026-05-14 20:00, SN-D01 ,Zone_D,78.1,89.3,96.2,38.9,718.0,13.5,0.0,Off
1007,14/05/2026 20:00,SN-D02,ZoneD,78.0,86.9,96.2,38.9,718.0,99.0,0.0,OFF
1008,05-14-2026 08:00 PM,SN-D03,Zone D,79.7,33.6,,38.9,718.0,98.7,0.0,0
1009,2026-05-15 00:00,sn_a01,Zone A,NA,N/A,N/A,-999,null,11.1,0.0,Off
1010,05-15-2026 12:00 AM,SN-A02,Zone A,,24.0,28.2,-999,0.0,97.0,0.0,No
1011,,SNA03,Zone A,70.6,25.3,28.2,62.8,0.0,99.0,0.0,No
1012,2026-05-15 00:00,SNB01,Zone B,68.5,26.4,30.6,52.5,0.0,13.5,0.0,FALSE
1013,05-15-2026 12:00 AM,SN-B02,Zone B,66.9,25.4,30.6,52.5,0.0,11.3,0.0,No
1014,15/05/2026 00:00,SN-B03,Zone B,68.2,27.3,30.6,52.5,0.0,10.5,0.0,No
1015,15/05/2026 00:00,SN-C01,zone_c,4.7,28.4,29.3,55.6,793.0,98.8,0.0,No
1016,,SN-C02,Zone C,4.7,23.7,29.3,55.6,793.0,10.9,0.0,0
1017,2026-05-15 00:00,sn_c03,Zone C,2.7,25.2,29.3,55.6,793.0,11.4,0.0,Off
1018,2026-05-15 00:00,SN-D01,Zone D,75.9,78.6,83.5,50.7,391.0,12.2,0.0,0
1019,2026-05-15 00:00,SN-D02,Zone D,76.4%,75.6,83.5,50.7,391.0,97.8,0.0,0
1020,2026-05-15 00:00,SN-D03,Zone D,76.6,24.4,null,50.7,391.0,97.9,0.0,Off
1021,2026-05-15 04:00,SN-A01,Zone A,-999,-999,,-999,NA,9.9,0.0,1
1022,2026-05-15 04:00,sn_a02,Zone A,78.4,-999,27.5,61.0,0.0,95.9,0.0,Yes
1023,2026/05/15T04:00:00,SN-A03,ZoneA,76.7,23.6,27.5,61.0,0.0,97.9,N/A,ON
1024,15-May-2026 04:00,SN-B01,ZoneB,N/A,N/A,-999,null,N/A,12.5,null,ON
1025,2026-05-15 04:00,SN-B02,ZoneB,N/A,20.5,25.4,61.9,0.0,10.1,0.0,Yes
1026,15-May-2026 04:00,SN-B03,Zone B,71.6,21.3,25.4,null,0.0,9.4,0.0,1
1027,05-15-2026 04:00 AM,SN-C01,Zone C,32.2,19.1,24.2,59.4,19.0,97.8,0.0,Yes
1028,2026-05-15 04:00,SN-C02, Zone C,29.1,21.6,24.2,59.4,19.0,10.1,0.0,TRUE
1029,2026-05-15 04:00,SN-C03,Zone C,26.9,20.2,24.2,59.4,19.0,LOW,0.0,1
1030,05-15-2026 04:00 AM, SN-D01 ,Zone D,83.1,71.9,79.7,53.3,33.0,11.0,0.0,Yes
1031,15/05/2026 04:00,SN-D02,Zone_D,80.6,69.9,79.7,53.3,33.0,96.5,0.0,ON
1032,2026-05-15 04:00,SN-D03,Zone D,,22.6,26.5,53.3,33.0,NA,0.0,On
1033,05-15-2026 08:00 AM,SN-A01,Zone A,NA,,-999,N/A,N/A,8.8,0.0,FALSE
1034,15-May-2026 08:00,SN-A02,ZoneA,76.8,26.6,30.8,52.8,24760.0,94.8,0.0,0
1035,2026/05/15T08:00:00,SN-A03,Zone A,73.6,-999,30.8,52.8,24760.0,97.1,0.0,Off
1036,05-15-2026 08:00 AM,SN-B01,Zone B,69.6,null,31.6,54.2,,11.5,0.0,OFF
1037,2026-05-15 08:00,sn-b02,Zone B,N/A,,,N/A,NA,9.2,0.0,No
1038,2026-05-15 08:00,SN-B03,Zone B,70.8,26.9,31.6,54.2,29852.0,8.3,0.0,No
1039,2026-05-15 08:00,SN-C01,Zone C,30.2,28.4,33.7,43.7,28430.0,96.5,0.0,No
1040,05-15-2026 08:00 AM,SN-C02,Zone C,,N/A,null,,NA,9.1,0.0,OFF
1041,2026-05-15 08:00,SN-C03,Zone C,25.0,30.6,33.7,43.7,28430.0,99.1,0.0,FALSE
1042,2026-05-15 08:00,sn_d01,Zone_D,78.7,81.0,89.2,50.3,25578.0,10.1,NA,OFF
1043,2026-05-15 08:00,sn-d02,Zone D,79.6,81.4,89.2,50.3,25578.0,null,0.0,OFF
1044,2026-05-15 08:00,SN-D03,ZoneD,77.0,27.0,31.8,50.3,25578.0,95.9,0.0,Off
1045,15/05/2026 12:00,SN-A01,Zone A,72.9,38.0,40.7,23.7,999999,7.8,0.0,FALSE
1046,2026-05-15 12:00,SN-A02,Zone A,75.1,34.9,40.7,23.7,98641.0,94.0,0.0,No
1047,2026-05-15 12:00,SN-A03,Zone_A,71.1,38.8,40.7,23.7,98641.0,96.0,0.0,Off
1048,05-15-2026 12:00 PM,SN-B01,Zone B,-999,-999,N/A,-999,,10.3,-999,0
1049,,SN-B02,Zone_B,68.1,36.6,41.8,20.2,107036.0,8.2,0.0,OFF
1050,2026/05/15T12:00:00,SN-B03,Zone B,67.1%,38.2,41.8,20.2,107036.0,7.4,0.0,Off
1051,05-15-2026 12:00 PM,SN-C01,Zone C,29.5,39.9,43.2,29.5,83517.0,95.6,0.0,Off
1052,2026-05-15 12:00,SN-C02,Zone C,24.7,41.0,43.2,29.5,83517.0,7.9,0.0,FALSE
1053,15/05/2026 12:00,SN-C03,Zone_C,23.6,39.1,-40,29.5,83517.0,98.0,0.0,0
1054,15-May-2026 12:00,SND01,Zone D,79.4,-40,107.6,23.4,87699.0,9.1,0.0,Off
1055,2026-05-15 12:00,SN-D02,Zone D,78.6,NA,107.6,23.4,87699.0,94.5,0.0,NA
1056,2026-05-15 12:00,SN-D03,Zone_D,77.1,40.6,42.0,23.4,87699.0,94.7,0.0,OFF
1057,15/05/2026 16:00,SN-A01,Zone A,,,,,,,,
1058,2026-05-15 16:00,SN-A02,Zone A,77.3,36.4,40.8,N/A,68577.0,93.1,-999,On
1059,15-May-2026 16:00,SN-A03,Zone A,73.9,36.8,40.8,NA,68577.0,94.9,0.0,Yes
1060,05-15-2026 04:00 PM, SN-B01 ,Zone B,70.7,37.0,41.7,-999,61106.0,9.3,0.0,1
1061,15/05/2026 16:00,SN-B02,Zone_B,72.7%,38.3,41.7,30.5,61106.0,6.9,0.0,null
1062,05-15-2026 04:00 PM,SN-B03,Zone B,74.1,35.6,41.7,30.5,61106.0,6.3,0.0,ON
1063,2026/05/15T16:00:00,SN-C01,Zone C,43.7,35.6,NA,27.5,65041.0,94.5,0.0,TRUE
1064,15/05/2026 16:00,SN-C02,Zone C,null,null,-999,N/A,N/A,6.9,0.0,TRUE
1065,15-May-2026 16:00,SNC03,Zone C,34.4,38.0,40.3,27.5,65041.0,96.8,0.0,TRUE
1066,15/05/2026 16:00,SN-D01,Zone D,80.7,99.5,104.1,29.4,57750.0,100.0,0.0,On
1067,05-15-2026 04:00 PM,SN-D02,Zone D,82.4%,97.6,null,null,57750.0,93.4,0.0,Yes
1068,05-15-2026 04:00 PM,SN-D03,Zone D,81.7,35.9,40.1,29.4,57750.0,93.8,0.0,On
1069,2026-05-15 20:00,SN-A01,Zone A,72.6,27.5,33.2,33.3,354.0,5.8,0.0,FALSE
1070,05-15-2026 08:00 PM,SNA02,Zone A,73.8,28.7,33.2,33.3,354.0,91.9,0.0,0
1071,2026-05-15 20:00,SN-A03,Zone A,74.7,30.2,33.2,33.3,354.0,94.0,0.0,0
1072,15/05/2026 20:00,SN-B01, Zone B,68.5,29.8,34.2,40.1,700.0,8.1,0.0,OFF
1073,2026/05/15T20:00:00,SN-B02,Zone_B,NA,-999,NA,null,NA,6.0,0.0,Off
1074,2026-05-15 20:00,SN-B03,zone_b,N/A,NA,NA,NA,NA,5.2,0.0,0
1075,05-15-2026 08:00 PM,sn_c01,Zone C,41.2,27.0,32.3,44.0,0.0,93.6,0.0,FALSE
1076,2026-05-15 20:00,SN-C02,Zone C,37.7,26.9,32.3,44.0,0.0,5.9,0.0,0
1077,2026-05-15 20:00,SN-C03,Zone C,NA,31.0,32.3,44.0,0.0,95.6,0.0,OFF
1078,05-15-2026 08:00 PM,SN-D01,Zone_D,80.2,89.2,96.0,42.2,N/A,98.8,0.0,Off
1079,15-May-2026 20:00,SN-D02,Zone D,81.0,87.5,96.0,42.2,815.0,92.2,0.0,0
1080,15/05/2026 20:00,SN-D03,Zone D,80.5,32.1,35.6,42.2,815.0,92.5,0.0,FALSE
1081,16-May-2026 00:00,SN-A01,Zone A,75.5,25.4,28.1,55.8,0.0,4.7,0.0,OFF
1082,05-16-2026 12:00 AM,SN-A02,Zone A,71.0,24.0,28.1,55.8,0.0,LOW,0.0,Off
1083,2026/05/16T00:00:00,SN-A03,Zone_A,70.4,23.7,28.1,55.8,0.0,93.0,0.0,FALSE
1084,2026-05-16 00:00,SN-B01,Zone B,65.4,22.8,25.7,54.2,350.0,7.2,0.0,No
1085,2026-05-16 00:00,sn_b02,Zone B,-999,,-999,null,,4.8,0.0,0
1086,16-May-2026 00:00,SN-B03,Zone B,67.3,20.3,25.7,54.2,350.0,4.4,0.0,0
1087,05-16-2026 12:00 AM,SN-C01,Zone C,38.9,22.3,26.0,61.3,117.0,92.3,0.0,No
1088,2026-05-16 00:00,SN-C02,Zone C,34.8%,24.4,26.0,61.3,117.0,100.0,,Off
1089,2026-05-16 00:00,SN-C03,Zone C,30.6,22.0,26.0,61.3,117.0,94.5,0.0,0
1090,16/05/2026 00:00,SN-D01,Zone D,75.8,79.1,85.8,54.9,212.0,97.7,0.0,Off
1091,16-May-2026 00:00,SN-D02,ZoneD,79.9,76.2,85.8,54.9,212.0,91.0,0.0,No
1092,2026-05-16 00:00,sn_d03,Zone D,74.6,26.6,29.9,54.9,212.0,91.7,0.0,FALSE
1093,2026-05-16 04:00,SN-A01,Zone A,76.8,23.7,27.3,52.8,112.0,3.9,0.0,On
1094,2026-05-16 04:00,SN-A02,Zone A,76.5%,24.1,27.3,52.8,112.0,89.8,0.0,TRUE
1095,2026-05-16 04:00,sn_a03,Zone A,77.5,23.5,27.3,52.8,112.0,92.1,0.0,ON
1096,2026-05-16 04:00,SN-B01,Zone B,,NA,,N/A,null,6.3,0.0,1
1097,16-May-2026 04:00,SN-B02, Zone B,70.7,20.2,23.5,62.0,0.0,3.5,0.0,TRUE
1098,2026-05-16 04:00,SN-B03,Zone B,null,null,N/A,-999,null,3.3,-999,1
1099,2026-05-16 04:00,SN-C01,Zone C,44.9,19.3,23.9,60.8,0.0,91.5,0.0,Yes
1100,2026-05-16 04:00,SN-C02,Zone C,40.5,20.5,23.9,60.8,0.0,99.1,N/A,TRUE
1101,2026-05-16 04:00,SN-C03,ZoneC,40.4,20.3,23.9,60.8,0.0,93.2,N/A,On
1102,16-May-2026 04:00, SN-D01 ,Zone D,82.0%,72.5,80.9,58.7,0.0,96.5,0.0,ON
1103,16-May-2026 04:00,sn_d02,Zone D,82.3%,77.4,80.9,58.7,0.0,90.1,0.0,TRUE
1104,05-16-2026 04:00 AM,SN-D03,zone_d,82.9,22.8,27.2,58.7,0.0,90.5,0.0,ON
1105,2026-05-16 08:00,sn_a01, Zone A,NA,NA,NA,,N/A,2.7,0.0,0
1106,05-16-2026 08:00 AM,SN-A02,Zone A,75.2,29.1,32.9,46.2,31799.0,88.9,0.0,FALSE
1107,05-16-2026 08:00 AM,SN-A03,zone_a,74.1,28.7,32.9,46.2,31799.0,90.9,0.0,FALSE
1108,2026-05-16 08:00,sn-b01,Zone B,68.2,29.5,33.2,-10,24802.0,5.3,0.0,null
1109,2026/05/16T08:00:00,SN-B02,Zone B,-999,29.9,-40,48.7,24802.0,2.6,0.0,Off
1110,05-16-2026 08:00 AM,SN-B03,ZoneB,69.4,30.1,33.2,48.7,24802.0,2.4,,FALSE
1111,05-16-2026 08:00 AM,SN-C01,Zone C,44.3,30.4,32.7,46.9,25752.0,90.4,0.0,null
1112,05-16-2026 08:00 AM, SN-C02 ,Zone C,39.5,30.7,32.7,46.9,25752.0,98.0,0.0,Off
1113,16/05/2026 08:00,SNC03,zone_c,35.8,28.7,32.7,46.9,25752.0,92.4,0.0,OFF
1114,2026-05-16 08:00,SN-D01,Zone_D,79.7,86.9,94.7,50.7,28433.0,95.6,0.0,0
1115,2026-05-16 08:00,sn_d02,Zone D,79.7,89.7,94.7,50.7,28433.0,LOW,0.0,0
1116,2026-05-16 08:00,SN-D03,Zone D,77.9,30.8,34.9,50.7,28433.0,89.5,0.0,FALSE
1117,05-16-2026 12:00 PM,sn_a01,Zone A,72.8,37.9,150,32.1,92169.0,1.6,0.0,Off
1118,05-16-2026 12:00 PM,SN-A02,zone_a,73.5,35.3,40.6,32.1,92169.0,87.9,0.0,Off
1119,05-16-2026 12:00 PM,SN-A03,Zone A,73.3,36.2,40.6,32.1,92169.0,90.0,0.0,Off
1120,2026-05-16 12:00,SN-B01,Zone B,65.5,37.2,40.8,21.2,90724.0,-4.4,0.0,0
1121,2026/05/16T12:00:00,SN-B02,Zone B,67.8,38.6,40.8,21.2,90724.0,1.4,0.0,OFF
1122,,SN-B03,Zone B,64.0%,37.1,40.8,21.2,90724.0,1.1,0.0,Off
1123,2026-05-16 12:00,sn_c01,Zone_C,39.1,41.6,44.1,22.5,105245.0,89.4,0.0,0
1124,2026-05-16 12:00,SN-C02,Zone C,37.1,38.5,44.1,22.5,105245.0,97.0,0.0,0
1125,2026-05-16 12:00,SN-C03,Zone_C,35.1,42.3,44.1,22.5,105245.0,91.2,0.0,0
1126,2026-05-16 12:00,SN-D01,Zone_D,79.3,103.7,107.6,25.2,,94.3,0.0,FALSE
1127,05-16-2026 12:00 PM,SND02,Zone_D,78.0,97.9,107.6,25.2,88566.0,88.2,0.0,0
1128,16-May-2026 12:00,SN-D03,Zone D,78.5%,38.5,42.0,25.2,88566.0,88.4,0.0,No
1129,2026-05-16 16:00, SN-A01 ,Zone A,NA,null,N/A,null,N/A,0.7,0.0,TRUE
1130,16/05/2026 16:00,SN-A02,Zone_A,74.4,null,39.8,24.4,60029.0,86.9,0.0,Yes
1131,16-May-2026 16:00,SNA03,Zone_A,78.4,37.0,39.8,24.4,60029.0,89.0,0.0,NA
1132,2026-05-16 16:00,SN-B01,Zone B,70.2,150,41.7,25.8,65377.0,3.2,0.0,TRUE
1133,2026-05-16 16:00,SN-B02,ZoneB,73.3,37.2,41.7,25.8,65377.0,0.3,0.0,Yes
1134,05-16-2026 04:00 PM,sn_b03,Zone_B,-999,null,NA,,,0.2,0.0,ON
1135,05-16-2026 04:00 PM,SN-C01,Zone C,49.2,40.1,44.2,29.7,68094.0,88.3,0.0,ON
1136,2026-05-16 16:00,SNC02,Zone C,43.3,42.2,N/A,29.7,68094.0,96.0,0.0,TRUE
1137,2026-05-16 16:00,sn_c03, Zone C,44.5,39.1,44.2,29.7,68094.0,90.2,0.0,ON
1138,05-16-2026 04:00 PM,SN-D01,Zone D,82.3,99.8,108.6,30.8,60028.0,93.4,,ON
1139,16/05/2026 16:00, SN-D02 ,Zone D,80.6,99.3,108.6,30.8,60028.0,87.2,0.0,ON
1140,2026-05-16 16:00,SN-D03,Zone D,81.4,40.0,42.6,30.8,60028.0,87.5,0.0,1
1141,16/05/2026 20:00,SN-A01,Zone A,-999,,-999,N/A,null,0.0,0.0,Off
1142,05-16-2026 08:00 PM,sn_a02,Zone A,73.5,29.5,35.2,36.7,35.0,85.9,NA,-999
1143,2026-05-16 20:00,sn_a03,Zone A,76.2,32.0,35.2,36.7,35.0,88.0,0.0,No
1144,2026/05/16T20:00:00,SN-B01,zone_b,67.8,null,35.1,41.7,404.0,2.3,0.0,FALSE
1145,2026-05-16 20:00,SN-B02,Zone B,-999,null,NA,,-999,0.0,0.0,0
1146,2026-05-16 20:00,SN-B03,Zone B,67.1,33.1,35.1,41.7,404.0,0.0,0.0,0
1147,16/05/2026 20:00,sn_c01,Zone C,46.7,31.3,35.3,37.5,410.0,87.3,0.0,0
1148,16/05/2026 20:00,SN-C02,Zone C,41.3%,31.2,35.3,37.5,410.0,94.8,0.0,0
1149,05-16-2026 08:00 PM,SN-C03,Zone C,43.8%,32.1,35.3,37.5,410.0,89.0,0.0,FALSE
1150,2026-05-16 20:00,SND01,Zone D,79.9,82.9,92.0,38.3,813.0,92.2,0.0,No
1151,16-May-2026 20:00,SN-D02,Zone D,77.9,85.0,92.0,38.3,813.0,86.3,0.0,OFF
1152,05-16-2026 08:00 PM,SN-D03,Zone D,78.4,28.6,33.3,38.3,813.0,86.5,0.0,Off
1153,05-17-2026 12:00 AM,sn_a01,Zone A,,23.6,28.1,62.2,1.0,N/A,0.0,OFF
1154,05-17-2026 12:00 AM, SN-A02 ,Zone A,72.6,22.2,28.1,62.2,1.0,85.1,0.0,OFF
1155,17-May-2026 00:00,SN-A03,Zone A,74.8,23.4,28.1,62.2,-1,87.2,0.0,0
1156,2026/05/17T00:00:00,SN-B01,Zone_B,,-999,null,null,NA,1.1,0.0,OFF
1157,2026-05-17 00:00,SN-B02,Zone B,65.8,,27.9,62.6,349.0,0.0,0.0,Off
1158,17/05/2026 00:00,SN-B03,Zone B,67.2,24.0,27.9,62.6,349.0,LOW,0.0,No
1159,2026-05-17 00:00,sn_c01,Zone C,41.8,23.7,N/A,59.5,231.0,86.0,0.0,FALSE
1160,2026-05-17 00:00,SN-C02,ZoneC,40.1,,26.6,59.5,231.0,93.7,0.0,Off
1161,2026/05/17T00:00:00,SN-C03,Zone C,39.4,23.5,26.6,59.5,999999,87.8,0.0,FALSE
1162,17/05/2026 00:00,SN-D01, Zone D,75.5,81.2,85.5,58.5,626.0,91.1,0.0,-999
1163,2026/05/17T00:00:00,SN-D02,ZoneD,75.8,79.8,85.5,58.5,NA,85.3,0.0,0
1164,17/05/2026 00:00,SN-D03,Zone D,79.4,27.1,29.7,58.5,626.0,85.5,0.0,OFF
1165,17/05/2026 04:00,SN-A01,Zone A,N/A,N/A,N/A,NA,N/A,0.0,0.0,TRUE
1166,17/05/2026 04:00, SN-A02 ,Zone A,,,,,,,,
1167,2026-05-17 04:00,SNA03,Zone_A,75.2%,25.5,29.1,66.5,0.0,86.0,0.0,TRUE
1168,17-May-2026 04:00,SN-B01,Zone B,70.6,22.8,26.3,60.0,0.0,0.1,0.0,ON
1169,17/05/2026 04:00,SNB02,Zone B,NA,-999,N/A,N/A,N/A,-0.0,0.0,null
1170,17/05/2026 04:00,SN-B03,Zone B,72.6,21.1,26.3,60.0,0.0,98.9,0.0,On
1171,05-17-2026 04:00 AM,sn_c01,Zone C,47.2,24.0,28.1,65.4,220.0,84.9,0.0,1
1172,2026-05-17 04:00,SN-C02,Zone C,45.4,24.8,28.1,65.4,220.0,92.5,0.0,1
1173,2026-05-17 04:00,SN-C03,Zone C,42.3,22.7,28.1,65.4,220.0,86.9,0.0,On
1174,2026-05-17 04:00,SN-D01,Zone_D,N/A,76.5,82.6,58.1,503.0,90.1,NA,TRUE
1175,2026-05-17 04:00,SN-D02,zone_d,80.3,77.4,82.6,58.1,503.0,84.3,0.0,TRUE
1176,17/05/2026 04:00,SN-D03,Zone D,83.6,23.9,28.1,58.1,503.0,84.3,0.0,1
1177,17/05/2026 08:00,SN-A01,Zone A,75.2%,29.4,33.2,37.3,26715.0,0.0,NA,FALSE
1178,2026-05-17 08:00,SN-A02,Zone A,75.4,27.5,33.2,37.3,26715.0,82.9,0.0,OFF
1179,17/05/2026 08:00,sn_a03,Zone A,74.6,27.6,33.2,37.3,26715.0,85.1,0.0,FALSE
1180,17-May-2026 08:00,SN-B01,ZoneB,67.6%,27.5,30.9,44.7,28484.0,0.0,0.0,Off
1181,17/05/2026 08:00,SN-B02,Zone B,69.0,25.1,30.9,44.7,28484.0,0.0,0.0,OFF
1182,17-May-2026 08:00,SN-B03,Zone B,64.8,27.9,30.9,-10,28484.0,97.7,0.0,OFF
1183,05-17-2026 08:00 AM,SN-C01,Zone_C,44.0,29.4,32.3,45.0,25000.0,-999,0.0,No
1184,2026-05-17 08:00,SN-C02,Zone C,43.7%,28.9,,45.0,25000.0,91.3,0.0,No
1185,,SN-C03,Zone_C,39.6%,28.6,32.3,45.0,25000.0,85.9,0.0,No
1186,05-17-2026 08:00 AM,SN-D01,Zone_D,80.3,83.0,89.0,40.2,24993.0,89.0,0.0,FALSE
1187,17/05/2026 08:00,SN-D02,ZoneD,78.9,77.5,89.0,40.2,24993.0,83.4,,No
1188,2026-05-17 08:00,SN-D03,Zone D,79.7,28.1,31.7,40.2,24993.0,83.3,0.0,No
1189,2026-05-17 12:00,SN-A01,Zone_A,73.9,37.5,41.3,27.5,101209.0,0.0,0.0,OFF
1190,2026-05-17 12:00, SN-A02 ,Zone A,73.0%,38.0,41.3,27.5,101209.0,81.7,0.0,FALSE
1191,2026/05/17T12:00:00,SN-A03,ZoneA,71.0,38.8,41.3,27.5,101209.0,84.1,0.0,OFF
1192,17-May-2026 12:00,sn_b01, Zone B,65.4,37.0,43.0,25.6,88906.0,0.0,0.0,Off
1193,2026-05-17 12:00,SN-B02,zone_b,66.8,40.7,43.0,25.6,88906.0,0.0,0.0,FALSE
1194,2026-05-17 12:00,SN-B03,zone_b,66.1,42.6,43.0,25.6,88906.0,96.7,0.0,OFF
1195,17-May-2026 12:00,SN-C01,Zone C,42.1,36.1,40.3,24.9,84393.0,82.7,0.0,FALSE
1196,17-May-2026 12:00,SN-C02,ZoneC,40.5,35.2,40.3,24.9,84393.0,90.3,0.0,0
1197,17-May-2026 12:00,SNC03,zone_c,40.5,36.9,40.3,24.9,84393.0,85.0,0.0,Off
1198,05-17-2026 12:00 PM,SN-D01,Zone_D,75.4,99.5,106.8,22.5,103283.0,88.0,-999,Off
1199,17/05/2026 12:00,SN-D02,ZoneD,76.0,103.6,106.8,22.5,103283.0,82.3,0.0,OFF
1200,2026-05-17 12:00,SN-D03,Zone D,78.2,37.7,41.5,22.5,103283.0,82.0,-999,0
1201,2026-05-17 16:00,sn_a01,Zone A,N/A,NA,,NA,N/A,0.0,0.0,Yes
1202,17-May-2026 16:00,SN-A02,Zone A,76.8,41.0,43.7,23.2,60169.0,80.6,0.0,On
1203,2026-05-17 16:00,SN-A03,Zone A,76.4,39.2,43.7,23.2,60169.0,83.0,0.0,Yes
1204,2026-05-17 16:00,SN-B01,zone_b,71.6,37.9,40.7,33.7,59356.0,0.0,0.0,1
1205,05-17-2026 04:00 PM,SNB02,Zone B,71.8,37.0,40.7,33.7,59356.0,0.0,0.0,TRUE
1206,2026-05-17 16:00,SN-B03,Zone_B,71.4,37.1,40.7,33.7,59356.0,95.7,0.0,TRUE
1207,2026/05/17T16:00:00,SN-C01,ZoneC,46.1,39.1,42.3,25.0,56692.0,81.5,0.0,TRUE
1208,2026-05-17 16:00,SN-C02,Zone C,47.5,38.6,42.3,25.0,56692.0,89.1,0.0,ON
1209,17-May-2026 16:00,SN-C03,ZoneC,45.4%,38.0,42.3,25.0,56692.0,84.0,0.0,1
1210,05-17-2026 04:00 PM,SN-D01,Zone D,82.2,100.0,108.7,29.4,50884.0,87.1,0.0,1
1211,,sn-d02,zone_d,79.9,100.8,108.7,29.4,50884.0,81.1,0.0,TRUE
1212,17-May-2026 16:00,sn_d03,Zone D,82.0,37.5,42.6,29.4,50884.0,81.0,0.0,On
1213,2026-05-17 20:00,SN-A01,Zone_A,-999,,null,NA,N/A,0.0,0.0,Off
1214,17/05/2026 20:00,SN-A02,Zone A,73.0%,30.3,34.6,38.1,505.0,79.7,0.0,Off
1215,2026-05-17 20:00,SN-A03,Zone A,75.6,29.5,34.6,38.1,505.0,81.8,0.0,No
1216,17-May-2026 20:00,SNB01,Zone B,68.3,30.1,35.9,41.1,758.0,0.0,0.0,No
1217,17-May-2026 20:00,SN-B02,Zone B,67.6,31.1,35.9,41.1,758.0,0.0,0.0,0
1218,,SNB03,Zone B,69.6,32.4,35.9,41.1,758.0,94.7,0.0,0
1219,17-May-2026 20:00,SN-C01,Zone C,44.0,33.2,35.5,43.6,460.0,80.3,0.0,OFF
1220,2026-05-17 20:00,SN-C02,ZoneC,43.4%,32.0,35.5,43.6,460.0,88.3,0.0,FALSE
1221,17-May-2026 20:00,SN-C03,Zone_C,44.8,34.8,35.5,43.6,460.0,83.0,0.0,No
1222,2026-05-17 20:00,SN-D01,Zone_D,81.0,87.7,96.3,42.3,691.0,85.9,0.0,OFF
1223,17-May-2026 20:00,SN-D02,Zone D,79.4%,87.3,96.3,42.3,691.0,80.1,0.0,0
1224,17/05/2026 20:00,SND03,ZoneD,N/A,32.1,NA,42.3,691.0,79.9,0.0,No
1225,2026/05/18T00:00:00,SNA01,Zone A,,NA,,NA,N/A,-0.0,1.6,0
1226,2026/05/18T00:00:00,sn_a02,Zone A,74.2,24.8,28.8,67.1,235.0,78.8,1.6,OFF
1227,2026/05/18T00:00:00,SN-A03,Zone A,77.9,25.4,28.8,67.1,235.0,81.0,1.6,OFF
1228,2026/05/18T00:00:00, SN-B01 ,Zone B,73.8,23.6,27.9,62.1,189.0,0.0,8.4,OFF
1229,18/05/2026 00:00,SN-B02,zone_b,72.8,23.7,27.9,62.1,189.0,0.0,8.4,FALSE
1230,05-18-2026 12:00 AM,SNB03,Zone B,73.6,22.9,27.9,62.1,189.0,93.8,8.4,FALSE
1231,18/05/2026 00:00,SN-C01,zone_c,47.1,20.6,26.7,,633.0,79.1,-999,Off
1232,2026-05-18 00:00,SN-C02,Zone C,49.7,21.0,26.7,69.2,633.0,87.1,2.9,No
1233,2026/05/18T00:00:00,SN-C03,Zone C,49.7,23.2,26.7,69.2,633.0,82.0,2.9,0
1234,05-18-2026 12:00 AM,SN-D01,Zone D,83.4,73.3,81.7,69.7,0.0,84.8,8.2,No
1235,,SN-D02,Zone D,NA,77.6,81.7,69.7,0.0,79.3,,FALSE
1236,18/05/2026 00:00, SN-D03 ,Zone D,null,23.5,27.6,69.7,0.0,78.9,8.2,FALSE
1237,2026-05-18 04:00,SN-A01,zone_a,84.0,25.1,26.8,73.5,62.0,0.0,2.7,TRUE
1238,2026-05-18 04:00,SN-A02,Zone A,85.8,22.2,26.8,73.5,62.0,77.8,2.7,1
1239,18/05/2026 04:00,SN-A03,Zone A,86.6,23.9,26.8,73.5,62.0,79.7,2.7,Yes
1240,2026-05-18 04:00,SN-B01,Zone B,NA,N/A,-999,NA,NA,0.0,,On
1241,2026-05-18 04:00,SN-B02,Zone B,82.2,24.4,27.8,73.3,343.0,0.0,7.3,TRUE
1242,2026-05-18 04:00,SN-B03,Zone B,80.4,25.7,27.8,73.3,343.0,93.0,7.3,TRUE
1243,18-May-2026 04:00, SN-C01 ,Zone C,53.9,23.3,28.5,65.9,394.0,78.2,2.3,Yes
1244,18/05/2026 04:00, SN-C02 ,Zone C,55.6,23.3,28.5,65.9,394.0,86.0,2.3,TRUE
1245,18/05/2026 04:00,SN-C03,Zone C,51.0,22.6,28.5,65.9,394.0,-81.0,2.3,TRUE
1246,,sn_d01,Zone D,88.2,71.2,79.1,70.2,0.0,84.0,null,1
1247,18-May-2026 04:00,SN-D02,Zone_D,90.4,73.7,79.1,70.2,0.0,78.3,4.5,TRUE
1248,2026-05-18 04:00,sn-d03,ZoneD,,,,,,,,
1249,18/05/2026 08:00,SN-A01,Zone A,null,,null,-999,-999,0.0,8.0,FALSE
1250,2026/05/18T08:00:00,SN-A02,Zone A,91.1,30.4,32.8,56.2,29558.0,76.5,8.0,0
1251,18/05/2026 08:00,SN-A03,Zone A,86.4,28.4,32.8,56.2,29558.0,78.8,8.0,No
1252,2026-05-18 08:00,SN-B01,Zone B,85.4,29.1,34.9,49.4,26332.0,0.0,3.4,0
1253,18-May-2026 08:00,sn_b02,Zone B,85.3,29.3,34.9,49.4,26332.0,0.0,3.4,OFF
1254,2026-05-18 08:00,SN-B03,Zone B,83.5,28.1,34.9,49.4,26332.0,91.8,3.4,OFF
1255,18/05/2026 08:00,SN-C01,ZoneC,56.2,30.5,33.0,53.1,26430.0,77.2,7.6,No
1256,2026-05-18 08:00,SN-C02,Zone C,59.1,29.2,33.0,53.1,26430.0,84.8,7.6,OFF
1257,18-May-2026 08:00,SN-C03,Zone C,52.8,27.6,33.0,53.1,26430.0,80.1,7.6,OFF
1258,05-18-2026 08:00 AM,SN-D01,Zone_D,91.0,86.6,93.0,58.3,26900.0,83.0,1.5,OFF
1259,18/05/2026 08:00,SN-D02,Zone D,92.4,86.3,93.0,58.3,26900.0,77.4,1.5,Off
1260,05-18-2026 08:00 AM,SN-D03,Zone D,93.7,31.7,33.9,58.3,26900.0,76.4,1.5,FALSE
1261,2026-05-18 12:00,SN-A01,Zone A,89.5,36.9,41.3,35.6,84454.0,0.0,7.4,Off
1262,2026/05/18T12:00:00,sn_a02,Zone A,92.3,35.4,41.3,35.6,84454.0,75.3,7.4,No
1263,05-18-2026 12:00 PM,SN-A03,zone_a,91.8,38.2,41.3,35.6,84454.0,77.7,7.4,OFF
1264,2026-05-18 12:00,SN-B01,ZoneB,88.3,36.1,40.3,39.6,98921.0,0.0,,FALSE
1265,2026-05-18 12:00,SN-B02,Zone B,88.7,34.3,40.3,39.6,98921.0,0.0,8.9,OFF
1266,2026-05-18 12:00,SN-B03,Zone B,120,37.0,40.3,39.6,98921.0,90.6,8.9,FALSE
1267,2026-05-18 12:00,sn_c01,Zone C,60.6,38.8,41.6,42.3,89103.0,76.2,6.3,FALSE
1268,18/05/2026 12:00,SN-C02,Zone C,N/A,37.2,41.6,42.3,89103.0,83.7,6.3,FALSE
1269,2026/05/18T12:00:00,SN-C03,Zone C,57.1%,36.8,41.6,42.3,89103.0,79.2,-999,0
1270,2026-05-18 12:00,sn_d01,Zone D,93.8,100.8,107.9,110,91831.0,81.8,6.3,Off
1271,05-18-2026 12:00 PM,SN-D02,ZoneD,97.8,102.2,107.9,32.7,91831.0,76.3,6.3,FALSE
1272,18/05/2026 12:00,SN-D03,ZoneD,93.7,37.8,42.2,32.7,-500,75.1,6.3,FALSE
1273,2026-05-18 16:00,SN-A01,Zone A,87.8,36.1,41.4,38.3,69161.0,0.0,4.6,On
1274,05-18-2026 04:00 PM,SN-A02,Zone A,87.5,38.5,41.4,38.3,69161.0,74.3,4.6,ON
1275,05-18-2026 04:00 PM,sn-a03,Zone_A,86.9%,37.2,41.4,38.3,69161.0,76.4,4.6,ON
1276,2026-05-18 16:00, SN-B01 ,Zone B,null,N/A,null,N/A,N/A,0.0,2.2,Yes
1277,2026-05-18 16:00,SN-B02,Zone B,83.3,35.2,39.9,35.1,54814.0,0.0,2.2,Yes
1278,18/05/2026 16:00, SN-B03 ,Zone_B,83.9,36.8,39.9,35.1,54814.0,89.5,2.2,Yes
1279,18-May-2026 16:00,SN-C01,Zone C,57.4,38.1,42.1,37.4,58239.0,75.1,6.0,On
1280,2026/05/18T16:00:00,SN-C02,Zone C,58.5,38.8,42.1,37.4,58239.0,82.4,6.0,On
1281,2026-05-18 16:00,SN-C03,Zone C,56.9,35.7,42.1,37.4,58239.0,78.2,6.0,ON
1282,2026-05-18 16:00, SN-D01 ,zone_d,-8,98.1,108.1,37.9,55501.0,80.8,4.8,On
1283,05-18-2026 04:00 PM, SN-D02 ,Zone D,94.5,104.5,108.1,37.9,55501.0,75.1,4.8,Yes
1284,18-May-2026 16:00,SN-D03,ZoneD,89.6,39.9,42.3,37.9,55501.0,LOW,4.8,TRUE
1285,18/05/2026 20:00,SN-A01,Zone A,,NA,-999,null,N/A,0.0,6.3,OFF
1286,18-May-2026 20:00,SN-A02,Zone A,91.4,32.5,34.9,54.8,839.0,LOW,6.3,FALSE
1287,2026-05-18 20:00,sn_a03,Zone A,89.9,28.5,34.9,54.8,839.0,75.6,6.3,OFF
1288,18-May-2026 20:00,SNB01,Zone B,87.9,29.9,34.4,48.1,114.0,100.0,5.1,No
1289,2026-05-18 20:00,SN-B02,Zone B,NA,,,-999,NA,0.0,5.1,FALSE
1290,2026-05-18 20:00,SN-B03,Zone B,89.6,30.5,34.4,48.1,114.0,88.2,5.1,Off
1291,2026/05/18T20:00:00,SN-C01,ZoneC,59.7,27.5,33.4,54.2,717.0,74.3,8.4,0
1292,2026/05/18T20:00:00, SN-C02 ,zone_c,65.0,29.2,33.4,54.2,717.0,81.6,8.4,No
1293,2026-05-18 20:00,SNC03,Zone_C,60.3,29.6,33.4,54.2,717.0,77.2,8.4,OFF
1294,05-18-2026 08:00 PM,SN-D01,Zone D,95.0,91.6,98.6,49.3,175.0,79.9,3.2,OFF
1295,2026-05-18 20:00, SN-D02 ,zone_d,97.5,90.8,98.6,49.3,175.0,73.8,3.2,OFF
1296,05-18-2026 08:00 PM,SN-D03,Zone D,95.5,33.6,37.0,49.3,175.0,73.3,3.2,No
1297,19-May-2026 00:00,SN-A01,Zone A,84.9,22.8,28.1,53.5,NA,0.0,0.0,Yes
1298,19/05/2026 00:00,SN-A02,ZoneA,85.9,22.8,28.1,53.5,448.0,72.3,0.0,Yes
1299,2026-05-19 00:00,SNA03,zone_a,83.6,23.2,N/A,53.5,448.0,74.6,0.0,1
1300,2026-05-19 00:00,sn_b01,Zone B,85.4,24.7,28.2,52.9,0.0,98.8,0.0,-999
1301,2026-05-19 00:00,sn_b02,Zone B,83.3,25.9,28.2,52.9,0.0,100.0,0.0,0
1302,05-19-2026 12:00 AM,SN-B03,Zone B,87.4,24.5,28.2,52.9,0.0,87.0,0.0,OFF
1303,19-May-2026 00:00,SN-C01,ZoneC,62.7,23.0,27.1,63.8,261.0,73.2,0.0,No
1304,2026-05-19 00:00, SN-C02 ,Zone C,62.3,23.2,27.1,63.8,261.0,80.5,0.0,OFF
1305,2026/05/19T00:00:00,SN-C03,Zone C,57.5,23.8,27.1,63.8,261.0,76.2,-999,OFF
1306,2026-05-19 00:00,sn_d01,Zone_D,92.2,76.2,82.3,53.5,403.0,79.0,0.0,FALSE
1307,19/05/2026 00:00,SN-D02,Zone D,94.4,73.7,82.3,53.5,403.0,72.8,0.0,No
1308,2026-05-19 00:00,SN-D03,Zone D,90.9,23.8,27.9,-999,403.0,72.2,0.0,FALSE
1309,05-19-2026 04:00 AM,sn-a01,Zone A,82.6,22.3,26.5,66.0,274.0,0.0,0.0,Yes
1310,2026-05-19 04:00,SN-A02,Zone A,80.8,23.4,26.5,66.0,274.0,LOW,N/A,1
1311,19-May-2026 04:00,SN-A03,Zone_A,81.7,22.0,26.5,66.0,274.0,73.4,0.0,ON
1312,2026-05-19 04:00,sn_b01,Zone B,,22.4,25.8,56.4,0.0,97.7,0.0,TRUE
1313,2026-05-19 04:00,SN-B02,Zone B,76.6,23.4,25.8,56.4,0.0,99.1,0.0,Yes
1314,19/05/2026 04:00,SN-B03,Zone B,80.6,21.3,25.8,56.4,0.0,-85.9,0.0,On
1315,2026-05-19 04:00,SN-C01,Zone_C,51.8,22.2,26.2,56.8,259.0,72.2,,Yes
1316,19/05/2026 04:00,SN-C02,Zone C,53.8,21.4,26.2,56.8,259.0,79.6,0.0,1
1317,2026-05-19 04:00,SN-C03, Zone C,50.7,21.3,26.2,56.8,259.0,74.9,0.0,Yes
1318,05-19-2026 04:00 AM,sn_d01,zone_d,88.3,-999,null,60.1,0.0,77.7,0.0,1
1319,2026-05-19 04:00,SN-D02,Zone D,87.1,72.1,80.3,60.1,0.0,71.6,0.0,1
1320,,sn-d03,zone_d,88.3,21.5,26.8,60.1,0.0,71.2,0.0,TRUE
1321,2026-05-19 08:00,SN-A01,Zone A,80.1,28.1,31.7,37.3,27439.0,0.0,0.0,1
1322,05-19-2026 08:00 AM,SN-A02, Zone A,80.3,27.5,31.7,37.3,27439.0,LOW,0.0,Yes
1323,19/05/2026 08:00,SN-A03,Zone A,78.8,29.2,31.7,-999,27439.0,72.2,0.0,1
1324,,SN-B01,Zone B,78.3,30.9,33.3,46.1,26345.0,96.4,,No
1325,2026-05-19 08:00,SN-B02,Zone B,73.5,29.0,33.3,46.1,26345.0,98.2,0.0,OFF
1326,2026-05-19 08:00,SN-B03,zone_b,76.3,29.0,33.3,46.1,26345.0,84.6,0.0,Off
1327,2026-05-19 08:00,sn_c01,Zone C,51.7,,32.9,38.7,31317.0,71.3,0.0,No
1328,2026/05/19T08:00:00,SN-C02,Zone C,53.4,28.0,32.9,38.7,31317.0,78.6,0.0,No
1329,2026-05-19 08:00,SN-C03,Zone C,47.8,27.3,32.9,38.7,31317.0,74.0,0.0,No
1330,2026-05-19 08:00,SN-D01,Zone D,83.4,76.0,84.9,45.2,28132.0,LOW,0.0,0
1331,2026-05-19 08:00,SND02,Zone D,88.6,76.0,84.9,45.2,28132.0,70.6,NA,OFF
1332,,SN-D03,Zone_D,82.0,26.0,29.4,45.2,28132.0,70.0,0.0,Off
1333,,SN-A01,Zone A,80.2,35.5,39.9,30.1,105555.0,0.0,0.0,ON
1334,2026-05-19 12:00,SN-A02,Zone A,79.4,36.9,39.9,30.1,105555.0,69.6,0.0,NA
1335,19/05/2026 12:00,sn-a03,ZoneA,80.1,36.9,39.9,30.1,105555.0,71.1,0.0,Yes
1336,19/05/2026 12:00,SN-B01,Zone B,75.8%,37.3,42.1,10.0,86017.0,95.4,0.0,No
1337,05-19-2026 12:00 PM,SN-B02,Zone B,72.4,39.4,42.1,10.0,86017.0,97.1,0.0,OFF
1338,19-May-2026 12:00,SN-B03,Zone B,74.7,40.1,42.1,10.0,86017.0,83.7,0.0,No
1339,2026-05-19 12:00, SN-C01 ,Zone C,45.6,39.6,43.9,16.8,86741.0,70.3,0.0,Off
1340,2026-05-19 12:00,SN-C02,Zone C,49.0,41.2,43.9,16.8,86741.0,77.7,0.0,OFF
1341,19/05/2026 12:00,SN-C03,Zone C,150,40.3,43.9,16.8,86741.0,73.0,,0
1342,2026-05-19 12:00,SN-D01,Zone D,80.5,97.3,103.3,16.8,100348.0,75.5,0.0,Off
1343,2026/05/19T12:00:00,sn_d02,Zone D,84.2,-999,103.3,16.8,100348.0,69.6,0.0,Off
1344,2026-05-19 12:00,SN-D03,Zone_D,82.1,N/A,39.6,16.8,100348.0,69.0,0.0,null
1345,,SN-A01,Zone A,N/A,,NA,-999,NA,NA,0.0,1
1346,19/05/2026 16:00,sn_a02,Zone A,80.9,38.0,40.5,23.8,58982.0,68.8,0.0,On
1347,2026-05-19 16:00,SN-A03,zone_a,80.6%,38.1,-999,23.8,58982.0,70.2,0.0,Yes
1348,2026-05-19 16:00,SN-B01,Zone B,75.4,-999,41.8,23.5,50923.0,94.5,0.0,On
1349,2026-05-19 16:00,sn_b02,Zone B,74.6,37.5,41.8,23.5,50923.0,96.2,0.0,On
1350,2026-05-19 16:00,SN-B03,Zone B,73.3,37.3,41.8,23.5,50923.0,82.7,0.0,N/A
1351,19/05/2026 16:00,sn_c01,Zone C,47.9,36.7,40.2,20.4,63360.0,69.3,0.0,TRUE
1352,2026-05-19 16:00,SN-C02,Zone C,49.7,36.0,40.2,20.4,63360.0,76.7,0.0,1
1353,05-19-2026 04:00 PM,SN-C03,Zone C,47.1,35.2,40.2,20.4,63360.0,72.0,0.0,Yes
1354,2026/05/19T16:00:00,SN-D01,Zone D,83.1,101.4,105.7,null,65016.0,74.2,0.0,Yes
1355,19-May-2026 16:00,SN-D02,Zone D,86.1,99.2,105.7,33.8,65016.0,68.5,0.0,TRUE
1356,19/05/2026 16:00,SN-D03,Zone D,83.4,37.5,40.9,-10,65016.0,68.1,0.0,1
1357,2026-05-19 20:00,SN-A01,Zone A,79.3,30.1,35.2,42.8,376.0,0.0,0.0,TRUE
1358,2026-05-19 20:00, SN-A02 ,Zone_A,78.8,30.7,35.2,42.8,376.0,67.5,0.0,TRUE
1359,2026/05/19T20:00:00,SN-A03,Zone A,78.7,29.4,35.2,42.8,376.0,68.9,0.0,Yes
1360,2026/05/19T20:00:00,SN-B01,Zone B,72.7%,33.5,37.3,42.4,404.0,93.4,0.0,0
1361,2026-05-19 20:00,SN-B02,Zone B,70.6,34.8,37.3,42.4,404.0,95.3,0.0,Off
1362,19/05/2026 20:00,SN-B03,Zone_B,71.7,33.5,37.3,42.4,null,81.6,0.0,0
1363,19-May-2026 20:00,sn_c01,Zone C,42.2,31.0,34.2,41.6,552.0,68.0,0.0,FALSE
1364,05-19-2026 08:00 PM,SN-C02,Zone C,45.5,150,34.2,41.6,552.0,-75.8,0.0,FALSE
1365,2026-05-19 20:00,sn_c03,Zone C,45.9,33.2,34.2,41.6,552.0,70.8,0.0,No
1366,19/05/2026 20:00,SN-D01,Zone D,82.4,88.7,97.8,36.7,695.0,73.2,0.0,FALSE
1367,2026-05-19 20:00,SN-D02,Zone D,81.8,89.6,97.8,36.7,695.0,67.6,0.0,FALSE
1368,2026-05-19 20:00,SN-D03,Zone D,81.3,33.8,36.5,36.7,695.0,67.2,0.0,FALSE
1369,20-May-2026 00:00,SNA01,zone_a,76.2,24.2,27.9,57.8,616.0,100.0,0.0,1
1370,20-May-2026 00:00,SN-A02,Zone A,77.3,25.1,27.9,57.8,616.0,66.6,0.0,TRUE
1371,2026-05-20 00:00,SN-A03,Zone_A,79.7,23.6,27.9,57.8,616.0,67.8,0.0,On
1372,2026/05/20T00:00:00,SNB01,Zone B,70.7,24.9,30.2,53.4,0.0,92.2,0.0,No
1373,2026/05/20T00:00:00, SN-B02 ,Zone B,69.9,26.4,30.2,53.4,0.0,94.4,0.0,-999
1374,2026/05/20T00:00:00,SN-B03,Zone B,null,,30.2,53.4,0.0,80.7,0.0,No
1375,2026-05-20 00:00,SN-C01,Zone C,42.9,25.9,30.7,56.9,0.0,-66.7,0.0,OFF
1376,05-20-2026 12:00 AM,SN-C02,Zone C,43.2,24.8,30.7,56.9,,74.9,0.0,FALSE
1377,05-20-2026 12:00 AM,SN-C03,Zone C,45.2,26.5,30.7,56.9,0.0,69.8,0.0,Off
1378,2026-05-20 00:00,SN-D01,Zone D,78.7%,82.1,85.6,56.7,180.0,72.2,0.0,FALSE
1379,05-20-2026 12:00 AM,SN-D02,Zone D,79.4,-999,85.6,56.7,180.0,66.7,0.0,0
1380,05-20-2026 12:00 AM,SN-D03,Zone D,78.2,26.0,29.8,56.7,180.0,66.2,0.0,FALSE
1381,2026/05/20T04:00:00,SN-A01, Zone A,77.2,23.8,28.5,68.4,125.0,99.1,0.0,ON
1382,2026-05-20 04:00,sn_a02,Zone A,78.6,-999,28.5,68.4,125.0,-65.5,0.0,On
1383,20/05/2026 04:00,SNA03,Zone A,80.3,22.8,28.5,68.4,125.0,LOW,0.0,Yes
1384,20/05/2026 04:00,SN-B01,Zone B,72.6,22.3,26.6,64.2,0.0,91.3,0.0,TRUE
1385,05-20-2026 04:00 AM,SN-B02,Zone B,70.1,22.8,26.6,64.2,0.0,93.5,0.0,ON
1386,2026/05/20T04:00:00,SN-B03,Zone B,70.7,22.1,26.6,NA,0.0,79.7,0.0,1
1387,2026/05/20T04:00:00,SN-C01,Zone C,46.4,25.1,28.6,57.2,303.0,65.9,0.0,On
1388,2026/05/20T04:00:00,SN-C02,Zone C,45.8,24.3,28.6,57.2,303.0,73.7,0.0,On
1389,2026-05-20 04:00,SN-C03,Zone C,48.3,24.3,28.6,57.2,303.0,68.5,0.0,ON
1390,2026-05-20 04:00,SN-D01,Zone D,81.2%,73.7,80.6,60.2,578.0,71.0,0.0,TRUE
1391,2026-05-20 04:00,SN-D02,Zone D,84.3,72.8,80.6,60.2,578.0,65.8,0.0,On
1392,2026/05/20T04:00:00,SN-D03, Zone D,81.1,24.7,27.0,60.2,578.0,65.1,0.0,Yes
1393,2026-05-20 08:00,SN-A01, Zone A,-8,28.6,33.3,49.3,30562.0,98.0,0.0,On
1394,20-May-2026 08:00,SN-A02,Zone A,79.4,29.8,33.3,49.3,30562.0,64.3,0.0,ON
1395,2026-05-20 08:00,SN-A03,Zone_A,77.3,26.8,33.3,49.3,30562.0,65.9,0.0,TRUE
1396,2026-05-20 08:00,sn_b01,Zone B,68.8,28.0,33.6,45.7,28530.0,90.4,0.0,Off
1397,05-20-2026 08:00 AM,SN-B02,Zone B,67.3,29.7,33.6,45.7,28530.0,92.7,0.0,Off
1398,2026-05-20 08:00,SN-B03,Zone B,68.6%,30.3,33.6,45.7,28530.0,78.6,0.0,No
1399,2026-05-20 08:00,SNC01,Zone C,44.3,28.7,32.4,49.2,28820.0,64.9,0.0,0
1400,2026-05-20 08:00,SN-C02,Zone C,46.8,29.4,32.4,49.2,N/A,72.6,0.0,OFF
1401,2026-05-20 08:00,SN-C03,ZoneC,44.6,28.2,32.4,49.2,28820.0,67.6,0.0,OFF
1402,2026-05-20 08:00,SND01,Zone D,77.1,87.7,91.0,45.0,28624.0,70.0,0.0,-999
1403,2026/05/20T08:00:00,SN-D02,Zone_D,81.2,85.1,91.0,45.0,28624.0,64.6,0.0,N/A
1404,20-May-2026 08:00,SN-D03,Zone D,NA,27.5,32.8,null,28624.0,63.9,0.0,OFF
1405,2026/05/20T12:00:00,SN-A01, Zone A,78.8,36.4,40.3,23.8,106541.0,96.9,0.0,Yes
1406,20-May-2026 12:00,SN-A02,Zone A,NA,36.7,40.3,23.8,106541.0,63.0,0.0,TRUE
1407,20/05/2026 12:00,SN-A03,Zone A,79.2,37.0,40.3,23.8,106541.0,65.1,0.0,Yes
1408,05-20-2026 12:00 PM,SN-B01, Zone B,67.7,39.0,NA,23.2,95928.0,89.4,0.0,OFF
1409,2026-05-20 12:00,SN-B02,Zone_B,67.5,41.2,44.3,23.2,95928.0,91.8,0.0,No
1410,2026-05-20 12:00,SN-B03,Zone_B,69.1,38.6,44.3,23.2,95928.0,77.3,0.0,Off
1411,20/05/2026 12:00,SN-C01,Zone_C,42.5,-999,43.3,25.9,90627.0,64.1,0.0,OFF
1412,,SN-C02,Zone C,-15,39.0,43.3,25.9,90627.0,71.5,0.0,0
1413,05-20-2026 12:00 PM,SN-C03,Zone C,43.4,41.0,43.3,25.9,90627.0,66.4,0.0,0
1414,2026-05-20 12:00,SN-D01,Zone D,77.0%,105.7,113.4,26.1,89407.0,69.2,0.0,Off
1415,2026-05-20 12:00,SN-D02,Zone D,79.5,107.6,113.4,26.1,89407.0,63.6,0.0,FALSE
1416,2026-05-20 12:00,SN-D03,Zone D,76.2,41.7,45.2,26.1,89407.0,62.7,0.0,OFF
1417,20-May-2026 16:00,SN-A01,Zone A,80.0%,38.5,41.1,28.6,51746.0,95.8,0.0,On
1418,2026-05-20 16:00,SN-A02,Zone A,77.8,39.2,41.1,28.6,NA,61.8,0.0,On
1419,20-May-2026 16:00, SN-A03 , Zone A,79.3,36.4,41.1,28.6,51746.0,63.8,0.0,1
1420,05-20-2026 04:00 PM,SN-B01,Zone_B,72.8,37.5,40.4,23.3,51317.0,88.5,N/A,1
1421,2026-05-20 16:00,SN-B02,Zone B,70.3,38.1,40.4,23.3,51317.0,90.6,0.0,1
1422,2026-05-20 16:00,SN-B03,Zone B,75.3,37.8,-999,23.3,51317.0,76.5,0.0,Yes
1423,20-May-2026 16:00,SN-C01,Zone C,44.4,36.9,40.7,30.9,51908.0,63.1,0.0,-999
1424,2026-05-20 16:00,SN-C02,Zone C,45.9,38.2,40.7,30.9,51908.0,70.3,0.0,On
1425,2026-05-20 16:00,SN-C03, Zone C,44.6,35.6,40.7,30.9,51908.0,65.1,0.0,Yes
1426,20/05/2026 16:00,sn_d01,Zone D,81.7,98.4,105.1,31.5,64326.0,67.9,0.0,Yes
1427,2026-05-20 16:00,SN-D02,Zone D,83.2,95.2,105.1,31.5,64326.0,62.8,0.0,TRUE
1428,20-May-2026 16:00,sn-d03,Zone D,82.7,35.5,40.6,null,64326.0,61.8,0.0,TRUE
1429,20/05/2026 20:00,SN-A01,Zone A,79.6%,32.2,37.1,40.7,254.0,94.8,0.0,Yes
1430,05-20-2026 08:00 PM,SN-A02,Zone A,79.7,34.7,37.1,40.7,254.0,60.8,0.0,Yes
1431,2026/05/20T20:00:00,SN-A03,Zone A,77.8,32.5,37.1,40.7,254.0,62.7,0.0,Yes
1432,20-May-2026 20:00,sn_b01,Zone B,68.8,31.4,34.1,31.5,427.0,87.3,,0
1433,20-May-2026 20:00,SN-B02,Zone B,69.6,31.8,34.1,31.5,427.0,89.4,0.0,No
1434,20-May-2026 20:00,sn_b03,Zone B,67.7,30.9,34.1,31.5,427.0,75.5,N/A,Off
1435,2026/05/20T20:00:00,SN-C01,zone_c,43.6,30.0,33.9,39.9,609.0,62.0,0.0,Off
1436,20/05/2026 20:00,SN-C02,Zone C,46.4,30.6,-999,39.9,609.0,69.2,0.0,Off
1437,05-20-2026 08:00 PM,SN-C03,Zone_C,45.0,30.1,33.9,39.9,609.0,63.8,0.0,OFF
1438,20/05/2026 20:00,SN-D01,Zone D,81.8,84.8,91.8,35.7,557.0,66.8,0.0,Off
1439,05-20-2026 08:00 PM,SN-D02,Zone D,78.2,82.1,91.8,35.7,557.0,61.7,0.0,FALSE
1440,05-20-2026 08:00 PM,SN-D03,Zone D,78.5,30.1,33.2,35.7,557.0,60.6,0.0,No
1441,21-May-2026 00:00,SN-A01,Zone A,80.1,23.5,27.9,53.9,291.0,LOW,0.0,On
1442,2026-05-21 00:00,SN-A02,Zone A,81.5,23.0,27.9,53.9,291.0,-999,0.0,1
1443,21/05/2026 00:00,SN-A03,Zone A,79.7,25.7,27.9,53.9,291.0,61.7,0.0,Yes
1444,05-21-2026 12:00 AM,SN-B01,zone_b,69.7,23.8,27.6,,75.0,-999,0.0,OFF
1445,2026-05-21 00:00,SNB02,Zone B,66.3,23.9,27.6,51.5,75.0,88.5,0.0,OFF
1446,21/05/2026 00:00,SNB03,Zone B,63.2,23.8,N/A,51.5,75.0,74.6,0.0,Off
1447,21-May-2026 00:00,SNC01,Zone_C,41.4,22.3,28.2,59.6,102.0,61.2,0.0,FALSE
1448,2026/05/21T00:00:00,SN-C02,Zone_C,42.7,24.8,28.2,59.6,102.0,68.2,0.0,Off
1449,2026-05-21 00:00,sn_c03,Zone C,42.7,22.4,28.2,NA,102.0,62.7,0.0,No
1450,2026/05/21T00:00:00,SN-D01,Zone D,79.9,70.2,81.3,55.5,0.0,65.9,0.0,0
1451,21/05/2026 00:00,SN-D02,Zone D,76.2,70.2,81.3,55.5,0.0,60.6,NA,0
1452,21-May-2026 00:00,SN-D03,Zone D,78.6,,27.4,55.5,0.0,59.5,0.0,FALSE
1453,21/05/2026 04:00,SN-A01,Zone A,80.0,23.8,27.0,58.9,0.0,93.0,0.0,ON
1454,05-21-2026 04:00 AM,SN-A02,Zone A,79.3,20.8,27.0,58.9,,58.9,0.0,ON
1455,2026-05-21 04:00,SN-A03, Zone A,N/A,22.6,27.0,58.9,0.0,60.7,0.0,Yes
1456,2026-05-21 04:00,SNB01,zone_b,71.5,24.9,27.5,56.0,0.0,85.5,0.0,ON
1457,21-May-2026 04:00,SN-B02,Zone B,70.5,24.6,27.5,56.0,0.0,87.4,0.0,ON
1458,21-May-2026 04:00,SN-B03,Zone B,72.8,22.0,-999,56.0,0.0,73.7,0.0,On
1459,21-May-2026 04:00,sn_c01,Zone C,44.0,21.8,26.6,58.8,200.0,60.0,0.0,TRUE
1460,2026-05-21 04:00,SN-C02,Zone C,49.5,N/A,26.6,NA,200.0,67.0,0.0,1
1461,2026-05-21 04:00,SN-C03,Zone C,44.7,21.1,26.6,58.8,200.0,61.7,0.0,TRUE
1462,05-21-2026 04:00 AM,SN-D01,Zone D,83.9,75.4,83.8,59.6,248.0,64.9,0.0,Yes
1463,2026-05-21 04:00,sn_d02,Zone D,81.8,79.4,83.8,59.6,248.0,59.4,0.0,On
1464,05-21-2026 04:00 AM,sn_d03,Zone D,80.6,24.6,28.8,59.6,248.0,58.6,N/A,TRUE
1465,2026-05-21 08:00,SN-A01,Zone A,77.8,27.6,31.6,49.7,28335.0,91.8,-999,TRUE
1466,05-21-2026 08:00 AM,SN-A02,Zone A,77.6,26.4,31.6,49.7,28335.0,57.9,0.0,TRUE
1467,21/05/2026 08:00,SN-A03,Zone A,78.1,26.6,31.6,49.7,28335.0,59.5,0.0,TRUE
1468,2026/05/21T08:00:00,SN-B01,Zone B,67.9,29.7,34.1,45.2,30992.0,84.6,0.0,0
1469,21-May-2026 08:00,SNB02,Zone B,68.7,31.2,34.1,45.2,30992.0,86.1,0.0,FALSE
1470,21/05/2026 08:00,SN-B03, Zone B,68.4,30.8,150,45.2,30992.0,72.5,0.0,FALSE
1471,05-21-2026 08:00 AM,SN-C01,Zone C,44.2,28.2,32.6,39.1,27783.0,58.7,0.0,OFF
1472,2026/05/21T08:00:00,SN-C02,Zone C,45.8%,29.3,32.6,39.1,27783.0,65.7,0.0,OFF
1473,2026-05-21 08:00,SN-C03,Zone C,43.7,28.7,32.6,39.1,27783.0,60.4,0.0,0
1474,05-21-2026 08:00 AM,SN-D01,Zone_D,82.5,87.8,94.1,44.6,24932.0,63.8,0.0,No
1475,05-21-2026 08:00 AM,SN-D02,zone_d,80.3,85.6,94.1,44.6,24932.0,58.3,0.0,No
1476,2026-05-21 08:00,SN-D03,ZoneD,77.6,31.0,34.5,null,24932.0,57.6,0.0,FALSE
1477,05-21-2026 12:00 PM, SN-A01 ,ZoneA,79.1,36.0,40.6,18.3,102655.0,N/A,0.0,TRUE
1478,21/05/2026 12:00,SN-A02,Zone_A,79.5,37.5,40.6,18.3,102655.0,56.9,0.0,ON
1479,05-21-2026 12:00 PM,sn-a03,Zone_A,79.8,35.1,40.6,18.3,102655.0,58.5,0.0,ON
1480,21/05/2026 12:00,SN-B01,Zone B,68.5,38.2,40.7,23.8,97766.0,83.3,0.0,No
1481,2026-05-21 12:00,SN-B02,Zone B,66.5,38.9,40.7,23.8,97766.0,85.2,0.0,0
1482,21-May-2026 12:00,SNB03,Zone B,120,38.2,40.7,23.8,97766.0,71.6,0.0,No
1483,21-May-2026 12:00,SN-C01,Zone C,,38.6,42.3,29.8,100733.0,LOW,0.0,FALSE
1484,2026-05-21 12:00,sn-c02,Zone C,44.0,36.6,42.3,29.8,100733.0,64.9,0.0,Off
1485,21/05/2026 12:00,SN-C03,Zone C,39.2,38.8,42.3,29.8,100733.0,-59.4,0.0,FALSE
1486,2026/05/21T12:00:00,SN-D01,Zone D,75.7,-999,109.0,28.8,97329.0,62.5,0.0,No
1487,2026-05-21 12:00,SN-D02, Zone D,75.2,100.4,109.0,28.8,97329.0,57.3,0.0,0
1488,21-May-2026 12:00,sn_d03,Zone_D,76.6,37.5,42.8,28.8,97329.0,56.7,0.0,Off
1489,21-May-2026 16:00,SN-A01,Zone A,105,38.0,41.5,24.1,67812.0,90.0,0.0,Yes
1490,2026-05-21 16:00,SN-A02,Zone A,81.2,37.7,41.5,24.1,67812.0,55.9,0.0,1
1491,2026-05-21 16:00,SNA03,Zone A,79.2,35.8,41.5,24.1,67812.0,57.5,0.0,Yes
1492,2026/05/21T16:00:00,sn_b01,zone_b,73.2,37.1,41.1,30.5,57585.0,82.1,0.0,ON
1493,2026-05-21 16:00,SN-B02,Zone B,-999,38.2,41.1,30.5,57585.0,84.3,0.0,Yes
1494,2026-05-21 16:00,SNB03,Zone B,72.9,35.8,41.1,30.5,57585.0,70.3,0.0,Yes
1495,21-May-2026 16:00,SN-C01,Zone C,49.5,36.5,41.2,23.5,55906.0,56.5,0.0,1
1496,2026-05-21 16:00,SN-C02,Zone C,47.8,34.8,41.2,-999,55906.0,63.9,0.0,null
1497,21/05/2026 16:00, SN-C03 ,Zone C,45.1,36.1,41.2,23.5,55906.0,58.1,0.0,N/A
1498,05-21-2026 04:00 PM,SN-D01,Zone D,82.4,96.8,105.1,23.5,50786.0,61.3,0.0,1
1499,21-May-2026 16:00,SN-D02,Zone D,82.5,NA,105.1,23.5,N/A,56.0,0.0,On
1500,05-21-2026 04:00 PM,SND03,Zone D,81.0,37.1,40.6,23.5,50786.0,NA,-999,ON
1501,2026-05-21 20:00,sn_a01,Zone A,79.7,NA,34.1,35.9,69.0,89.1,0.0,ON
1502,05-21-2026 08:00 PM,SN-A02,Zone A,79.8,30.1,34.1,35.9,69.0,55.0,0.0,Yes
1503,05-21-2026 08:00 PM,SN-A03,Zone_A,76.6,31.2,34.1,35.9,69.0,56.4,0.0,ON
1504,2026-05-21 20:00,SN-B01,Zone B,70.7,29.5,34.9,39.9,109.0,81.1,0.0,No
1505,05-21-2026 08:00 PM,SN-B02,ZoneB,68.1,33.1,34.9,39.9,109.0,83.4,0.0,FALSE
1506,2026-05-21 20:00,SN-B03,Zone B,70.3,32.2,34.9,39.9,109.0,69.3,0.0,FALSE
1507,2026-05-21 20:00,SNC01,Zone C,45.6,35.0,38.6,39.0,126.0,55.3,0.0,No
1508,2026-05-21 20:00,SN-C02,ZoneC,46.0,35.4,38.6,39.0,126.0,63.0,0.0,No
1509,21-May-2026 20:00,SNC03, Zone C,44.7,34.7,38.6,39.0,126.0,56.9,0.0,FALSE
1510,2026-05-21 20:00,SN-D01, Zone D,80.4,80.0,90.6,38.3,545.0,60.5,0.0,FALSE
1511,2026-05-21 20:00,sn-d02,Zone_D,79.5,78.1,90.6,38.3,545.0,54.8,0.0,OFF
1512,05-21-2026 08:00 PM, SN-D03 ,ZoneD,81.4,29.8,32.6,38.3,545.0,54.5,0.0,Off
1513,2026-05-22 00:00,SN-A01,Zone A,79.1,22.8,26.0,56.6,0.0,88.3,0.0,OFF
1514,05-22-2026 12:00 AM,SN-A02,Zone A,76.3,24.0,26.0,56.6,-500,53.7,0.0,No
1515,2026-05-22 00:00,SN-A03,Zone A,76.9,22.6,26.0,56.6,0.0,55.2,0.0,0
1516,22/05/2026 00:00,SN-B01,Zone B,69.3,27.1,29.2,58.3,112.0,80.1,0.0,NA
1517,22-May-2026 00:00,SN-B02,Zone B,68.7,26.0,29.2,58.3,112.0,82.1,0.0,Off
1518,22/05/2026 00:00,SN-B03,zone_b,68.6,25.3,29.2,58.3,112.0,68.2,0.0,0
1519,2026-05-22 00:00,SN-C01,Zone_C,44.0,24.2,27.4,53.4,817.0,54.4,0.0,No
1520,2026-05-22 00:00,SN-C02,Zone C,43.1,21.7,27.4,53.4,817.0,62.0,0.0,No
1521,22-May-2026 00:00,SN-C03,Zone C,39.8,25.9,27.4,53.4,817.0,55.7,0.0,Off
1522,05-22-2026 12:00 AM,SN-D01,zone_d,77.7,76.7,81.9,55.1,6.0,59.7,0.0,No
1523,2026-05-22 00:00,SN-D02,Zone D,77.3,73.2,81.9,55.1,6.0,54.0,0.0,0
1524,2026/05/22T00:00:00,SN-D03,Zone D,75.4,23.1,27.7,55.1,6.0,53.7,0.0,Off
1525,2026-05-22 04:00,sn-a01,Zone A,80.5,23.2,27.8,58.7,114.0,87.4,0.0,ON
1526,2026-05-22 04:00,SN-A02,Zone A,78.3,23.0,27.8,58.7,-1,52.9,0.0,ON
1527,2026-05-22 04:00,SN-A03,Zone A,77.3,25.2,27.8,58.7,114.0,54.1,0.0,1
1528,2026-05-22 04:00,SN-B01,Zone B,71.3,23.8,27.6,67.6,0.0,79.0,0.0,1
1529,22/05/2026 04:00,SN-B02,Zone B,69.6,24.2,27.6,67.6,0.0,81.0,0.0,1
1530,22-May-2026 04:00,SN-B03,Zone B,74.3,22.2,27.6,67.6,NA,67.4,0.0,ON
1531,2026-05-22 04:00,SN-C01,Zone C,47.7,22.0,26.8,66.1,0.0,53.2,0.0,TRUE
1532,2026/05/22T04:00:00,SN-C02,Zone C,48.7,23.4,26.8,66.1,0.0,61.0,0.0,1
1533,2026-05-22 04:00,SN-C03,Zone_C,45.7,23.8,26.8,66.1,0.0,54.8,0.0,1
1534,,SN-D01,Zone D,-999,68.1,78.0,62.1,0.0,58.8,0.0,ON
1535,22/05/2026 04:00,SND02,Zone D,81.2,67.1,,62.1,-999,52.8,0.0,Yes
1536,22/05/2026 04:00,SN-D03,ZoneD,81.6,20.9,25.6,62.1,0.0,52.4,0.0,TRUE
1537,2026-05-22 08:00,SN-A01,Zone A,77.3,30.2,33.4,45.5,27953.0,86.5,0.0,FALSE
1538,05-22-2026 08:00 AM,sn_a02,Zone_A,75.2,28.9,33.4,45.5,27953.0,52.1,0.0,0
1539,2026/05/22T08:00:00,SN-A03,Zone A,75.9,26.7,33.4,45.5,27953.0,52.9,0.0,FALSE
1540,05-22-2026 08:00 AM,SNB01,Zone B,70.4,26.8,32.7,41.1,27114.0,77.9,0.0,No
1541,22/05/2026 08:00,SN-B02,Zone_B,70.1,27.9,32.7,41.1,27114.0,80.1,0.0,Off
1542,2026-05-22 08:00,SN-B03,Zone B,69.6,27.7,32.7,41.1,27114.0,66.4,0.0,0
1543,22/05/2026 08:00,SN-C01,Zone_C,45.3,31.0,34.0,45.2,27357.0,51.9,-999,No
1544,05-22-2026 08:00 AM,SN-C02,Zone_C,43.9,30.9,34.0,45.2,27357.0,60.2,0.0,0
1545,,SN-C03,Zone C,42.5,28.0,34.0,45.2,27357.0,53.7,0.0,OFF
1546,22/05/2026 08:00,SN-D01,Zone D,80.3,82.7,91.2,46.6,28035.0,57.9,0.0,OFF
1547,22/05/2026 08:00,SND02,Zone D,79.1%,83.0,91.2,46.6,28035.0,51.5,0.0,Off
1548,2026-05-22 08:00,SN-D03,Zone_D,79.3,,32.9,46.6,28035.0,51.5,0.0,OFF
1549,2026-05-22 12:00,SN-A01,Zone_A,72.8,36.7,41.4,26.1,91887.0,85.5,0.0,No
1550,2026-05-22 12:00,SN-A02,zone_a,76.1,39.0,41.4,26.1,91887.0,-999,0.0,OFF
1551,22/05/2026 12:00,sn_a03,Zone A,73.1%,36.8,41.4,26.1,91887.0,51.7,0.0,Off
1552,2026/05/22T12:00:00,SN-B01,Zone B,-15,38.2,42.9,23.4,94216.0,-76.9,0.0,OFF
1553,2026-05-22 12:00,SN-B02,Zone B,70.5,41.2,42.9,23.4,94216.0,79.2,0.0,No
1554,2026-05-22 12:00,SN-B03,Zone B,69.3,37.6,42.9,23.4,94216.0,65.5,0.0,No
1555,22/05/2026 12:00,SN-C01, Zone C,41.1,40.3,43.2,33.7,88362.0,50.7,0.0,0
1556,22-May-2026 12:00,sn_c02,Zone C,42.6,39.0,NA,33.7,88362.0,59.0,0.0,No
1557,2026/05/22T12:00:00,SN-C03, Zone C,41.7,38.8,43.2,33.7,88362.0,52.4,0.0,-999
1558,22/05/2026 12:00,SND01,Zone D,75.6,96.9,106.9,26.3,88202.0,56.6,0.0,Off
1559,2026-05-22 12:00,SN-D02,Zone D,74.9,96.2,106.9,26.3,88202.0,50.3,0.0,Off
1560,2026-05-22 12:00,SND03,Zone D,75.9,36.4,41.6,26.3,88202.0,50.2,0.0,null
1561,2026/05/22T16:00:00,SN-A01,Zone A,-999,35.0,40.4,36.0,61759.0,84.7,0.0,ON
1562,2026/05/22T16:00:00,sn_a02,zone_a,78.1,35.8,40.4,36.0,61759.0,49.7,0.0,1
1563,22/05/2026 16:00,SN-A03,Zone A,74.9,null,40.4,36.0,61759.0,50.6,0.0,ON
1564,22/05/2026 16:00,SN-B01,zone_b,71.1,35.4,39.0,23.5,63109.0,75.8,0.0,TRUE
1565,2026-05-22 16:00,sn_b02,Zone B,71.1,33.7,39.0,23.5,63109.0,78.2,0.0,Yes
1566,2026-05-22 16:00,SN-B03,Zone B,70.1,32.7,39.0,23.5,63109.0,64.3,NA,TRUE
1567,22-May-2026 16:00,SN-C01,Zone C,50.6%,37.9,42.6,32.5,51577.0,49.8,0.0,TRUE
1568,22-May-2026 16:00,SN-C02,Zone_C,46.6,40.2,42.6,32.5,51577.0,57.9,N/A,ON
1569,2026-05-22 16:00,SN-C03,Zone C,44.0,40.3,42.6,32.5,51577.0,51.5,0.0,Yes
1570,2026-05-22 16:00,SN-D01,Zone_D,77.7,101.0,105.3,26.0,62985.0,55.7,0.0,ON
1571,2026-05-22 16:00,SN-D02,Zone D,81.8,92.9,105.3,26.0,62985.0,49.2,0.0,Yes
1572,2026-05-22 16:00,SN-D03,Zone D,82.2,36.7,40.7,26.0,62985.0,49.3,0.0,TRUE
1573,2026-05-22 20:00,SN-A01,Zone A,74.1,31.5,34.2,39.0,728.0,83.4,0.0,No
1574,2026-05-22 20:00,SN-A02,Zone A,74.8,30.6,34.2,39.0,728.0,48.5,0.0,No
1575,2026/05/22T20:00:00,SNA03,Zone A,73.7,29.5,34.2,39.0,NA,LOW,0.0,FALSE
1576,22-May-2026 20:00,SN-B01,Zone B,70.8,33.8,37.0,41.7,N/A,74.7,0.0,Off
1577,2026-05-22 20:00,SN-B02,ZoneB,69.8,32.3,37.0,41.7,864.0,77.1,0.0,OFF
1578,2026-05-22 20:00,sn_b03,Zone B,67.5,34.3,37.0,41.7,864.0,63.5,0.0,FALSE
1579,22/05/2026 20:00,SN-C01,ZoneC,43.0,32.8,35.8,45.9,445.0,48.5,0.0,OFF
1580,2026-05-22 20:00,SN-C02,Zone C,44.0%,33.0,35.8,45.9,445.0,56.7,0.0,No
1581,2026-05-22 20:00,SN-C03,Zone C,42.2,32.3,35.8,45.9,,50.5,0.0,Off
1582,2026/05/22T20:00:00,SN-D01,Zone D,74.7,87.9,94.3,50.1,371.0,54.7,0.0,FALSE
1583,2026-05-22 20:00,SN-D02,Zone D,81.2,88.9,94.3,50.1,371.0,48.0,0.0,0
1584,2026-05-22 20:00,SN-D03,Zone D,76.6,32.2,34.6,50.1,371.0,48.2,null,FALSE
1585,05-23-2026 12:00 AM,SNA01,ZoneA,74.9,22.9,26.6,57.7,0.0,82.1,0.0,No
1586,2026-05-23 00:00,SN-A02,Zone A,72.5,21.8,26.6,57.7,0.0,47.3,0.0,0
1587,2026-05-23 00:00,SN-A03,Zone A,N/A,NA,26.6,57.7,0.0,48.0,0.0,Off
1588,05-23-2026 12:00 AM,SN-B01,Zone B,65.1,22.1,27.6,55.0,0.0,73.9,0.0,FALSE
1589,05-23-2026 12:00 AM,SN-B02,zone_b,67.6,24.5,27.6,55.0,0.0,76.0,0.0,0
1590,2026-05-23 00:00,SN-B03,Zone B,65.6,24.6,27.6,55.0,0.0,62.6,0.0,FALSE
1591,2026-05-23 00:00,SN-C01,Zone C,43.6,22.2,26.1,55.8,0.0,47.5,0.0,OFF
1592,2026/05/23T00:00:00,SN-C02,Zone_C,43.5%,20.0,26.1,55.8,0.0,55.6,0.0,Off
1593,2026-05-23 00:00,SN-C03,Zone C,40.0,21.3,26.1,55.8,0.0,49.3,null,null
1594,2026-05-23 00:00,SN-D01,Zone D,74.1,73.7,80.4,55.8,98.0,53.5,NA,-999
1595,2026-05-23 00:00,SN-D02,Zone D,76.5%,71.5,80.4,55.8,98.0,46.9,0.0,OFF
1596,23-May-2026 00:00,SN-D03,Zone D,75.9,20.7,26.9,-999,98.0,47.1,0.0,OFF
1597,23-May-2026 04:00,sn-a01,Zone A,74.9,21.4,28.1,61.5,361.0,81.2,0.0,TRUE
1598,,SN-A02,Zone A,76.7%,150,28.1,N/A,361.0,46.3,0.0,TRUE
1599,23/05/2026 04:00,SN-A03,Zone A,105,26.4,28.1,61.5,361.0,46.7,0.0,1
1600,2026/05/23T04:00:00,SN-B01,Zone B,NA,24.2,27.5,60.7,0.0,73.0,0.0,On
1601,2026/05/23T04:00:00,SN-B02,Zone_B,70.4,22.4,27.5,60.7,0.0,75.1,0.0,Yes
1602,2026-05-23 04:00,sn_b03,Zone B,71.5,22.7,27.5,60.7,0.0,61.5,0.0,On
1603,2026-05-23 04:00,SN-C01,Zone C,46.1,21.2,26.8,null,,46.2,0.0,Yes
1604,23-May-2026 04:00,SN-C02,Zone C,48.4,22.4,26.8,60.8,1.0,54.7,0.0,On
1605,2026-05-23 04:00,SN-C03,Zone C,45.5,22.8,26.8,60.8,1.0,-999,0.0,1
1606,23-May-2026 04:00,SN-D01,Zone D,81.3%,70.9,79.0,60.6,0.0,52.4,0.0,TRUE
1607,23/05/2026 04:00,SN-D02,Zone D,81.3,74.8,79.0,60.6,0.0,46.0,0.0,Yes
1608,23-May-2026 04:00,SN-D03,Zone D,81.6,23.4,26.1,60.6,0.0,46.0,0.0,1
1609,23/05/2026 08:00,SN-A01,Zone A,74.4,29.8,31.9,43.5,24890.0,80.0,0.0,Off
1610,05-23-2026 08:00 AM,SN-A02,Zone A,71.3,27.1,31.9,43.5,24890.0,45.4,0.0,0
1611,2026/05/23T08:00:00,SN-A03,Zone A,75.0,27.6,31.9,43.5,24890.0,45.4,0.0,No
1612,23-May-2026 08:00, SN-B01 ,Zone_B,70.9,31.9,34.8,46.3,N/A,71.9,0.0,Off
1613,2026-05-23 08:00,SN-B02,Zone B,68.5,32.1,34.8,46.3,27366.0,74.3,0.0,FALSE
1614,05-23-2026 08:00 AM,SN-B03,Zone B,68.3,30.2,34.8,46.3,27366.0,60.4,0.0,Off
1615,2026-05-23 08:00,SN-C01,zone_c,44.5,33.1,34.6,48.7,26132.0,45.3,0.0,0
1616,05-23-2026 08:00 AM,SN-C02,Zone C,45.5,30.3,34.6,48.7,26132.0,53.6,0.0,FALSE
1617,23/05/2026 08:00,SN-C03,Zone_C,42.9,31.4,34.6,48.7,26132.0,47.0,0.0,FALSE
1618,23/05/2026 08:00,SN-D01,Zone D,77.0,87.2,94.7,45.9,30631.0,51.5,,No
1619,05-23-2026 08:00 AM,SN-D02,Zone_D,79.1,85.3,94.7,45.9,30631.0,44.8,0.0,No
1620,2026-05-23 08:00,sn-d03,Zone D,79.6%,30.5,34.8,45.9,NA,44.8,0.0,OFF
1621,2026-05-23 12:00,SN-A01,Zone A,72.7,39.3,42.1,22.9,91853.0,78.8,0.0,Off
1622,2026-05-23 12:00,SN-A02,Zone A,69.0,35.9,999,22.9,null,44.1,0.0,Off
1623,23/05/2026 12:00,SN-A03,Zone A,74.5,39.0,42.1,22.9,91853.0,44.4,0.0,Off
1624,23-May-2026 12:00,SN-B01,ZoneB,69.6,40.2,44.3,33.1,89205.0,70.8,0.0,FALSE
1625,2026-05-23 12:00,SN-B02,Zone B,65.9,38.3,44.3,33.1,89205.0,73.2,0.0,0
1626,05-23-2026 12:00 PM,SN-B03,Zone B,69.5%,39.9,44.3,33.1,89205.0,LOW,0.0,No
1627,2026-05-23 12:00,SN-C01,Zone C,43.3,38.1,40.6,21.9,,44.1,0.0,FALSE
1628,2026-05-23 12:00,SN-C02,ZoneC,41.8,35.7,40.6,21.9,91019.0,52.4,0.0,Off
1629,05-23-2026 12:00 PM,SN-C03,zone_c,43.2,35.3,40.6,21.9,N/A,45.8,0.0,No
1630,23-May-2026 12:00,sn_d01,Zone D,74.5,95.3,103.5,23.2,100361.0,50.2,0.0,No
1631,05-23-2026 12:00 PM,SN-D02,Zone_D,80.3,97.8,103.5,23.2,100361.0,43.9,0.0,Off
1632,23/05/2026 12:00,SN-D03,ZoneD,75.9,37.8,39.7,23.2,100361.0,43.7,0.0,FALSE
1633,2026-05-23 16:00,SN-A01,Zone_A,76.4,NA,41.6,30.6,56835.0,78.0,0.0,1
1634,23-May-2026 16:00,SN-A02,Zone A,77.2,38.0,41.6,30.6,56835.0,43.2,0.0,TRUE
1635,2026-05-23 16:00,SN-A03,Zone A,74.2,38.6,41.6,30.6,56835.0,43.1,0.0,1
1636,23/05/2026 16:00,SN-B01,Zone_B,71.2,34.9,39.0,28.4,66173.0,69.7,0.0,Yes
1637,05-23-2026 04:00 PM,SN-B02,Zone B,70.3,34.3,39.0,28.4,66173.0,72.0,0.0,On
1638,23/05/2026 16:00,sn_b03,Zone_B,72.0,34.1,39.0,28.4,66173.0,58.2,0.0,Yes
1639,2026-05-23 16:00,sn_c01,Zone C,46.1,36.8,41.2,27.1,63841.0,43.3,0.0,On
1640,23/05/2026 16:00, SN-C02 ,Zone C,48.3%,36.3,41.2,27.1,63841.0,51.5,0.0,ON
1641,2026-05-23 16:00,sn_c03,Zone C,46.1,-999,41.2,27.1,63841.0,44.8,0.0,On
1642,23-May-2026 16:00,SN-D01,Zone D,79.3%,102.9,108.6,26.5,55152.0,49.0,0.0,1
1643,2026-05-23 16:00,SN-D02,ZoneD,82.2,98.9,108.6,26.5,55152.0,43.1,0.0,ON
1644,2026-05-23 16:00,SN-D03,Zone D,79.4,37.8,42.5,26.5,55152.0,LOW,0.0,On
1645,05-23-2026 08:00 PM,SN-A01,Zone A,76.5,34.4,37.4,34.8,1185.0,76.7,0.0,No
1646,2026-05-23 20:00,SN-A02,Zone A,76.0,32.5,37.4,34.8,N/A,42.3,0.0,No
1647,2026-05-23 20:00,SN-A03,Zone A,72.8,34.0,37.4,34.8,1185.0,41.9,N/A,OFF
1648,23/05/2026 20:00,SN-B01,Zone B,69.8,32.1,35.4,38.4,331.0,68.5,0.0,FALSE
1649,2026-05-23 20:00,SNB02,Zone B,69.6,30.3,35.4,38.4,331.0,LOW,0.0,OFF
1650,2026-05-23 20:00,SN-B03,Zone B,70.9,31.2,35.4,38.4,331.0,57.2,0.0,No
1651,2026-05-23 20:00,sn_c01,Zone C,45.4,30.9,34.6,40.5,388.0,42.3,0.0,FALSE
1652,2026-05-23 20:00,SN-C02, Zone C,43.5,32.2,34.6,40.5,388.0,50.5,NA,No
1653,2026-05-23 20:00, SN-C03 ,Zone C,44.7%,30.7,34.6,40.5,388.0,43.5,0.0,OFF
1654,2026-05-23 20:00,SN-D01,Zone D,77.3,86.9,92.3,41.3,254.0,48.1,0.0,Off
1655,2026-05-23 20:00,SND02,Zone D,78.9,83.5,92.3,41.3,254.0,42.1,0.0,Off
1656,23/05/2026 20:00,SN-D03,Zone D,75.9,29.9,33.5,41.3,254.0,41.5,0.0,OFF
1657,24-May-2026 00:00,SN-A01,Zone A,71.1,23.2,28.3,59.5,0.0,75.8,0.0,OFF
1658,24-May-2026 00:00, SN-A02 ,Zone A,71.0%,21.5,28.3,59.5,0.0,41.4,0.0,0
1659,24/05/2026 00:00,SNA03,Zone A,70.8,22.7,28.3,59.5,0.0,41.0,0.0,FALSE
1660,24-May-2026 00:00,SN-B01,Zone B,66.8,25.7,27.8,56.1,0.0,67.5,0.0,No
1661,24/05/2026 00:00,SN-B02,Zone_B,67.1,24.5,27.8,56.1,0.0,70.0,0.0,0
1662,2026-05-24 00:00,SN-B03,Zone_B,68.1,22.4,27.8,56.1,0.0,56.4,0.0,No
1663,24/05/2026 00:00,sn_c01,Zone C,44.8,22.4,26.2,55.9,72.0,41.2,0.0,No
1664,2026/05/24T00:00:00,SN-C02,Zone C,41.3%,20.7,26.2,55.9,72.0,49.2,0.0,0
1665,2026/05/24T00:00:00,SN-C03,Zone C,42.9,null,26.2,55.9,72.0,42.2,0.0,FALSE
1666,05-24-2026 12:00 AM,SN-D01,Zone D,76.2,76.2,82.4,53.7,170.0,46.8,0.0,No
1667,,SN-D02,Zone D,-999,72.6,82.4,N/A,170.0,40.9,0.0,NA
1668,24-May-2026 00:00,SN-D03,Zone D,71.5%,23.6,28.0,53.7,170.0,40.7,0.0,Off
1669,24-May-2026 04:00,SN-A01,Zone A,NA,25.0,27.0,57.2,0.0,74.5,0.0,TRUE
1670,24-May-2026 04:00,SN-A02,Zone A,77.7,23.9,27.0,57.2,0.0,40.2,0.0,TRUE
1671,24/05/2026 04:00,sn_a03,ZoneA,73.3,23.2,27.0,57.2,0.0,39.8,0.0,Yes
1672,24-May-2026 04:00, SN-B01 ,Zone B,72.8,20.0,25.7,56.7,267.0,66.4,0.0,On
1673,24/05/2026 04:00,SN-B02, Zone B,71.0,20.8,25.7,56.7,267.0,68.9,0.0,Yes
1674,24/05/2026 04:00,SN-B03,Zone B,72.1,19.8,25.7,56.7,267.0,55.6,0.0,On
1675,24-May-2026 04:00,sn_c01,Zone C,48.0,21.5,25.3,62.5,0.0,40.4,0.0,On
1676,2026-05-24 04:00,SN-C02,zone_c,47.8,19.9,25.3,62.5,0.0,48.0,0.0,TRUE
1677,2026-05-24 04:00,SNC03,Zone C,46.1,22.3,25.3,62.5,0.0,41.4,0.0,On
1678,05-24-2026 04:00 AM,SN-D01, Zone D,83.1,68.8,78.6,60.6,109.0,45.9,0.0,TRUE
1679,2026-05-24 04:00, SN-D02 ,zone_d,84.3,71.7,78.6,60.6,109.0,39.7,0.0,On
1680,2026-05-24 04:00,SN-D03,Zone_D,80.9,24.9,25.9,60.6,109.0,39.7,0.0,1
1681,2026-05-24 08:00,SN-A01,Zone A,72.9,25.8,32.2,42.0,26046.0,73.6,0.0,Off
1682,24-May-2026 08:00,SN-A02,Zone A,76.3,,32.2,42.0,26046.0,39.0,0.0,Off
1683,2026-05-24 08:00,SN-A03,Zone A,NA,28.0,32.2,42.0,26046.0,38.6,0.0,OFF
1684,2026-05-24 08:00,SN-B01,Zone_B,69.1,27.2,31.3,45.1,31708.0,65.4,0.0,No
1685,24-May-2026 08:00,SN-B02,Zone B,69.3,27.1,31.3,45.1,31708.0,67.9,0.0,OFF
1686,24/05/2026 08:00,SN-B03,Zone B,150,27.2,31.3,45.1,31708.0,54.6,0.0,0
1687,24/05/2026 08:00,SN-C01,Zone C,48.2,30.5,34.5,53.2,31205.0,39.2,0.0,Off
1688,24/05/2026 08:00,SN-C02,Zone C,45.8,29.4,34.5,53.2,31205.0,46.8,0.0,OFF
1689,2026-05-24 08:00,sn-c03,Zone_C,44.2,30.0,34.5,53.2,-500,LOW,0.0,Off
1690,2026-05-24 08:00,SN-D01,Zone D,80.9,83.7,91.2,41.7,25905.0,LOW,0.0,FALSE
1691,24/05/2026 08:00,SND02, Zone D,82.0,81.9,91.2,41.7,25905.0,38.8,0.0,FALSE
1692,05-24-2026 08:00 AM,SN-D03,Zone D,77.6,28.4,32.9,41.7,25905.0,38.6,0.0,Off
1693,05-24-2026 12:00 PM,SN-A01,Zone A,72.3,38.4,41.8,21.6,96714.0,72.6,0.0,No
1694,2026-05-24 12:00,SN-A02,Zone A,72.2,40.4,41.8,21.6,96714.0,38.2,0.0,FALSE
1695,2026-05-24 12:00,sn_a03,Zone A,70.8,37.7,41.8,21.6,96714.0,37.7,,0
1696,24/05/2026 12:00,SN-B01,Zone B,68.5,40.1,44.3,21.9,83883.0,64.3,0.0,FALSE
1697,2026-05-24 12:00,SNB02,Zone B,68.4,38.9,44.3,21.9,83883.0,67.0,0.0,No
1698,2026-05-24 12:00,sn_b03,zone_b,69.9,43.3,44.3,21.9,83883.0,53.7,0.0,Off
1699,2026-05-24 12:00,SN-C01,Zone_C,42.3%,38.6,41.6,-999,92105.0,38.1,NA,Off
1700,24/05/2026 12:00, SN-C02 ,Zone C,42.1,35.4,41.6,null,92105.0,45.9,0.0,
1701,05-24-2026 12:00 PM,SN-C03,Zone C,41.8,38.9,41.6,24.5,92105.0,-39.5,0.0,0
1702,24-May-2026 12:00,SN-D01,Zone D,77.2%,99.6,107.4,29.8,87470.0,43.6,0.0,No
1703,24-May-2026 12:00,SN-D02,Zone D,78.3,101.3,107.4,29.8,87470.0,37.8,NA,0
1704,24/05/2026 12:00,sn_d03,Zone D,80.4,37.3,41.9,-999,87470.0,37.7,0.0,Off
1705,2026/05/24T16:00:00,SN-A01,Zone A,75.9,37.5,42.1,28.0,62242.0,71.3,0.0,ON
1706,2026-05-24 16:00,SN-A02,Zone A,75.4,38.2,42.1,28.0,62242.0,37.1,0.0,1
1707,24-May-2026 16:00,SNA03,Zone_A,77.7,40.3,42.1,28.0,62242.0,36.8,0.0,On
1708,24-May-2026 16:00,sn_b01,Zone_B,74.2,-999,40.7,32.2,63419.0,63.3,0.0,Yes
1709,24/05/2026 16:00,SN-B02,Zone B,71.4,36.9,40.7,32.2,63419.0,66.0,0.0,On
1710,2026-05-24 16:00,SN-B03,Zone B,74.4,35.0,40.7,32.2,63419.0,52.9,0.0,1
1711,05-24-2026 04:00 PM,SN-C01,Zone C,48.0,37.4,41.7,28.4,51333.0,37.1,,1
1712,24-May-2026 16:00,SN-C02,Zone C,45.2,37.0,41.7,28.4,51333.0,44.7,0.0,-999
1713,24/05/2026 16:00,SN-C03,Zone C,46.8,35.3,41.7,28.4,51333.0,38.6,0.0,On
1714,05-24-2026 04:00 PM,SND01,Zone D,81.1,100.9,104.1,28.8,52586.0,42.5,0.0,On
1715,2026-05-24 16:00,SN-D02,Zone_D,82.9,97.8,104.1,28.8,52586.0,36.7,0.0,1
1716,24-May-2026 16:00,sn_d03,Zone D,79.4,36.3,40.0,28.8,52586.0,36.6,0.0,Yes
1717,2026-05-24 20:00,SN-A01,ZoneA,72.6,30.5,35.6,35.5,482.0,LOW,0.0,Off
1718,,SNA02,Zone A,75.3,31.2,35.6,35.5,482.0,36.0,0.0,Off
1719,05-24-2026 08:00 PM,SN-A03,Zone A,73.9,29.8,35.6,35.5,482.0,35.8,0.0,Off
1720,24-May-2026 20:00,SN-B01,Zone B,68.0,28.9,-999,44.5,497.0,62.1,0.0,No
1721,2026-05-24 20:00,sn_b02,Zone B,71.8,28.6,33.8,44.5,497.0,64.8,0.0,No
1722,2026/05/24T20:00:00,sn-b03,Zone B,70.3%,28.7,33.8,44.5,497.0,51.9,N/A,OFF
1723,05-24-2026 08:00 PM,sn_c01,Zone_C,44.8,-40,34.7,41.8,243.0,36.1,0.0,0
1724,2026/05/24T20:00:00,SN-C02,Zone C,42.8,30.7,34.7,41.8,243.0,43.8,0.0,0
1725,2026-05-24 20:00,SN-C03,Zone C,46.1,32.1,34.7,N/A,243.0,37.6,0.0,Off
1726,24-May-2026 20:00,SN-D01,Zone D,77.5,82.5,91.6,45.2,634.0,41.7,0.0,OFF
1727,05-24-2026 08:00 PM,SN-D02,Zone D,79.5,87.4,NA,45.2,634.0,35.6,0.0,FALSE
1728,24-May-2026 20:00,SN-D03,Zone D,80.3,28.2,33.1,45.2,634.0,35.6,0.0,Off
1729,2026-05-25 00:00,SN-A01,Zone A,73.6,24.1,NA,63.0,382.0,69.1,2.9,FALSE
1730,2026-05-25 00:00,sn-a02,Zone_A,77.4,22.5,N/A,63.0,382.0,34.7,2.9,Off
1731,05-25-2026 12:00 AM,SN-A03,Zone A,78.1%,23.2,27.4,63.0,382.0,34.7,2.9,No
1732,2026-05-25 00:00,SN-B01,Zone B,71.3,25.6,29.1,63.0,0.0,61.1,5.4,FALSE
1733,2026-05-25 00:00,SN-B02,Zone B,74.4,24.5,29.1,63.0,0.0,63.8,5.4,No
1734,25/05/2026 00:00,SN-B03,ZoneB,76.1,24.3,29.1,63.0,0.0,50.9,5.4,No
1735,05-25-2026 12:00 AM,sn-c01,Zone C,49.4,25.4,29.6,69.4,0.0,35.0,6.4,No
1736,25-May-2026 00:00, SN-C02 ,Zone C,47.3%,25.1,29.6,69.4,0.0,42.7,6.4,null
1737,25-May-2026 00:00,SN-C03,ZoneC,48.8,25.3,29.6,69.4,0.0,36.4,6.4,FALSE
1738,25/05/2026 00:00,SN-D01,Zone_D,84.3,74.8,82.0,65.4,74.0,40.4,4.8,OFF
1739,2026-05-25 00:00,sn_d02,Zone D,83.0,75.0,82.0,65.4,74.0,34.3,4.8,No
1740,,SN-D03,Zone D,82.3,23.5,27.8,65.4,74.0,34.7,4.8,
1741,05-25-2026 04:00 AM,SN-A01,Zone A,84.1,,28.2,70.4,0.0,68.2,3.4,Yes
1742,05-25-2026 04:00 AM,SN-A02,Zone A,82.4,21.7,28.2,70.4,0.0,33.5,3.4,TRUE
1743,2026-05-25 04:00,SN-A03,Zone A,82.0,22.9,28.2,70.4,0.0,33.7,3.4,TRUE
1744,2026-05-25 04:00,SN-B01,Zone B,79.7,23.4,-999,81.2,0.0,60.0,3.1,ON
1745,2026-05-25 04:00,SN-B02,ZoneB,80.5,,28.1,81.2,0.0,62.6,3.1,1
1746,05-25-2026 04:00 AM,SN-B03,Zone_B,78.5,25.3,28.1,81.2,0.0,49.9,3.1,On
1747,2026-05-25 04:00,SN-C01,Zone C,54.1,22.8,26.7,62.2,0.0,33.9,8.5,ON
1748,2026-05-25 04:00,SNC02,Zone C,-999,22.7,26.7,62.2,0.0,41.9,8.5,NA
1749,2026-05-25 04:00,SN-C03, Zone C,52.2,21.7,26.7,62.2,0.0,-999,8.5,TRUE
1750,2026-05-25 04:00,SN-D01,Zone D,89.6,69.1,81.4,70.8,0.0,LOW,1.6,Yes
1751,, SN-D02 ,Zone D,91.0,75.4,81.4,70.8,0.0,33.4,1.6,TRUE
1752,2026-05-25 04:00,SN-D03,Zone D,null,25.5,27.4,70.8,0.0,33.9,1.6,1
1753,2026-05-25 08:00,sn_a01,Zone A,86.6,30.0,32.2,61.5,31676.0,67.1,7.1,0
1754,05-25-2026 08:00 AM,SNA02,Zone_A,,,,,,,,
1755,25-May-2026 08:00,SN-A03,ZoneA,88.5,31.4,32.2,61.5,31676.0,32.6,7.1,
1756,2026-05-25 08:00,SN-B01,Zone_B,150,31.2,NA,54.7,27184.0,58.8,null,Off
1757,05-25-2026 08:00 AM,SN-B02,Zone B,85.2%,32.3,34.8,54.7,27184.0,61.6,2.0,No
1758,25-May-2026 08:00,sn_b03,Zone B,84.6,30.4,34.8,54.7,27184.0,49.0,2.0,OFF
1759,2026-05-25 08:00,SNC01,Zone C,59.8,27.1,30.5,56.2,31766.0,33.1,7.4,-999
1760,25-May-2026 08:00,SN-C02,zone_c,58.4,25.4,30.5,56.2,31766.0,41.0,7.4,Off
1761,25-May-2026 08:00,sn-c03,Zone C,55.7,23.0,30.5,56.2,31766.0,34.5,7.4,Off
1762,2026-05-25 08:00, SN-D01 ,Zone D,92.9,85.2,91.2,63.4,25585.0,38.5,7.5,FALSE
1763,2026-05-25 08:00,SN-D02,Zone D,93.0,81.4,91.2,63.4,25585.0,32.3,7.5,OFF
1764,2026/05/25T08:00:00, SN-D03 ,ZoneD,95.9%,30.2,32.9,63.4,25585.0,33.0,7.5,Off
1765,2026/05/25T12:00:00,sn_a01,Zone A,91.9,37.2,40.3,30.4,108217.0,65.9,8.3,0
1766,05-25-2026 12:00 PM,SN-A02,Zone A,88.1,35.8,40.3,30.4,108217.0,31.3,8.3,Off
1767,2026/05/25T12:00:00, SN-A03 ,Zone A,89.9,36.5,40.3,30.4,108217.0,31.7,8.3,FALSE
1768,2026-05-25 12:00,SN-B01,zone_b,84.4%,36.9,41.2,27.6,104367.0,58.0,5.0,No
1769,05-25-2026 12:00 PM,SN-B02,Zone B,90.3,36.8,41.2,27.6,104367.0,60.4,5.0,0
1770,2026-05-25 12:00,SN-B03,Zone B,90.7,36.9,41.2,27.6,104367.0,47.8,5.0,0
1771,2026-05-25 12:00,SN-C01, Zone C,60.8%,36.3,40.3,30.3,88444.0,31.9,7.1,FALSE
1772,05-25-2026 12:00 PM,SNC02,Zone C,59.9,36.2,40.3,30.3,88444.0,39.8,7.1,0
1773,25-May-2026 12:00,SN-C03,Zone C,58.7,37.1,40.3,30.3,88444.0,33.7,-999,N/A
1774,2026-05-25 12:00,SN-D01,zone_d,97.3,98.8,107.0,36.9,87633.0,37.4,N/A,OFF
1775,2026-05-25 12:00,SN-D02,Zone D,91.9,100.7,107.0,36.9,87633.0,31.2,5.2,FALSE
1776,2026-05-25 12:00,SN-D03,Zone D,98.8,-40,41.7,36.9,null,31.9,N/A,No
1777,2026/05/25T16:00:00,SN-A01,Zone A,88.8,40.5,43.2,36.6,52766.0,65.0,4.7,On
1778,2026/05/25T16:00:00,SNA02,Zone A,89.6,40.5,43.2,-999,52766.0,30.0,4.7,Yes
1779,2026-05-25 16:00,SN-A03,Zone_A,89.0,38.8,43.2,36.6,52766.0,30.7,4.7,1
1780,25-May-2026 16:00,SN-B01,Zone B,81.5,38.4,null,38.0,62363.0,57.0,7.4,ON
1781,25-May-2026 16:00,SN-B02,Zone B,83.4,39.5,42.6,38.0,62363.0,59.3,7.4,1
1782,25/05/2026 16:00,SN-B03,Zone B,86.6,38.2,42.6,38.0,62363.0,46.5,7.4,Yes
1783,,SN-C01,Zone C,60.7,34.6,41.5,36.5,61194.0,31.0,8.7,On
1784,2026/05/25T16:00:00,SN-C02,Zone C,56.8,36.6,41.5,36.5,61194.0,38.6,8.7,Yes
1785,25-May-2026 16:00,SNC03,Zone C,57.5,36.7,41.5,36.5,61194.0,32.4,8.7,TRUE
1786,2026-05-25 16:00, SN-D01 ,Zone D,92.1,102.4,107.6,35.5,-500,36.6,-999,TRUE
1787,25/05/2026 16:00,SN-D02,zone_d,94.4,101.6,107.6,-999,60916.0,30.1,1.8,TRUE
1788,25/05/2026 16:00,sn_d03,Zone D,92.3,34.8,42.0,35.5,60916.0,31.0,1.8,On
1789,2026/05/25T20:00:00,SN-A01,ZoneA,91.5%,NA,34.8,50.8,130.0,64.2,,Off
1790,2026-05-25 20:00,SN-A02,zone_a,95.8%,30.2,34.8,50.8,130.0,28.9,8.5,Off
1791,2026-05-25 20:00,SN-A03,Zone A,88.9,31.5,34.8,50.8,130.0,29.7,8.5,No
1792,25/05/2026 20:00,sn_b01,Zone B,87.8,31.8,35.9,46.2,332.0,56.1,5.9,FALSE
1793,25/05/2026 20:00,SN-B02,Zone B,85.2,31.4,35.9,46.2,N/A,58.3,5.9,OFF
1794,25/05/2026 20:00,SN-B03,Zone B,87.2,32.5,35.9,46.2,332.0,45.3,5.9,0
1795,25/05/2026 20:00, SN-C01 ,ZoneC,60.7,31.5,36.1,110,557.0,30.1,4.1,No
1796,25/05/2026 20:00, SN-C02 ,Zone C,56.6,31.2,36.1,47.8,557.0,37.4,4.1,OFF
1797,2026-05-25 20:00,sn-c03,Zone C,61.3,33.8,36.1,47.8,null,31.4,4.1,No
1798,2026-05-25 20:00,SN-D01,Zone D,94.7,84.2,92.6,54.7,386.0,35.5,1.6,FALSE
1799,25-May-2026 20:00,SN-D02,Zone D,97.2%,86.3,92.6,NA,386.0,29.1,1.6,OFF
1800,05-25-2026 08:00 PM,sn-d03,Zone D,97.1,30.0,33.7,54.7,386.0,29.8,1.6,No
1801,26-May-2026 00:00,sn_a01,Zone A,92.7,22.5,-40,55.7,366.0,63.4,0.0,No
1802,26-May-2026 00:00, SN-A02 ,Zone A,93.3,24.5,26.3,55.7,366.0,27.6,0.0,null
1803,05-26-2026 12:00 AM,SN-A03,Zone A,N/A,22.1,26.3,55.7,366.0,28.8,0.0,0
1804,05-26-2026 12:00 AM,SN-B01,Zone B,84.8,24.4,28.6,56.8,0.0,55.0,0.0,0
1805,2026/05/26T00:00:00,SN-B02,Zone B,N/A,25.2,28.6,56.8,0.0,57.3,-999,OFF
1806,2026-05-26 00:00,SN-B03,Zone B,82.9,24.8,28.6,56.8,0.0,44.4,0.0,FALSE
1807,2026-05-26 00:00,SN-C01,Zone_C,58.4,24.1,26.8,50.3,18.0,29.2,0.0,0
1808,05-26-2026 12:00 AM, SN-C02 ,Zone C,57.2,21.1,26.8,50.3,18.0,36.2,0.0,No
1809,26/05/2026 00:00,SN-C03,Zone C,55.2,23.0,26.8,50.3,18.0,30.4,0.0,0
1810,2026-05-26 00:00,SN-D01,Zone D,95.4,69.6,82.0,57.6,542.0,34.3,0.0,No
1811,2026-05-26 00:00,SN-D02,Zone D,95.2,73.9,82.0,57.6,N/A,27.9,0.0,0
1812,26-May-2026 00:00,SN-D03,ZoneD,94.4,22.2,27.8,57.6,542.0,28.6,0.0,OFF
1813,2026/05/26T04:00:00,sn_a01,Zone A,82.6,23.8,27.3,63.7,81.0,62.5,0.0,Yes
1814,05-26-2026 04:00 AM,SN-A02,Zone A,86.2,22.5,27.3,63.7,81.0,26.7,0.0,ON
1815,2026-05-26 04:00,SN-A03,Zone A,84.7,25.2,27.3,null,81.0,27.7,0.0,ON
1816,26/05/2026 04:00,SN-B01,Zone B,76.3,25.3,26.5,63.2,0.0,53.9,0.0,1
1817,05-26-2026 04:00 AM,SNB02,Zone_B,78.9,23.1,26.5,63.2,0.0,56.3,0.0,Yes
1818,26-May-2026 04:00,SN-B03,ZoneB,76.8,150,26.5,63.2,0.0,43.4,0.0,ON
1819,05-26-2026 04:00 AM,SN-C01,Zone C,55.0,26.7,28.4,59.5,0.0,28.3,0.0,ON
1820,26-May-2026 04:00,SN-C02,Zone C,51.4,25.4,28.4,59.5,0.0,34.9,0.0,ON
1821,,SN-C03,Zone C,57.0,24.9,28.4,59.5,0.0,29.6,0.0,1
1822,26-May-2026 04:00,sn-d01,Zone D,87.7,76.5,82.1,60.3,0.0,33.1,0.0,Yes
1823,05-26-2026 04:00 AM,SN-D02,Zone D,87.8,74.8,82.1,60.3,0.0,27.1,0.0,Yes
1824,26/05/2026 04:00,SN-D03,Zone D,87.4,22.2,27.9,60.3,0.0,27.3,,1
1825,26/05/2026 08:00,SN-A01,Zone A,79.2,30.7,34.7,44.6,29930.0,61.5,0.0,0
1826,2026-05-26 08:00,SN-A02,ZoneA,83.1,30.5,34.7,44.6,29930.0,25.8,0.0,FALSE
1827,2026/05/26T08:00:00,sn_a03,Zone A,81.4,31.7,34.7,44.6,29930.0,26.5,0.0,OFF
1828,2026-05-26 08:00,SN-B01,Zone B,76.9%,30.3,32.4,42.1,30487.0,53.1,0.0,No
1829,26-May-2026 08:00,SN-B02, Zone B,75.8%,28.8,32.4,42.1,30487.0,55.2,0.0,No
1830,2026-05-26 08:00,SN-B03,Zone B,72.9%,29.6,32.4,42.1,30487.0,42.5,0.0,OFF
1831,,sn_c01,Zone_C,49.7,28.4,32.2,42.1,26196.0,27.3,NA,FALSE
1832,2026-05-26 08:00,sn-c02,Zone C,50.7%,27.3,32.2,42.1,26196.0,33.6,0.0,FALSE
1833,26-May-2026 08:00,SN-C03,Zone_C,50.9,29.0,32.2,42.1,26196.0,28.7,0.0,0
1834,2026-05-26 08:00,SN-D01,Zone D,83.6,80.3,90.4,45.9,26939.0,32.1,0.0,FALSE
1835,2026-05-26 08:00,SN-D02,Zone D,86.2,83.2,90.4,,26939.0,25.8,0.0,Off
1836,2026-05-26 08:00,SN-D03,Zone D,83.9%,28.6,32.4,NA,26939.0,26.4,,0
1837,2026-05-26 12:00,SN-A01,Zone A,78.0,37.7,41.8,21.5,109011.0,60.3,0.0,0
1838,05-26-2026 12:00 PM, SN-A02 ,Zone A,82.1,36.7,41.8,21.5,109011.0,24.9,0.0,0
1839,05-26-2026 12:00 PM,SN-A03,Zone A,78.8,38.1,41.8,21.5,109011.0,25.4,0.0,0
1840,05-26-2026 12:00 PM,SN-B01, Zone B,73.6,39.1,43.2,25.5,null,52.3,0.0,0
1841,2026-05-26 12:00,SN-B02,Zone_B,73.7,38.6,43.2,25.5,89450.0,54.2,0.0,Off
1842,05-26-2026 12:00 PM,SN-B03,Zone B,70.1,38.2,43.2,25.5,89450.0,41.4,0.0,0
1843,26/05/2026 12:00,SN-C01,Zone C,-999,35.4,41.4,25.1,82272.0,26.3,0.0,FALSE
1844,2026/05/26T12:00:00,SN-C02,Zone C,46.7%,36.9,41.4,25.1,82272.0,32.5,0.0,FALSE
1845,,sn-c03, Zone C,49.0,36.7,41.4,25.1,82272.0,27.8,0.0,Off
1846,26/05/2026 12:00,SN-D01,Zone D,83.2,100.1,108.3,30.3,100720.0,31.3,0.0,Off
1847,26/05/2026 12:00,SN-D02,ZoneD,83.6,100.4,108.3,30.3,100720.0,24.7,0.0,OFF
1848,05-26-2026 12:00 PM,sn-d03,Zone D,85.1,38.2,42.4,30.3,100720.0,25.1,0.0,Off
1849,26/05/2026 16:00,SN-A01,Zone A,77.4,38.9,41.8,28.2,66930.0,59.0,0.0,ON
1850,2026-05-26 16:00,sn-a02,Zone A,78.4,37.5,41.8,28.2,66930.0,23.7,0.0,Yes
1851,26-May-2026 16:00,sn_a03,Zone A,77.3,36.3,41.8,28.2,66930.0,24.1,0.0,On
1852,2026-05-26 16:00,SN-B01, Zone B,73.6,38.6,42.3,31.4,68536.0,LOW,0.0,Yes
1853,26-May-2026 16:00,SN-B02,Zone B,73.3,39.2,42.3,31.4,68536.0,53.4,0.0,TRUE
1854,2026-05-26 16:00,SN-B03,Zone_B,72.6%,38.3,42.3,31.4,68536.0,40.2,0.0,1
1855,05-26-2026 04:00 PM,SN-C01,Zone C,49.1,38.8,40.6,34.1,57714.0,25.0,0.0,On
1856,26/05/2026 16:00,sn-c02,Zone_C,47.4,35.0,40.6,34.1,57714.0,31.5,0.0,NA
1857,05-26-2026 04:00 PM,SN-C03,Zone C,49.4,37.1,40.6,34.1,57714.0,26.9,0.0,Yes
1858,2026-05-26 16:00,sn_d01,Zone D,82.2,96.8,105.7,33.7,67855.0,30.0,0.0,ON
1859,26/05/2026 16:00,sn_d02, Zone D,NA,100.3,105.7,33.7,67855.0,23.5,0.0,1
1860,2026/05/26T16:00:00,SN-D03, Zone D,83.0%,35.7,41.0,33.7,67855.0,24.0,0.0,Yes
1861,2026-05-26 20:00,SN-A01,Zone A,74.0,29.2,34.2,36.6,598.0,57.9,0.0,No
1862,,SN-A02,Zone A,75.6,-999,N/A,36.6,598.0,22.6,0.0,FALSE
1863,2026-05-26 20:00,SN-A03,Zone A,73.0,31.4,34.2,36.6,598.0,23.1,0.0,OFF
1864,2026-05-26 20:00,SN-B01,Zone B,71.0,31.7,35.2,,455.0,50.5,0.0,No
1865,26-May-2026 20:00,sn_b02,Zone B,NA,31.7,35.2,45.1,455.0,52.5,0.0,0
1866,2026/05/26T20:00:00,SN-B03,zone_b,67.9%,32.1,35.2,45.1,455.0,39.2,0.0,FALSE
1867,2026-05-26 20:00,SN-C01,Zone_C,45.8,30.5,34.2,39.9,919.0,24.0,0.0,Off
1868,26-May-2026 20:00,SN-C02,Zone_C,44.5,28.7,34.2,39.9,919.0,30.4,0.0,Off
1869,2026-05-26 20:00,SN-C03,Zone C,49.4,28.4,34.2,39.9,919.0,25.7,0.0,0
1870,26/05/2026 20:00,SN-D01,Zone D,81.1,88.4,93.4,39.0,410.0,28.8,0.0,No
1871,05-26-2026 08:00 PM,SND02,Zone_D,82.8,87.6,93.4,39.0,410.0,LOW,0.0,0
1872,2026-05-26 20:00,SN-D03,Zone_D,84.2,29.7,34.1,39.0,410.0,22.8,0.0,No
1873,27-May-2026 00:00,SN-A01, Zone A,N/A,-999,27.6,58.1,0.0,56.9,0.0,FALSE
1874,27/05/2026 00:00,SN-A02,Zone A,73.7,25.2,27.6,58.1,0.0,21.3,0.0,0
1875,2026-05-27 00:00,SNA03,Zone A,76.2,24.6,27.6,58.1,0.0,22.2,0.0,0
1876,2026-05-27 00:00,SN-B01,Zone B,68.9%,25.2,29.8,61.2,56.0,49.3,0.0,No
1877,2026-05-27 00:00,SN-B02,Zone B,68.6,NA,29.8,61.2,56.0,51.3,0.0,null
1878,05-27-2026 12:00 AM,SNB03,Zone B,67.6,26.0,29.8,61.2,56.0,38.0,0.0,Off
1879,,SN-C01,Zone C,44.9%,23.5,28.6,57.0,0.0,23.0,0.0,0
1880,27/05/2026 00:00,SN-C02,Zone C,43.3,25.3,999,57.0,0.0,29.3,0.0,0
1881,2026-05-27 00:00,SN-C03,Zone C,44.9,24.6,28.6,57.0,0.0,24.9,0.0,0
1882,2026-05-27 00:00,SN-D01,Zone D,77.4,71.7,81.8,53.3,7.0,27.9,0.0,Off
1883,2026-05-27 00:00,SN-D02,Zone D,78.8,73.6,-999,53.3,7.0,21.2,0.0,No
1884,2026-05-27 00:00,SN-D03,Zone D,80.1,23.7,27.7,53.3,7.0,21.7,0.0,OFF
1885,05-27-2026 04:00 AM,sn-a01,Zone A,76.6,22.2,null,-10,7.0,55.8,0.0,Yes
1886,05-27-2026 04:00 AM,SN-A02,ZoneA,N/A,23.8,27.7,55.4,7.0,20.5,,Yes
1887,27-May-2026 04:00,SN-A03,zone_a,75.0,25.6,27.7,55.4,7.0,21.3,N/A,ON
1888,05-27-2026 04:00 AM, SN-B01 ,Zone_B,72.5,19.7,24.9,58.9,0.0,48.1,0.0,Yes
1889,27/05/2026 04:00,sn_b02,Zone B,72.4,24.0,24.9,58.9,0.0,50.0,0.0,Yes
1890,2026-05-27 04:00,SN-B03,Zone B,72.7,20.4,24.9,58.9,0.0,37.2,0.0,Yes
1891,27/05/2026 04:00,SNC01,Zone C,46.0,23.5,26.6,65.3,0.0,LOW,0.0,ON
1892,27-May-2026 04:00,SN-C02,Zone C,45.3,23.7,26.6,65.3,0.0,28.2,0.0,null
1893,2026-05-27 04:00,SN-C03,Zone C,48.7,24.6,26.6,65.3,0.0,24.0,0.0,ON
1894,,SN-D01,Zone D,83.1,74.5,-40,57.6,0.0,27.0,0.0,Yes
1895,27/05/2026 04:00,SN-D02,Zone D,81.7,70.6,80.2,57.6,0.0,20.0,0.0,On
1896,2026/05/27T04:00:00,SN-D03, Zone D,80.8,23.7,26.8,57.6,0.0,20.4,0.0,ON
1897,05-27-2026 08:00 AM,SN-A01,Zone_A,75.4,29.2,33.3,51.7,,54.8,null,No
1898,2026/05/27T08:00:00, SN-A02 ,Zone A,74.2,28.2,33.3,51.7,24509.0,19.5,0.0,OFF
1899,2026-05-27 08:00,sn-a03,Zone A,75.2,27.9,33.3,51.7,24509.0,20.1,0.0,FALSE
1900,2026-05-27 08:00,sn_b01,zone_b,66.9,28.5,null,38.5,28759.0,47.1,0.0,OFF
1901,2026-05-27 08:00,SN-B02,Zone_B,68.9,26.6,30.8,38.5,28759.0,49.1,0.0,FALSE
1902,05-27-2026 08:00 AM, SN-B03 ,Zone_B,69.0,27.9,30.8,38.5,28759.0,36.1,0.0,OFF
1903,27/05/2026 08:00, SN-C01 ,zone_c,45.3,150,32.6,50.2,29107.0,20.7,NA,0
1904,27-May-2026 08:00,SNC02,Zone C,43.2%,27.2,32.6,50.2,29107.0,27.3,0.0,FALSE
1905,,SN-C03,ZoneC,46.8,29.3,32.6,50.2,29107.0,22.7,0.0,FALSE
1906,27-May-2026 08:00,SN-D01,ZoneD,81.9,86.6,93.2,42.0,27921.0,25.8,,OFF
1907,2026-05-27 08:00,sn_d02,Zone D,79.8,83.6,93.2,42.0,27921.0,19.0,0.0,FALSE
1908,2026-05-27 08:00, SN-D03 ,Zone D,78.8,30.0,34.0,42.0,27921.0,19.6,0.0,OFF
1909,2026-05-27 12:00,SN-A01,ZoneA,74.0,35.8,41.5,19.8,91960.0,LOW,N/A,FALSE
1910,2026/05/27T12:00:00,SN-A02,Zone A,null,37.7,41.5,19.8,91960.0,18.5,0.0,OFF
1911,27-May-2026 12:00,sn-a03,Zone A,72.7,-999,41.5,19.8,91960.0,19.3,0.0,-999
1912,27-May-2026 12:00,SN-B01,zone_b,68.6,38.9,44.5,20.1,81011.0,46.1,0.0,OFF
1913,2026-05-27 12:00,SN-B02,Zone B,68.1,38.5,44.5,20.1,81011.0,48.0,0.0,OFF
1914,2026-05-27 12:00,SN-B03,Zone B,150,40.6,44.5,20.1,81011.0,35.0,0.0,0
1915,2026/05/27T12:00:00,SN-C01,Zone_C,,,,,,,,
1916,05-27-2026 12:00 PM,SN-C02,Zone_C,41.1,37.5,42.1,31.9,102104.0,26.5,0.0,FALSE
1917,2026-05-27 12:00,SN-C03,Zone C,42.3,38.1,42.1,31.9,102104.0,21.5,0.0,Off
1918,2026-05-27 12:00,SN-D01,Zone D,77.3,96.9,106.0,19.3,,24.8,0.0,FALSE
1919,27/05/2026 12:00,SN-D02,Zone D,77.0,100.0,106.0,19.3,84275.0,18.0,0.0,OFF
1920,2026-05-27 12:00,SN-D03,Zone_D,77.4,38.4,41.1,19.3,84275.0,18.4,0.0,0
1921,27/05/2026 16:00,SN-A01,Zone A,75.7%,38.1,43.0,28.1,66722.0,52.5,0.0,1
1922,,SN-A02,Zone A,,,,,,,,
1923,05-27-2026 04:00 PM,SN-A03,Zone A,75.2%,38.6,43.0,28.1,66722.0,18.1,N/A,On
1924,05-27-2026 04:00 PM,SN-B01,zone_b,70.3,36.8,40.2,33.7,64774.0,44.9,0.0,ON
1925,27-May-2026 16:00,SN-B02,Zone B,71.2,36.7,40.2,33.7,64774.0,46.9,0.0,1
1926,2026-05-27 16:00,SN-B03,Zone B,70.6%,35.3,40.2,33.7,64774.0,33.9,0.0,Yes
1927,27/05/2026 16:00,SN-C01,Zone C,47.4,35.2,39.1,28.1,52546.0,18.5,NA,On
1928,27/05/2026 16:00,SN-C02,Zone C,48.9,36.0,39.1,28.1,52546.0,25.3,0.0,Yes
1929,05-27-2026 04:00 PM,sn_c03,Zone_C,47.4,34.8,39.1,28.1,52546.0,20.4,0.0,1
1930,2026-05-27 16:00,SN-D01,Zone D,84.2,101.2,107.5,26.2,59857.0,23.6,0.0,1
1931,27/05/2026 16:00,SN-D02,Zone_D,82.9,98.8,107.5,26.2,59857.0,17.1,0.0,ON
1932,05-27-2026 04:00 PM,SN-D03,Zone_D,80.3,37.8,42.0,26.2,null,17.6,0.0,ON
1933,2026-05-27 20:00,SN-A01,Zone A,75.1,29.9,34.5,33.9,319.0,51.4,0.0,OFF
1934,2026/05/27T20:00:00,SN-A02,Zone A,75.3,31.4,34.5,33.9,319.0,16.3,0.0,Off
1935,2026/05/27T20:00:00,SN-A03,Zone A,73.5,29.9,34.5,33.9,319.0,17.1,0.0,0
1936,05-27-2026 08:00 PM,SN-B01,Zone B,68.3,29.7,34.6,38.5,472.0,44.1,0.0,0
1937,2026-05-27 20:00,SN-B02, Zone B,68.7,33.3,34.6,38.5,472.0,45.8,0.0,OFF
1938,27-May-2026 20:00,SN-B03,Zone B,68.8,31.6,34.6,38.5,,32.8,0.0,No
1939,05-27-2026 08:00 PM,SN-C01,zone_c,42.8,31.1,35.3,34.7,1074.0,17.7,0.0,FALSE
1940,27/05/2026 20:00,SN-C02,Zone C,44.2,33.8,35.3,34.7,1074.0,24.1,0.0,OFF
1941,27/05/2026 20:00,SN-C03,Zone C,46.6,30.5,35.3,34.7,1074.0,19.5,0.0,Off
1942,27/05/2026 20:00,SN-D01,Zone D,79.6,82.8,93.1,38.0,1207.0,22.6,0.0,0
1943,2026/05/27T20:00:00,SN-D02,Zone D,77.7,,93.1,38.0,,NA,0.0,No
1944,2026-05-27 20:00,SN-D03,ZoneD,78.8,28.3,33.9,38.0,1207.0,-999,0.0,NA
1945,2026-05-28 00:00,sn_a01,ZoneA,74.0,26.2,30.6,55.2,0.0,50.4,NA,0
1946,05-28-2026 12:00 AM, SN-A02 ,Zone_A,70.0,28.3,30.6,55.2,0.0,15.4,0.0,No
1947,28/05/2026 00:00,SN-A03,Zone A,70.6,27.1,30.6,55.2,0.0,15.9,0.0,OFF
1948,2026-05-28 00:00,SNB01,Zone B,null,24.9,29.4,55.1,11.0,43.1,0.0,No
1949,28/05/2026 00:00,SN-B02,Zone B,66.9,24.1,29.4,55.1,11.0,45.0,0.0,No
1950,05-28-2026 12:00 AM,SN-B03,ZoneB,65.5,25.9,29.4,55.1,11.0,31.8,0.0,OFF
1951,2026-05-28 00:00,SN-C01,Zone C,43.5,22.0,27.1,49.5,640.0,16.6,0.0,No
1952,28-May-2026 00:00,SN-C02,zone_c,41.7,25.1,27.1,49.5,640.0,22.9,0.0,OFF
1953,05-28-2026 12:00 AM,SN-C03,ZoneC,42.1,22.6,27.1,49.5,640.0,18.7,0.0,OFF
1954,28/05/2026 00:00,SN-D01,Zone D,120,72.3,79.0,53.4,0.0,21.4,0.0,0
1955,2026-05-28 00:00,sn-d02,Zone D,77.7%,69.4,79.0,53.4,0.0,15.1,0.0,FALSE
1956,2026/05/28T00:00:00,SN-D03,Zone D,73.3%,22.8,26.1,53.4,0.0,15.5,0.0,FALSE
1957,2026-05-28 04:00,SN-A01,Zone A,76.8,24.0,26.5,58.4,-500,49.5,0.0,1
1958,2026-05-28 04:00,SN-A02,Zone_A,79.6,22.9,26.5,58.4,242.0,14.1,0.0,1
1959,05-28-2026 04:00 AM,SN-A03,Zone A,N/A,null,-999,null,N/A,-14.9,0.0,ON
1960,,SN-B01,ZoneB,70.0,22.6,26.9,53.6,380.0,42.1,0.0,On
1961,05-28-2026 04:00 AM,SN-B02,Zone B,73.8,20.3,26.9,53.6,380.0,43.8,0.0,Yes
1962,2026-05-28 04:00,SN-B03,Zone B,71.7,23.0,26.9,53.6,380.0,30.6,0.0,On
1963,2026-05-28 04:00,sn-c01, Zone C,44.6,26.5,28.4,57.4,170.0,15.6,0.0,TRUE
1964,28-May-2026 04:00,SN-C02,Zone_C,45.9,22.7,28.4,57.4,170.0,NA,0.0,1
1965,28-May-2026 04:00,SN-C03,Zone C,48.3,26.4,28.4,57.4,170.0,17.9,0.0,TRUE
1966,05-28-2026 04:00 AM,SN-D01,Zone D,83.9,74.4,78.8,65.5,127.0,20.6,0.0,Yes
1967,2026-05-28 04:00,SN-D02,Zone D,85.0,72.5,78.8,65.5,127.0,13.8,,ON
1968,2026-05-28 04:00,SN-D03,zone_d,NA,null,,NA,null,14.7,0.0,1
1969,2026-05-28 08:00,sn_a01,Zone A,76.7,30.6,34.0,47.1,26673.0,48.3,0.0,0
1970,28-May-2026 08:00,SN-A02,Zone A,75.9,27.4,34.0,47.1,26673.0,13.1,0.0,OFF
1971,05-28-2026 08:00 AM,SN-A03,Zone A,73.6,-999,34.0,47.1,26673.0,14.0,0.0,FALSE
1972,2026-05-28 08:00,SN-B01,Zone B,71.3,28.7,33.0,46.9,29156.0,N/A,0.0,OFF
1973,28-May-2026 08:00,SN-B02,Zone B,69.7,31.0,33.0,46.9,29156.0,42.5,0.0,0
1974,,SNB03,Zone_B,66.5,30.3,33.0,46.9,29156.0,29.4,NA,0
1975,2026/05/28T08:00:00,SN-C01,Zone C,45.0,30.7,34.2,44.7,24893.0,14.4,0.0,Off
1976,,SN-C02,Zone C,47.4,29.9,34.2,44.7,24893.0,21.0,null,FALSE
1977,2026-05-28 08:00,SN-C03,Zone C,44.8,31.1,34.2,44.7,24893.0,17.0,0.0,OFF
1978,2026-05-28 08:00,SN-D01, Zone D,79.3,85.1,95.2,43.6,29823.0,19.4,null,OFF
1979,28/05/2026 08:00,SN-D02,Zone D,-999,87.8,95.2,43.6,29823.0,12.8,0.0,null
1980,2026-05-28 08:00,SN-D03,Zone D,78.3,30.8,35.1,43.6,29823.0,13.8,0.0,-999
1981,2026-05-28 12:00,SN-A01,Zone A,72.7,36.0,41.1,24.7,103497.0,47.2,0.0,0
1982,2026-05-28 12:00,SN-A02,Zone A,,,NA,-999,,12.1,0.0,No
1983,2026-05-28 12:00,sn_a03,Zone A,73.7,35.6,-999,24.7,103497.0,13.0,NA,No
1984,28/05/2026 12:00,sn_b01,Zone B,68.8,37.8,42.2,19.3,104079.0,40.0,0.0,OFF
1985,2026-05-28 12:00,sn-b02,Zone B,66.5,38.4,42.2,19.3,104079.0,41.7,0.0,FALSE
1986,05-28-2026 12:00 PM,SN-B03,zone_b,66.0,39.2,42.2,19.3,104079.0,28.6,0.0,OFF
1987,2026/05/28T12:00:00, SN-C01 ,Zone C,-999,-999,-999,NA,N/A,LOW,0.0,FALSE
1988,2026-05-28 12:00,SN-C02,Zone C,46.0,36.3,40.3,26.9,98539.0,19.9,0.0,FALSE
1989,28/05/2026 12:00,sn_c03,Zone C,45.9,35.3,40.3,26.9,-999,16.1,0.0,null
1990,28/05/2026 12:00,SN-D01,Zone D,76.6,99.0,null,27.2,N/A,18.2,0.0,0
1991,,SN-D02,zone_d,,N/A,NA,-999,null,11.9,0.0,0
1992,2026-05-28 12:00,SN-D03,Zone D,-999,null,-999,NA,-999,12.9,0.0,0
1993,28/05/2026 16:00,SN-A01,Zone A,76.3,38.3,41.8,31.7,60231.0,46.1,0.0,On
1994,28-May-2026 16:00,SN-A02,Zone_A,77.4,39.1,41.8,31.7,60231.0,11.0,0.0,Yes
1995,2026-05-28 16:00,SN-A03,Zone A,78.0%,39.3,41.8,31.7,60231.0,100.0,0.0,1
1996,28/05/2026 16:00,sn_b01,Zone B,68.9,37.5,40.3,22.0,65409.0,39.1,0.0,Yes
1997,2026-05-28 16:00,SN-B02,Zone B,71.0,37.5,40.3,22.0,65409.0,-999,0.0,1
1998,28/05/2026 16:00,SN-B03,Zone_B,72.2,35.6,40.3,22.0,65409.0,27.5,0.0,ON
1999,2026-05-28 16:00,SN-C01,Zone C,45.5,36.1,39.3,NA,-999,12.3,0.0,Yes
2000,05-28-2026 04:00 PM,SN-C02,Zone C,47.7,33.7,39.3,26.2,60817.0,19.0,0.0,On
2001,28/05/2026 16:00,SN-C03,zone_c,47.7%,33.7,39.3,26.2,60817.0,15.2,0.0,1
2002,2026-05-28 16:00,SN-D01,Zone D,81.0,93.1,104.2,30.7,63570.0,17.1,0.0,On
2003,05-28-2026 04:00 PM,SN-D02,Zone D,80.2,92.7,104.2,30.7,63570.0,10.9,0.0,On
2004,2026-05-28 16:00,SN-D03,Zone D,-999,35.5,40.1,30.7,63570.0,11.7,0.0,TRUE
2005,28/05/2026 20:00,SN-A01,Zone A,73.7,30.7,33.9,46.8,164.0,44.9,0.0,0
2006,05-28-2026 08:00 PM,SN-A02,Zone A,-999,,null,N/A,null,10.0,0.0,No
2007,05-28-2026 08:00 PM,SN-A03,Zone A,75.5,29.7,33.9,46.8,164.0,99.2,0.0,FALSE
2008,2026/05/28T20:00:00,SN-B01,Zone B,68.5,29.6,33.8,37.6,-1,38.1,0.0,FALSE
2009,2026-05-28 20:00, SN-B02 ,Zone B,68.9,32.3,33.8,37.6,-999,39.7,0.0,Off
2010,28-May-2026 20:00,SN-B03,Zone B,71.9,null,33.8,37.6,138.0,26.4,0.0,Off
2011,2026-05-28 20:00,SN-C01,Zone C,45.6,30.1,34.2,43.7,437.0,100.0,0.0,OFF
2012,2026-05-28 20:00,SNC02,Zone C,46.0,31.3,34.2,,437.0,17.8,0.0,0
2013,2026-05-28 20:00,SN-C03,Zone C,47.0,29.9,34.2,43.7,437.0,14.3,0.0,0
2014,28-May-2026 20:00,SN-D01,Zone D,78.0%,91.4,98.5,37.3,378.0,16.3,0.0,OFF
2015,28-May-2026 20:00,SN-D02,Zone D,80.3,91.8,98.5,37.3,378.0,9.8,0.0,FALSE
2016,2026-05-28 20:00,SN-D03,Zone D,NA,,NA,,NA,10.9,0.0,FALSE
2017,2026-05-29 00:00,SN-A01,Zone A,68.9,23.6,29.0,57.8,36.0,43.9,0.0,OFF
2018,29/05/2026 00:00,SN-A02,Zone A,68.4,25.7,29.0,57.8,36.0,9.0,0.0,Off
2019,05-29-2026 12:00 AM,SN-A03,Zone A,73.2,27.4,29.0,57.8,36.0,98.4,0.0,FALSE
2020,29-May-2026 00:00,SN-B01,Zone B,120,25.0,27.8,51.2,0.0,36.9,0.0,0
2021,2026-05-29 00:00,SN-B02,Zone B,66.0,24.9,27.8,51.2,0.0,38.8,0.0,0
2022,2026-05-29 00:00,SN-B03,Zone B,68.6,26.2,27.8,51.2,0.0,LOW,0.0,OFF
2023,05-29-2026 12:00 AM,SN-C01,ZoneC,43.8,21.7,27.0,54.0,198.0,98.9,0.0,FALSE
2024,29/05/2026 00:00,SN-C02,Zone_C,42.4,21.3,27.0,54.0,198.0,16.8,0.0,OFF
2025,29/05/2026 00:00,SN-C03,ZoneC,41.0,21.0,27.0,54.0,198.0,13.4,-999,OFF
2026,29-May-2026 00:00,SN-D01,ZoneD,78.7%,-999,81.9,53.3,N/A,15.0,,Off
2027,29-May-2026 00:00,SN-D02,Zone_D,N/A,76.7,81.9,53.3,0.0,8.8,0.0,FALSE
2028,2026-05-29 00:00,SN-D03,Zone D,N/A,null,-999,N/A,NA,9.7,0.0,No
2029,29-May-2026 04:00,SN-A01,zone_a,74.5,22.4,27.5,65.5,0.0,42.8,0.0,On
2030,05-29-2026 04:00 AM,SN-A02,Zone_A,N/A,N/A,null,,NA,8.2,0.0,Yes
2031,2026-05-29 04:00,SN-A03,Zone A,77.9,22.4,27.5,65.5,0.0,97.4,0.0,Yes
2032,2026/05/29T04:00:00,SN-B01,Zone B,150,23.3,27.5,54.9,0.0,36.0,0.0,ON
2033,05-29-2026 04:00 AM,SN-B02,Zone B,70.6,24.5,27.5,54.9,0.0,38.0,0.0,1
2034,29/05/2026 04:00,SN-B03,Zone B,-15,24.0,27.5,54.9,0.0,24.4,-999,On
2035,2026-05-29 04:00, SN-C01 ,zone_c,46.4,23.2,,68.4,0.0,98.0,0.0,N/A
2036,29-May-2026 04:00,SN-C02,Zone C,45.0,21.3,27.6,68.4,0.0,15.6,0.0,ON
2037,,SN-C03,Zone C,-999,-999,-999,N/A,null,12.4,0.0,ON
2038,29/05/2026 04:00,SN-D01,Zone_D,81.8,70.1,78.9,57.4,0.0,13.8,0.0,Yes
2039,2026-05-29 04:00,SN-D02,Zone D,81.7,72.2,78.9,57.4,0.0,7.8,NA,1
2040,05-29-2026 04:00 AM,SN-D03,Zone D,-999,,null,N/A,NA,8.8,0.0,Yes
2041,2026-05-29 08:00,SN-A01,Zone A,72.8,28.3,32.5,44.7,-500,41.6,0.0,OFF
2042,05-29-2026 08:00 AM,SN-A02,zone_a,75.5,29.2,32.5,44.7,26755.0,7.2,0.0,NA
2043,05-29-2026 08:00 AM,SNA03,Zone_A,,29.3,32.5,44.7,26755.0,96.5,0.0,No
2044,2026-05-29 08:00, SN-B01 ,Zone B,N/A,30.3,32.5,44.6,28801.0,35.2,,OFF
2045,2026/05/29T08:00:00,SN-B02,zone_b,67.6,31.2,32.5,44.6,28801.0,36.9,0.0,No
2046,2026-05-29 08:00,SN-B03,Zone B,72.2,27.5,32.5,44.6,28801.0,23.2,0.0,No
2047,2026/05/29T08:00:00,sn_c01,Zone C,42.2,28.6,34.6,44.5,25427.0,96.8,0.0,Off
2048,,SN-C02,Zone C,null,999,34.6,44.5,25427.0,14.3,0.0,Off
2049,2026-05-29 08:00,SN-C03,ZoneC,45.5,31.2,34.6,44.5,25427.0,11.3,0.0,0
2050,2026/05/29T08:00:00,sn_d01, Zone D,,-999,-999,null,,12.9,0.0,Off
2051,2026/05/29T08:00:00,SN-D02,Zone_D,80.8%,84.7,-999,43.1,31978.0,6.8,0.0,No
2052,29-May-2026 08:00,SN-D03,Zone D,120,28.4,34.1,43.1,31978.0,7.5,0.0,No
2053,2026-05-29 12:00,SN-A01,Zone A,72.0,39.8,43.3,28.4,87940.0,40.7,0.0,No
2054,2026-05-29 12:00,SN-A02,Zone_A,74.7,40.8,43.3,28.4,87940.0,6.2,0.0,No
2055,2026-05-29 12:00,SN-A03,Zone A,71.8,38.7,43.3,28.4,87940.0,95.6,0.0,OFF
2056,29/05/2026 12:00,sn_b01,Zone B,66.0,41.1,44.1,30.4,104915.0,34.0,0.0,0
2057,2026-05-29 12:00,sn-b02,Zone B,66.9,41.1,44.1,30.4,104915.0,36.0,null,0
2058,05-29-2026 12:00 PM,SN-B03,Zone B,68.4%,39.7,44.1,30.4,104915.0,22.3,0.0,Off
2059,29-May-2026 12:00,SN-C01,Zone C,40.7,36.9,41.9,25.5,88329.0,95.8,0.0,Off
2060,29-May-2026 12:00,SN-C02,Zone_C,42.9,37.1,41.9,25.5,88329.0,13.2,0.0,0
2061,29/05/2026 12:00,SN-C03,Zone_C,38.6,37.4,41.9,25.5,88329.0,10.3,0.0,Off
2062,2026-05-29 12:00,SN-D01,zone_d,-999,-999,,null,,12.1,0.0,0
2063,2026-05-29 12:00,SN-D02,Zone D,77.0%,94.9,102.1,23.4,96241.0,5.8,0.0,0
2064,29-May-2026 12:00,SN-D03,Zone D,null,null,,NA,null,6.4,0.0,0
2065,29-May-2026 16:00,SN-A01,Zone A,73.6,37.0,999,-999,63644.0,39.6,0.0,Yes
2066,05-29-2026 04:00 PM,SN-A02,Zone A,77.9,36.9,40.8,31.5,63644.0,5.0,0.0,1
2067,2026-05-29 16:00,SNA03,ZoneA,76.3%,999,40.8,31.5,63644.0,94.6,0.0,On
2068,,SN-B01, Zone B,69.8,33.8,40.3,27.8,54533.0,33.0,0.0,TRUE
2069,2026-05-29 16:00,sn_b02,ZoneB,70.2,35.9,40.3,27.8,54533.0,35.0,0.0,TRUE
2070,05-29-2026 04:00 PM,SN-B03,Zone B,72.9,35.1,40.3,27.8,54533.0,21.1,0.0,On
2071,29-May-2026 16:00,SN-C01,Zone C,48.4,36.2,39.5,28.9,66379.0,94.9,0.0,TRUE
2072,29/05/2026 16:00,SN-C02,Zone C,49.0,35.1,39.5,28.9,66379.0,12.1,0.0,1
2073,29/05/2026 16:00,SN-C03,Zone C,46.6%,34.5,39.5,28.9,66379.0,9.5,0.0,ON
2074,29-May-2026 16:00,SN-D01,zone_d,83.1,95.8,106.5,28.8,52807.0,11.0,0.0,TRUE
2075,29-May-2026 16:00,SN-D02,Zone D,81.2,99.6,106.5,28.8,52807.0,LOW,0.0,TRUE
2076,2026-05-29 16:00,SN-D03,zone_d,N/A,N/A,null,,-999,5.5,0.0,1
2077,29/05/2026 20:00,SN-A01,Zone A,74.0,28.2,32.1,46.4,846.0,38.7,0.0,OFF
2078,29-May-2026 20:00,SNA02,Zone A,74.9%,30.4,32.1,46.4,846.0,4.1,0.0,No
2079,2026-05-29 20:00,SN-A03,Zone A,74.6,27.3,32.1,46.4,846.0,93.5,0.0,Off
2080,2026-05-29 20:00,SN-B01,Zone B,69.8,33.1,35.7,35.5,861.0,31.8,0.0,Off
2081,29/05/2026 20:00,SNB02,Zone B,69.0,31.5,35.7,35.5,861.0,34.1,0.0,Off
2082,05-29-2026 08:00 PM,SN-B03,ZoneB,67.8%,,35.7,35.5,861.0,19.9,-999,FALSE
2083,2026-05-29 20:00,SN-C01,Zone C,46.4,30.2,33.7,37.6,404.0,93.9,0.0,No
2084,2026-05-29 20:00, SN-C02 ,Zone C,,-999,N/A,NA,,11.1,0.0,No
2085,05-29-2026 08:00 PM,SN-C03,Zone C,46.4,28.7,33.7,37.6,404.0,8.6,0.0,No
2086,2026-05-29 20:00,SN-D01,ZoneD,NA,null,-999,,NA,9.9,0.0,Off
2087,2026/05/29T20:00:00,SN-D02,Zone_D,82.3,85.1,93.6,46.6,310.0,3.4,0.0,No
2088,2026-05-29 20:00,SN-D03,Zone_D,77.5,32.4,34.2,46.6,-999,4.3,0.0,No
2089,2026-05-30 00:00,SN-A01,Zone A,70.8,26.3,29.1,58.4,0.0,37.9,NA,OFF
2090,05-30-2026 12:00 AM,SN-A02,Zone A,NA,N/A,,null,NA,3.3,0.0,0
2091,2026-05-30 00:00,SN-A03,ZoneA,72.2,25.5,29.1,58.4,0.0,92.2,0.0,Off
2092,2026-05-30 00:00,SN-B01,Zone B,66.3,24.0,29.3,54.8,0.0,30.9,0.0,FALSE
2093,30/05/2026 00:00,SN-B02,Zone B,66.2,24.2,29.3,54.8,0.0,33.1,0.0,Off
2094,2026-05-30 00:00,SN-B03,Zone B,68.7,null,29.3,54.8,0.0,18.6,null,No
2095,30/05/2026 00:00,sn_c01,Zone_C,45.4,23.3,27.6,56.4,null,93.1,0.0,Off
2096,2026-05-30 00:00,SN-C02,Zone_C,44.5,23.3,27.6,56.4,0.0,10.1,0.0,0
2097,2026-05-30 00:00,SN-C03,Zone_C,41.7%,24.4,27.6,56.4,0.0,7.6,0.0,FALSE
2098,30/05/2026 00:00,SN-D01,Zone D,NA,NA,-999,N/A,null,8.7,0.0,FALSE
2099,05-30-2026 12:00 AM,sn_d02,Zone D,-999,-999,null,null,-999,2.3,0.0,OFF
2100,2026-05-30 00:00,SN-D03,Zone D,NA,null,,NA,null,3.2,0.0,Off
2101,30/05/2026 04:00, SN-A01 ,Zone_A,76.8,24.9,28.3,54.9,310.0,36.9,0.0,On
2102,2026/05/30T04:00:00, SN-A02 ,ZoneA,NA,-999,,NA,-999,2.1,0.0,ON
2103,30/05/2026 04:00,SN-A03,Zone A,78.7,23.2,28.3,54.9,310.0,91.0,0.0,-999
2104,05-30-2026 04:00 AM,SNB01,Zone B,70.3,24.4,28.1,58.9,32.0,30.0,0.0,TRUE
2105,05-30-2026 04:00 AM,SN-B02,Zone_B,69.2,NA,28.1,58.9,32.0,31.9,0.0,On
2106,05-30-2026 04:00 AM,SN-B03,Zone B,null,22.5,28.1,58.9,32.0,17.4,0.0,On
2107,2026/05/30T04:00:00,SN-C01,Zone C,45.2,22.9,28.6,57.8,0.0,92.0,0.0,ON
2108,05-30-2026 04:00 AM,SN-C02,Zone_C,N/A,N/A,null,NA,N/A,9.1,0.0,TRUE
2109,,SN-C03,Zone C,N/A,,N/A,-999,null,6.4,0.0,1
2110,2026-05-30 04:00,SN-D01,Zone_D,N/A,78.1,83.1,68.2,0.0,7.5,0.0,ON
2111,30-May-2026 04:00,SN-D02,Zone D,84.6,77.1,83.1,68.2,0.0,1.1,0.0,Yes
2112,30/05/2026 04:00,SN-D03,Zone D,null,null,null,N/A,N/A,2.0,0.0,ON
2113,2026-05-30 08:00,SN-A01,Zone A,NA,29.8,34.6,46.7,24493.0,35.9,0.0,N/A
2114,2026-05-30 08:00,SN-A02, Zone A,75.5,29.0,34.6,46.7,24493.0,1.2,0.0,OFF
2115,05-30-2026 08:00 AM,SN-A03, Zone A,76.1,,34.6,46.7,24493.0,90.0,0.0,FALSE
2116,2026/05/30T08:00:00,SN-B01,Zone B,67.9,30.0,35.2,54.6,32330.0,29.0,0.0,OFF
2117,30-May-2026 08:00,SN-B02,Zone B,,30.1,35.2,54.6,32330.0,30.8,0.0,Off
2118,30/05/2026 08:00,SN-B03,Zone B,68.3,31.1,-999,54.6,32330.0,16.3,0.0,OFF
2119,2026/05/30T08:00:00,SN-C01,Zone C,42.2,28.2,32.3,42.0,23763.0,90.8,0.0,FALSE
2120,05-30-2026 08:00 AM,sn_c02,Zone C,44.8,28.8,32.3,42.0,23763.0,8.2,0.0,Off
2121,05-30-2026 08:00 AM,SN-C03,ZoneC,42.6,26.3,32.3,42.0,23763.0,5.1,0.0,FALSE
2122,2026-05-30 08:00,SN-D01,Zone D,81.0,85.8,92.2,37.6,25574.0,100.0,0.0,Off
2123,30-May-2026 08:00,SN-D02,ZoneD,null,NA,,,null,0.0,0.0,Off
2124,30-May-2026 08:00,SN-D03,ZoneD,78.9,28.7,33.4,-10,25574.0,1.1,0.0,Off
2125,2026-05-30 12:00,SN-A01,Zone A,71.8,37.0,41.7,22.6,N/A,34.6,,OFF
2126,2026-05-30 12:00,SN-A02,Zone A,73.7,40.3,41.7,22.6,103796.0,100.0,0.0,No
2127,2026-05-30 12:00,SN-A03,Zone A,74.5%,38.7,41.7,22.6,103796.0,89.2,0.0,OFF
2128,2026-05-30 12:00,sn_b01,Zone B,66.3,39.4,42.6,26.4,87559.0,28.1,0.0,Off
2129,05-30-2026 12:00 PM,SN-B02,Zone B,64.9,39.7,42.6,26.4,87559.0,29.7,0.0,Off
2130,05-30-2026 12:00 PM,sn-b03,Zone B,68.3%,38.0,42.6,26.4,87559.0,15.4,0.0,Off
2131,2026-05-30 12:00,sn_c01,Zone C,44.1,36.9,40.8,21.7,89612.0,89.7,NA,0
2132,05-30-2026 12:00 PM,SNC02,Zone_C,42.6,36.4,40.8,21.7,89612.0,7.0,NA,0
2133,30/05/2026 12:00,SN-C03,Zone C,41.3,36.2,40.8,21.7,89612.0,4.3,0.0,FALSE
2134,2026-05-30 12:00,SN-D01,Zone D,76.2,103.0,108.4,21.6,95162.0,98.7,0.0,No
2135,30/05/2026 12:00,sn_d02,Zone D,79.8,97.6,108.4,21.6,95162.0,0.0,0.0,Off
2136,30-May-2026 12:00,SN-D03,Zone_D,77.9,39.4,42.4,21.6,95162.0,100.0,0.0,FALSE
2137,30-May-2026 16:00,SN-A01,Zone A,N/A,37.1,NA,29.5,68435.0,33.4,0.0,ON
2138,2026/05/30T16:00:00,SN-A02,Zone A,76.5,39.5,42.2,29.5,68435.0,LOW,0.0,ON
2139,30-May-2026 16:00,SN-A03,Zone A,79.0%,38.6,42.2,29.5,68435.0,88.3,0.0,1
2140,30/05/2026 16:00,SN-B01,Zone B,71.0,37.2,40.8,32.2,53149.0,26.9,0.0,ON
2141,30/05/2026 16:00,SN-B02,Zone B,N/A,37.3,40.8,32.2,53149.0,28.7,0.0,On
2142,30/05/2026 16:00,SN-B03,Zone B,,null,NA,NA,-999,14.4,0.0,On
2143,2026-05-30 16:00,SN-C01,Zone C,44.0,32.4,35.7,23.5,61980.0,88.5,0.0,ON
2144,05-30-2026 04:00 PM,SN-C02,Zone C,47.6,32.3,35.7,23.5,61980.0,6.2,0.0,Yes
2145,2026-05-30 16:00,SN-C03,Zone C,48.0,31.2,35.7,23.5,61980.0,3.0,0.0,1
2146,30-May-2026 16:00,SN-D01,Zone_D,82.1,99.2,104.7,27.0,61759.0,97.9,0.0,1
2147,2026-05-30 16:00,SN-D02,Zone_D,NA,-999,,,-999,0.0,0.0,Yes
2148,30-May-2026 16:00,SN-D03,Zone D,82.3,35.9,40.4,27.0,61759.0,98.9,0.0,TRUE
2149,2026-05-30 20:00,sn_a01,Zone_A,74.4,29.4,35.3,35.9,690.0,32.3,null,0
2150,2026-05-30 20:00,SN-A02,Zone A,76.7,32.9,35.3,35.9,690.0,97.8,0.0,FALSE
2151,2026-05-30 20:00,SN-A03,Zone A,74.4,30.4,35.3,35.9,690.0,87.1,0.0,No
2152,05-30-2026 08:00 PM,SN-B01,Zone B,68.5,30.3,32.7,35.5,218.0,25.9,0.0,No
2153,2026-05-30 20:00,SN-B02,Zone B,68.7,29.3,-999,35.5,218.0,27.6,0.0,OFF
2154,2026-05-30 20:00,SN-B03, Zone B,69.4,26.4,32.7,35.5,null,13.5,0.0,Off
2155,30-May-2026 20:00,SNC01,Zone C,44.7,31.8,36.3,49.3,506.0,87.6,NA,0
2156,30/05/2026 20:00,sn_c02,Zone C,45.5,34.1,36.3,49.3,506.0,4.9,0.0,0
2157,2026-05-30 20:00,SN-C03,Zone C,45.0,32.3,36.3,49.3,506.0,2.1,0.0,OFF
2158,30/05/2026 20:00, SN-D01 ,Zone_D,75.9,84.1,94.6,NA,506.0,97.1,0.0,Off
2159,2026-05-30 20:00,SN-D02,Zone_D,81.9,89.1,94.6,41.8,506.0,0.0,0.0,FALSE
2160,2026/05/30T20:00:00,SND03,zone_d,77.2,32.6,34.8,41.8,506.0,98.0,0.0,OFF
2161,2026/05/31T00:00:00,SN-A01,ZoneA,73.4,21.2,25.9,53.8,13.0,31.1,0.0,OFF
2162,2026/05/31T00:00:00,SN-A02,Zone A,72.2,20.4,25.9,53.8,13.0,96.9,0.0,No
2163,2026-05-31 00:00,SN-A03,Zone A,72.1,20.5,25.9,53.8,13.0,LOW,0.0,Off
2164,31/05/2026 00:00,SN-B01,Zone B,67.4,23.9,27.9,55.9,0.0,24.8,0.0,0
2165,31-May-2026 00:00,SN-B02,Zone B,67.2,23.3,27.9,55.9,0.0,26.5,0.0,0
2166,2026/05/31T00:00:00,SN-B03,Zone B,NA,NA,N/A,,N/A,12.6,0.0,0
2167,2026/05/31T00:00:00,SN-C01,Zone C,39.9,28.8,29.5,57.4,N/A,86.3,0.0,No
2168,05-31-2026 12:00 AM,SN-C02, Zone C,-999,N/A,NA,-999,,4.1,0.0,0
2169,31-May-2026 00:00,sn_c03,Zone C,43.4,24.0,29.5,57.4,0.0,0.9,0.0,Off
2170,31/05/2026 00:00,SN-D01,zone_d,76.0,71.2,79.9,,55.0,96.0,0.0,OFF
2171,31/05/2026 00:00,SN-D02,Zone_D,,NA,NA,N/A,-999,LOW,0.0,0
2172,2026-05-31 00:00,SN-D03,Zone D,74.7,23.5,26.6,56.5,55.0,96.8,0.0,0
2173,2026-05-31 04:00,SN-A01,Zone A,78.1,22.7,24.4,57.3,382.0,30.3,0.0,TRUE
2174,2026-05-31 04:00,SN-A02,Zone A,,20.9,24.4,57.3,382.0,96.0,0.0,On
2175,2026-05-31 04:00,SN-A03,Zone A,77.6,null,24.4,57.3,382.0,84.8,0.0,TRUE
2176,2026/05/31T04:00:00,sn-b01,Zone B,72.4,24.0,27.0,63.0,0.0,24.0,0.0,1
2177,2026/05/31T04:00:00,SN-B02,Zone_B,72.6,21.1,27.0,63.0,0.0,25.2,0.0,TRUE
2178,05-31-2026 04:00 AM,SN-B03,Zone B,72.6,21.2,27.0,63.0,0.0,11.6,0.0,On
2179,2026-05-31 04:00,sn_c01,Zone C,47.0,20.8,26.0,61.1,432.0,85.1,0.0,ON
2180,2026-05-31 04:00,SN-C02,Zone C,NA,null,null,,NA,2.8,0.0,Yes
2181,05-31-2026 04:00 AM,SN-C03,Zone C,44.8,23.9,26.0,61.1,432.0,0.0,0.0,Yes
2182,2026/05/31T04:00:00,SN-D01,zone_d,81.1,80.2,82.8,63.1,161.0,94.9,0.0,1
2183,05-31-2026 04:00 AM,SN-D02,Zone_D,80.5%,74.1,82.8,63.1,161.0,0.0,0.0,ON
2184,2026-05-31 04:00,sn-d03,Zone_D,82.8,23.1,28.2,63.1,161.0,95.7,0.0,On
2185,2026-05-31 08:00,sn_a01,Zone A,76.2,29.2,33.7,39.7,26379.0,29.1,0.0,No
2186,05-31-2026 08:00 AM,SN-A02,Zone A,73.3,28.5,33.7,39.7,26379.0,94.9,0.0,OFF
2187,2026-05-31 08:00,SN-A03,Zone A,76.8,29.8,33.7,39.7,26379.0,83.8,0.0,FALSE
2188,31/05/2026 08:00,SN-B01,Zone B,68.4,29.7,33.0,50.2,26757.0,22.7,0.0,0
2189,2026-05-31 08:00,sn-b02,Zone B,69.3,27.6,33.0,50.2,26757.0,24.1,0.0,Off
2190,31-May-2026 08:00,SN-B03,Zone B,68.2,30.9,33.0,50.2,26757.0,10.4,0.0,N/A
2191,31/05/2026 08:00,SN-C01,Zone C,42.6,29.3,32.2,53.5,26160.0,84.1,0.0,0
2192,31-May-2026 08:00,SN-C02,Zone_C,44.5,28.6,32.2,53.5,26160.0,1.7,0.0,0
2193,2026/05/31T08:00:00,SN-C03,Zone C,NA,,-999,-999,null,0.0,0.0,Off
2194,2026-05-31 08:00,SN-D01,Zone D,78.8,81.2,88.4,52.1,28603.0,93.7,0.0,OFF
2195,2026-05-31 08:00,sn_d02,Zone D,78.2,85.5,88.4,52.1,28603.0,0.0,0.0,No
2196,31/05/2026 08:00, SN-D03 ,zone_d,,,,,,,,
2197,31-May-2026 12:00,SN-A01,Zone A,73.9,40.2,42.2,21.7,98457.0,27.9,0.0,FALSE
2198,2026-05-31 12:00,SN-A02,ZoneA,70.7,37.3,42.2,21.7,98457.0,93.6,0.0,OFF
2199,2026-05-31 12:00,SN-A03,ZoneA,72.6,40.2,42.2,21.7,98457.0,82.7,0.0,No
2200,,SN-B01,ZoneB,67.6,38.5,42.7,19.1,90859.0,21.7,0.0,FALSE
2201,05-31-2026 12:00 PM,SN-B02, Zone B,67.6,39.5,42.7,19.1,90859.0,23.1,0.0,No
2202,05-31-2026 12:00 PM,SNB03,zone_b,66.6,35.4,42.7,19.1,90859.0,9.5,0.0,OFF
2203,05-31-2026 12:00 PM,SN-C01,Zone C,41.8,35.7,40.3,22.1,92901.0,LOW,0.0,OFF
2204,31-May-2026 12:00,SN-C02,Zone C,40.9,36.5,40.3,22.1,92901.0,0.5,0.0,0
2205,2026-05-31 12:00,SN-C03,ZoneC,40.9,36.8,40.3,22.1,92901.0,0.0,0.0,0
2206,2026-05-31 12:00,SND01,Zone D,77.8,105.0,110.3,26.6,102580.0,92.7,0.0,Off
2207,05-31-2026 12:00 PM,SN-D02,Zone D,77.7,105.2,110.3,26.6,102580.0,0.0,0.0,No
2208,2026-05-31 12:00,SN-D03,Zone D,76.1,40.5,43.5,26.6,102580.0,93.4,0.0,No
2209,2026-05-31 16:00,SN-A01,Zone A,78.1%,37.4,41.0,26.0,64968.0,26.7,0.0,ON
2210,2026/05/31T16:00:00,SN-A02,Zone A,77.8,38.0,41.0,26.0,64968.0,92.4,0.0,Yes
2211,05-31-2026 04:00 PM,SN-A03,Zone A,77.4,35.6,41.0,26.0,64968.0,81.6,0.0,ON
2212,31/05/2026 16:00,SN-B01,zone_b,69.6,36.6,41.6,25.3,55592.0,20.7,NA,On
2213,2026-05-31 16:00,SN-B02,Zone B,70.6,39.0,41.6,25.3,55592.0,22.2,0.0,1
2214,2026-05-31 16:00,SN-B03,Zone B,70.2%,38.5,41.6,25.3,55592.0,100.0,0.0,On
2215,2026-05-31 16:00,sn_c01,Zone C,46.3,38.0,42.2,31.3,54319.0,82.1,0.0,Yes
2216,05-31-2026 04:00 PM,SN-C02,Zone C,-999,,null,NA,N/A,0.0,0.0,Yes
2217,2026-05-31 16:00, SN-C03 , Zone C,,NA,null,null,N/A,0.0,0.0,On
2218,05-31-2026 04:00 PM,SN-D01,Zone D,81.2,103.0,108.4,24.0,59481.0,91.8,0.0,ON
2219,2026-05-31 16:00,sn_d02,Zone D,-999,null,null,NA,,0.0,0.0,ON
2220,31-May-2026 16:00,SN-D03,ZoneD,79.6,37.7,42.5,24.0,59481.0,92.1,0.0,1
2221,2026-05-31 20:00,SN-A01,Zone_A,76.3,33.1,35.9,39.6,696.0,25.8,0.0,OFF
2222,2026-05-31 20:00,SN-A02,Zone_A,73.0,30.6,35.9,39.6,696.0,91.5,0.0,0
2223,2026-05-31 20:00,SN-A03,ZoneA,74.7,31.7,35.9,39.6,696.0,80.8,0.0,No
2224,2026/05/31T20:00:00,SN-B01,ZoneB,68.8,30.8,35.7,39.3,257.0,19.8,0.0,OFF
2225,05-31-2026 08:00 PM,SN-B02,Zone B,69.8,32.7,35.7,39.3,257.0,21.2,0.0,OFF
2226,31/05/2026 20:00,SN-B03,Zone B,68.8,30.5,35.7,39.3,257.0,LOW,0.0,No
2227,31-May-2026 20:00,sn_c01,Zone C,44.0,31.7,33.9,,611.0,81.2,0.0,NA
2228,2026/05/31T20:00:00,SN-C02,Zone_C,40.1,31.5,33.9,41.8,611.0,0.0,0.0,OFF
2229,05-31-2026 08:00 PM,SN-C03,Zone C,null,NA,-999,-999,,0.0,0.0,FALSE
2230,,SN-D01,zone_d,78.6,86.8,94.5,46.3,788.0,90.6,0.0,0
2231,2026/05/31T20:00:00,SN-D02,Zone D,78.9,87.5,94.5,46.3,788.0,0.0,0.0,0
2232,2026-05-31 20:00,SN-D03,Zone D,80.1,30.9,34.7,46.3,788.0,91.0,0.0,FALSE
1657,24-May-2026 00:00,SN-A01,Zone A,71.1,23.2,28.3,59.5,0.0,75.8,0.0,OFF
1413,05-20-2026 12:00 PM,SN-C03,Zone C,43.4,41.0,43.3,25.9,90627.0,66.4,0.0,0
481,07/05/2026 16:00,SNA01,Zone A,90.2,35.2,38.1,31.8,64677.0,56.8,6.0,On
618,05-09-2026 12:00 PM,SN-B03,Zone B,70.5,38.7,42.1,19.3,90162.0,44.8,0.0,No
1076,2026-05-15 20:00,SN-C02,Zone C,37.7,26.9,32.3,44.0,0.0,5.9,0.0,0
1104,05-16-2026 04:00 AM,SN-D03,zone_d,82.9,22.8,27.2,58.7,0.0,90.5,0.0,ON
219,04/05/2026 00:00,SN-A03,Zone A,70.3%,26.1,30.2,56.7,29.0,80.4,0.0,0
409,06-May-2026 16:00,SN-A01,Zone A,75.2,37.6,42.5,33.8,55038.0,63.0,0.0,TRUE
1783,,SN-C01,Zone C,60.7,34.6,41.5,36.5,61194.0,31.0,8.7,On
135,2026-05-02 20:00,SN-A03,Zone_A,73.2,30.7,35.0,47.1,61.0,87.5,0.0,0
2219,2026-05-31 16:00,sn_d02,Zone D,-999,null,null,NA,,0.0,0.0,ON
1786,2026-05-25 16:00, SN-D01 ,Zone D,92.1,102.4,107.6,35.5,-500,36.6,-999,TRUE
1620,2026-05-23 08:00,sn-d03,Zone D,79.6%,30.5,34.8,45.9,NA,44.8,0.0,OFF
1024,15-May-2026 04:00,SN-B01,ZoneB,N/A,N/A,-999,null,N/A,12.5,null,ON
1079,15-May-2026 20:00,SN-D02,Zone D,81.0,87.5,96.0,42.2,815.0,92.2,0.0,0
1450,2026/05/21T00:00:00,SN-D01,Zone D,79.9,70.2,81.3,55.5,0.0,65.9,0.0,0
1629,05-23-2026 12:00 PM,SN-C03,zone_c,43.2,35.3,40.6,21.9,N/A,45.8,0.0,No
411,2026-05-06 16:00,SN-A03,Zone A,78.8,37.9,42.5,33.8,55038.0,64.2,0.0,On
1763,2026-05-25 08:00,SN-D02,Zone D,93.0,81.4,91.2,63.4,25585.0,32.3,7.5,OFF
2111,30-May-2026 04:00,SN-D02,Zone D,84.6,77.1,83.1,68.2,0.0,1.1,0.0,Yes
304,2026/05/05T04:00:00,SN-B01,Zone B,68.3,23.7,27.3,68.4,0.0,72.7,0.0,TRUE
555,05-08-2026 04:00 PM,SN-A03,ZoneA,77.5,38.8,42.2,21.8,67266.0,51.9,0.0,Yes
57,05-01-2026 04:00 PM,SN-C03,Zone C,105,36.8,40.7,32.4,64393.0,94.8,0.0,Yes
515,08/05/2026 00:00,SN-D02,Zone D,97.0,,83.7,56.8,0.0,56.9,0.0,FALSE
71,2026-05-01 20:00,sn_d02,ZoneD,75.7,85.3,93.9,33.1,977.0,94.3,0.0,No
1162,17/05/2026 00:00,SN-D01, Zone D,75.5,81.2,85.5,58.5,626.0,91.1,0.0,-999
1938,27-May-2026 20:00,SN-B03,Zone B,68.8,31.6,34.6,38.5,,32.8,0.0,No
1112,05-16-2026 08:00 AM, SN-C02 ,Zone C,39.5,30.7,32.7,46.9,25752.0,98.0,0.0,Off
1811,2026-05-26 00:00,SN-D02,Zone D,95.2,73.9,82.0,57.6,N/A,27.9,0.0,0
355,05-May-2026 20:00,SN-C01,Zone_C,43.3%,33.1,35.3,37.7,970.0,67.0,0.0,No
180,2026-05-03 08:00,SN-D03,ZoneD,82.4,27.6,-999,43.7,32125.0,84.3,0.0,Off
695,2026-05-10 12:00,SN-D02,Zone D,80.2,96.7,107.0,28.9,93978.0,41.0,0.0,FALSE
1860,2026/05/26T16:00:00,SN-D03, Zone D,83.0%,35.7,41.0,33.7,67855.0,24.0,0.0,Yes
1562,2026/05/22T16:00:00,sn_a02,zone_a,78.1,35.8,40.4,36.0,61759.0,49.7,0.0,1
486,2026-05-07 16:00,SN-B03,Zone B,88.1,38.3,41.4,33.7,54348.0,55.9,7.5,On
681,2026-05-10 08:00,SN-C03,Zone C,120,26.3,32.5,43.8,25387.0,41.5,0.0,OFF
423,06-May-2026 20:00,sn_a03,Zone A,73.6,30.2,35.1,43.0,,63.1,0.0,OFF
436,2026/05/07T00:00:00,SN-B01,Zone_B,74.2,28.8,29.8,75.4,0.0,61.8,2.8,FALSE
2119,2026/05/30T08:00:00,SN-C01,Zone C,42.2,28.2,32.3,42.0,23763.0,90.8,0.0,FALSE
840,2026/05/12T12:00:00,SN-D03,Zone D,78.2,41.5,43.7,16.7,90934.0,26.1,0.0,No
283,2026-05-04 20:00,SN-C01,Zone C,45.0,29.7,33.8,41.7,270.0,73.5,0.0,Off
2224,2026/05/31T20:00:00,SN-B01,ZoneB,68.8,30.8,35.7,39.3,257.0,19.8,0.0,OFF
508,08/05/2026 00:00,SN-B01,Zone B,89.2,27.7,30.4,58.1,166.0,55.6,0.0,null
2158,30/05/2026 20:00, SN-D01 ,Zone_D,75.9,84.1,94.6,NA,506.0,97.1,0.0,Off
765,05-11-2026 12:00 PM,SN-C03,Zone C,38.7,39.1,41.8,24.0,107166.0,33.6,0.0,null
